{"0401F":{"r":"Z-ALT","t":"DC10"},"04021":{"r":"Z-BAV","t":"MD11"},"04022":{"r":"Z-BVT","t":"MD11"},"04025":{"r":"Z-BPL","t":"MD11"},"0412D":{"r":"Z-WPF","t":"B762"},"0415C":{"r":"Z-WPE","t":"B762"},"0801B":{"t":"J328"},"08099":{"t":"H25B"},"08114":{"t":"GLF5"},"0811B":{"t":"C680"},"08158":{"t":"GLEX"},"08188":{"t":"GLF5"},"08434":{"t":"H25B"},"08656":{"t":"C525"},"0871A":{"t":"LJ35"},"088EF":{"t":"B762"},"089EE":{"t":"BE40"},"08AD6":{"t":"E135"},"08C75":{"t":"GLEX"},"08D86":{"t":"F900"},"090D4":{"t":"GLEX"},"09391":{"t":"A119"},"0982E":{"t":"C680"},"0982F":{"t":"C510"},"098BE":{"t":"C130"},"09AA5":{"t":"H25B"},"09D1F":{"t":"FA50"},"09D93":{"t":"CL60"},"09EE1":{"t":"E135"},"0A0FF":{"t":"GLF2"},"0A14A":{"t":"E55P"},"0A182":{"t":"C750"},"0A4AB":{"t":"BE20"},"0A509":{"t":"B734"},"0A515":{"t":"B734"},"0A517":{"t":"B734"},"0A518":{"t":"B734"},"0A617":{"t":"B733"},"0A6E5":{"t":"DC86"},"0A6FE":{"t":"B734"},"0A7B6":{"t":"C25A"},"0A7BE":{"t":"H25B"},"0A7F9":{"t":"H25B"},"0A93A":{"t":"H25B"},"0AEC9":{"t":"B737"},"0AECB":{"t":"C130"},"0AECF":{"t":"C130"},"0AFB2":{"t":"B744"},"0AFC5":{"t":"B744"},"0B000":{"t":"CL60"},"0B01E":{"t":"A319"},"0B01F":{"t":"A319"},"0B021":{"t":"A319"},"0B022":{"t":"A319"},"0B023":{"t":"A319"},"0B024":{"t":"A319"},"0B025":{"t":"A319"},"0B026":{"t":"A319"},"0B027":{"t":"A319"},"0B028":{"t":"A319"},"0B037":{"t":"CL60"},"0B04A":{"t":"H25B"},"0B098":{"t":"B738"},"0B0B7":{"t":"A342"},"0B0B8":{"t":"A342"},"0B0B9":{"t":"A342"},"0B0BA":{"t":"A342"},"0B0BB":{"t":"A342"},"0B0BC":{"t":"A342"},"0B0D7":{"t":"B733"},"0B0DA":{"t":"B733"},"0B0EB":{"t":"A346"},"0B0EC":{"t":"A346"},"0B0ED":{"t":"A346"},"0B0EE":{"t":"A346"},"0B0EF":{"t":"A346"},"0B0F0":{"t":"A346"},"0B0F1":{"t":"A346"},"0B0F2":{"t":"A346"},"0B0F3":{"t":"A346"},"0B133":{"t":"B733"},"0B1EF":{"t":"A343"},"0B1F0":{"t":"A343"},"0B1F1":{"t":"A343"},"0B1F2":{"t":"A343"},"0B1F3":{"t":"A343"},"0B1F4":{"t":"A343"},"0B1F5":{"t":"A343"},"0B1F6":{"t":"A343"},"0B203":{"t":"A332"},"0B204":{"t":"A332"},"0B205":{"t":"A332"},"0B206":{"t":"A332"},"0B207":{"t":"A333"},"0B208":{"t":"A332"},"0B210":{"t":"GLEX"},"0B50D":{"t":"E135"},"0BE99":{"t":"GLEX"},"0BF9E":{"t":"DH8D"},"0C230":{"t":"GLEX"},"0C2F1":{"t":"H25B"},"0C394":{"t":"HA4T"},"0C45F":{"t":"B738"},"0C460":{"t":"B738"},"0C461":{"t":"B738"},"0C462":{"t":"B738"},"10009":{"r":"SU-GAS","t":"A306"},"1000F":{"r":"SU-GAY","t":"A306"},"10011":{"r":"SU-GBA","t":"A320"},"10012":{"r":"SU-GBB","t":"A320"},"10013":{"r":"SU-GBC","t":"A320"},"10014":{"r":"SU-GBD","t":"A320"},"10015":{"r":"SU-GBE","t":"A320"},"10016":{"r":"SU-GBF","t":"A320"},"10017":{"r":"SU-GBG","t":"A320"},"1001D":{"r":"SU-GCL","t":"A320"},"10025":{"r":"SU-GBM","t":"A342"},"10026":{"r":"SU-GBN","t":"A342"},"10027":{"r":"SU-GBO","t":"A342"},"10028":{"r":"SU-GBP","t":"B772"},"10029":{"r":"SU-GBR","t":"B772"},"1002A":{"r":"SU-GBS","t":"B772"},"1002C":{"r":"SU-GBT","t":"A321"},"1002D":{"r":"SU-GBU","t":"A321"},"1002E":{"r":"SU-GBV","t":"A321"},"1002F":{"r":"SU-GBW","t":"A321"},"10038":{"r":"SU-BDG","t":"A30B"},"10039":{"r":"SU-GAC","t":"A30B"},"1003A":{"r":"SU-KBA","t":"A320"},"1003E":{"r":"SU-BND","t":"GLF4"},"10049":{"r":"SU-EAF","t":"T204"},"1004A":{"r":"SU-EAI","t":"T204"},"10055":{"r":"SU-GBY","t":"B772"},"10056":{"r":"SU-GBX","t":"B772"},"10057":{"r":"SU-BNO","t":"GLF4"},"10060":{"r":"SU-BMZ","t":"A30B"},"1006B":{"r":"SU-AYD","t":"FA20"},"1006C":{"r":"SU-AZJ","t":"FA20"},"1006D":{"r":"SU-AXN","t":"FA20"},"1006F":{"r":"SU-BGU","t":"GLF3"},"10078":{"r":"SU-BAE","t":"C130"},"1007E":{"r":"SU-BAM","t":"C130"},"10081":{"r":"SU-BAQ","t":"C130"},"10085":{"r":"SU-BAU","t":"C130"},"10089":{"r":"SU-BEY","t":"C130"},"1008A":{"r":"SU-BKS","t":"C130"},"1008B":{"r":"SU-BKT","t":"C130"},"1008E":{"r":"SU-BPE","t":"GLF4"},"1008F":{"r":"SU-BPF","t":"GLF4"},"10090":{"r":"SU-GBZ","t":"A320"},"10091":{"r":"SU-GCA","t":"A320"},"10092":{"r":"SU-GCB","t":"A320"},"10093":{"r":"SU-GCC","t":"A320"},"10094":{"r":"SU-GCD","t":"A320"},"1009F":{"r":"SU-LBG","t":"A320"},"100A2":{"r":"SU-GCE","t":"A332"},"100A3":{"r":"SU-GCF","t":"A332"},"100A4":{"r":"SU-GCG","t":"A332"},"100A5":{"r":"SU-GCH","t":"A332"},"100A6":{"r":"SU-GCI","t":"A332"},"100A7":{"r":"SU-GCJ","t":"A332"},"100A8":{"r":"SU-GCK","t":"A332"},"100CF":{"r":"SU-EWD","t":"C680"},"100D7":{"r":"SU-BPG","t":"B738"},"100DB":{"r":"SU-GCM","t":"B738"},"100DC":{"r":"SU-GCN","t":"B738"},"100DD":{"r":"SU-GCO","t":"B738"},"100DE":{"r":"SU-GCP","t":"B738"},"100DF":{"r":"SU-GCR","t":"B738"},"100E0":{"r":"SU-GCS","t":"B738"},"100E1":{"r":"SU-LBH","t":"A320"},"100E4":{"r":"SU-BPU","t":"A320"},"100E5":{"r":"SU-BPV","t":"A320"},"100E6":{"r":"SU-BPW","t":"A320"},"100E7":{"r":"SU-BPX","t":"A320"},"100E8":{"r":"SU-ZBB","t":"BE40"},"100EA":{"r":"SU-LBI","t":"A320"},"100EB":{"r":"SU-KHM","t":"B735"},"100F2":{"r":"SU-MAN","t":"H25B"},"100F3":{"r":"SU-SMA","t":"C680"},"100F5":{"r":"SU-SMC","t":"C680"},"100F6":{"r":"SU-BPZ","t":"B738"},"100F7":{"r":"SU-BQA","t":"B738"},"100FB":{"r":"SU-BPY","t":"B752"},"100FC":{"r":"SU-LBJ","t":"A320"},"100FE":{"r":"SU-SMD","t":"C680"},"100FF":{"r":"SU-SME","t":"C680"},"10108":{"r":"SU-GCZ","t":"B738"},"10109":{"r":"SU-GDA","t":"B738"},"1010A":{"r":"SU-GDB","t":"B738"},"1010B":{"r":"SU-GDC","t":"B738"},"1010C":{"r":"SU-GDD","t":"B738"},"1010D":{"r":"SU-GDE","t":"B738"},"1010E":{"r":"SU-KBB","t":"A319"},"1010F":{"r":"SU-PBG","t":"A320"},"10112":{"r":"SU-PBH","t":"A320"},"10116":{"r":"SU-BQB","t":"A320"},"10117":{"r":"SU-BQC","t":"A320"},"1012A":{"r":"SU-GDL","t":"B773"},"1012B":{"r":"SU-GDM","t":"B77W"},"10136":{"r":"SU-KBD","t":"A320"},"10137":{"r":"SU-BRF","t":"C680"},"1013A":{"r":"SU-AAA","t":"A320"},"1013B":{"r":"SU-AAB","t":"A320"},"1013C":{"r":"SU-GDN","t":"B77W"},"1013D":{"r":"SU-GDO","t":"B77W"},"1013E":{"r":"SU-KBE","t":"A320"},"10140":{"r":"SU-NMA","t":"A320"},"10141":{"r":"SU-NMB","t":"A320"},"10143":{"r":"SU-GDS","t":"A333"},"10144":{"r":"SU-GDX","t":"B738"},"10145":{"r":"SU-GDY","t":"B738"},"10146":{"r":"SU-GDZ","t":"B738"},"10147":{"r":"SU-GEA","t":"B738"},"10148":{"r":"SU-BRG","t":"C680"},"10152":{"r":"SU-MWE","t":"B738"},"10153":{"r":"SU-GDP","t":"B77W"},"10154":{"r":"SU-GDR","t":"B77W"},"10156":{"r":"SU-AAC","t":"A320"},"10157":{"r":"SU-MWF","t":"B738"},"10159":{"r":"SU-TCC","t":"A321"},"1015C":{"r":"SU-GDT","t":"A333"},"1015D":{"r":"SU-GDU","t":"A333"},"1015E":{"r":"SU-GDV","t":"A333"},"10160":{"r":"SU-GEB","t":"B738"},"10161":{"r":"SU-GEC","t":"B738"},"10162":{"r":"SU-GED","t":"B738"},"10163":{"r":"SU-GEE","t":"B738"},"1017A":{"r":"SU-TCD","t":"A321"},"1017B":{"r":"SU-NMC","t":"A320"},"18001":{"r":"5A-DCM","t":"FA50"},"18019":{"r":"5A-DCN","t":"F900"},"1801F":{"r":"5A-DMG","t":"B738"},"18021":{"r":"5A-ONE","t":"A342"},"18024":{"r":"5A-IAY","t":"A306"},"1802B":{"r":"5A-LAA","t":"CRJ9"},"1802C":{"r":"5A-LAB","t":"CRJ9"},"1802D":{"r":"5A-LAC","t":"CRJ9"},"1802E":{"r":"5A-ONA","t":"A320"},"1802F":{"r":"5A-ONB","t":"A320"},"18030":{"r":"5A-UAA","t":"CL30"},"18032":{"r":"5A-DRK","t":"C56X"},"18034":{"r":"5A-ONC","t":"A319"},"18035":{"r":"5A-OND","t":"A319"},"18039":{"r":"5A-DRL","t":"C56X"},"1803C":{"r":"5A-UAB","t":"GL5T"},"18041":{"r":"5A-ONF","t":"A332"},"18042":{"r":"5A-ONG","t":"A332"},"18043":{"r":"5A-ONH","t":"A332"},"18045":{"r":"5A-LAD","t":"CRJ9"},"18046":{"r":"5A-LAE","t":"CRJ9"},"18047":{"r":"5A-ONI","t":"A319"},"18048":{"r":"5A-DKQ","t":"B463"},"1804E":{"r":"5A-UAC","t":"GL5T"},"18055":{"r":"5A-UAD","t":"CRJ2"},"18057":{"r":"5A-ONJ","t":"A320"},"1805C":{"r":"5A-ONK","t":"A320"},"18061":{"r":"5A-LAH","t":"A320"},"18062":{"r":"5A-LAI","t":"A320"},"18065":{"r":"5A-ONL","t":"A320"},"18066":{"r":"5A-ONM","t":"A320"},"1806A":{"r":"5A-LAJ","t":"A320"},"1806B":{"r":"5A-LAK","t":"A320"},"18072":{"r":"5A-LAL","t":"CRJ9"},"18073":{"r":"5A-LAM","t":"CRJ9"},"18074":{"r":"5A-LAN","t":"CRJ9"},"20001":{"r":"CN-RMF","t":"B734"},"20002":{"r":"CN-RMG","t":"B734"},"20004":{"r":"CN-RMV","t":"B735"},"20005":{"r":"CN-RMW","t":"B735"},"20006":{"r":"CN-RMY","t":"B735"},"20007":{"r":"CN-RMX","t":"B734"},"20009":{"r":"CN-RNB","t":"B735"},"2000A":{"r":"CN-RNA","t":"B734"},"2000D":{"r":"CN-RNC","t":"B734"},"2000E":{"r":"CN-RND","t":"B734"},"2000F":{"r":"CN-RGA","t":"B744"},"20011":{"r":"CN-RNG","t":"B735"},"20012":{"r":"CN-RNH","t":"B735"},"20017":{"r":"CN-RNJ","t":"B738"},"20018":{"r":"CN-RNK","t":"B738"},"2001B":{"r":"CN-RNL","t":"B737"},"2001C":{"r":"CN-RNM","t":"B737"},"20025":{"r":"CN-RNP","t":"B738"},"20026":{"r":"CN-RNQ","t":"B737"},"20027":{"r":"CN-RNR","t":"B737"},"20039":{"r":"CNA-OK","t":"C130"},"20042":{"r":"CN-RNS","t":"B763"},"20043":{"r":"CN-RNT","t":"B763"},"20044":{"r":"CN-RNU","t":"B738"},"20045":{"r":"CN-RNV","t":"B737"},"20046":{"r":"CN-ANO","t":"FA50"},"2004C":{"r":"CN-ANU","t":"GLF3"},"20053":{"r":"CN-RNW","t":"B738"},"20054":{"r":"CN-RNX","t":"A321"},"20055":{"r":"CN-RNY","t":"A321"},"20057":{"r":"CN-RNZ","t":"B738"},"20058":{"r":"CN-ROA","t":"B738"},"2005A":{"r":"CN-ROB","t":"B738"},"2005B":{"r":"CN-ROC","t":"B738"},"20065":{"r":"CN-ROD","t":"B737"},"20066":{"r":"CN-ROE","t":"B738"},"20067":{"r":"CN-ROF","t":"A321"},"2006B":{"r":"CN-ROG","t":"B763"},"2006E":{"r":"CN-ROJ","t":"B738"},"2006F":{"r":"CN-ROH","t":"B738"},"20072":{"r":"CN-ROL","t":"B738"},"20073":{"r":"CN-ROK","t":"B738"},"20075":{"r":"CN-ROM","t":"A321"},"20078":{"r":"CN-TLB","t":"C525"},"20079":{"r":"CN-RPA","t":"B734"},"2007A":{"r":"CN-ROP","t":"B738"},"2007B":{"r":"CN-TPH","t":"BE20"},"2007D":{"r":"CN-ROR","t":"B738"},"20086":{"r":"CN-RPE","t":"B738"},"20087":{"r":"CN-TKN","t":"FA10"},"2008A":{"r":"CN-TJL","t":"PAY3"},"2008B":{"r":"CN-ROS","t":"B738"},"2008C":{"r":"CN-TJD","t":"BE40"},"20090":{"r":"CN-ROV","t":"B733"},"20092":{"r":"CN-ROT","t":"B738"},"20093":{"r":"CN-RBS","t":"H25B"},"20095":{"r":"CN-ROU","t":"B738"},"20096":{"r":"CN-RPF","t":"B738"},"20097":{"r":"CN-NMA","t":"A320"},"20098":{"r":"CN-NMB","t":"A320"},"20099":{"r":"CN-RPG","t":"B738"},"2009E":{"r":"CN-NMC","t":"A320"},"2009F":{"r":"CN-ROW","t":"B763"},"200A1":{"r":"CN-TJE","t":"C525"},"200A6":{"r":"CN-TAD","t":"B350"},"200A8":{"r":"CN-AMJ","t":"C56X"},"200A9":{"r":"CN-IAM","t":"CL60"},"200AA":{"r":"CN-MBP","t":"E135"},"200AC":{"r":"CN-AMS","t":"GLF5"},"200AE":{"r":"CN-ROY","t":"B738"},"200AF":{"r":"CN-ROZ","t":"B738"},"200B0":{"r":"01-TA","t":"TEX2"},"200B4":{"r":"05-TE","t":"TEX2"},"200B5":{"r":"06-TF","t":"TEX2"},"200B8":{"r":"09-TI","t":"TEX2"},"200BC":{"r":"CN-BTM","t":"TEX2"},"200BD":{"r":"12-TL","t":"TEX2"},"200BF":{"r":"CN-BTN","t":"TEX2"},"200C4":{"r":"CN-BTU","t":"TEX2"},"200C5":{"r":"CN-BTT","t":"TEX2"},"200C7":{"r":"CN-BTW","t":"TEX2"},"200CC":{"r":"CN-MVI","t":"B738"},"200D2":{"r":"CN-TJS","t":"H25B"},"200D7":{"r":"CN-TMK","t":"JS31"},"200DA":{"r":"CN-NMD","t":"A320"},"200DE":{"r":"CN-SHS","t":"E190"},"200E0":{"r":"CN-MBR","t":"E55P"},"200E7":{"r":"CN-TLA","t":"C680"},"200E8":{"r":"CN-RGE","t":"B738"},"200E9":{"r":"CN-NME","t":"A320"},"200EA":{"r":"CN-RGG","t":"B738"},"200EB":{"r":"CN-RGF","t":"B738"},"200EC":{"r":"CN-RGI","t":"B738"},"200ED":{"r":"CN-RGH","t":"B738"},"200EF":{"r":"CN-RGE","t":"B738"},"200F2":{"r":"CN-COE","t":"AT76"},"200F5":{"r":"CN-COF","t":"AT76"},"200F8":{"r":"CN-RGJ","t":"B738"},"200F9":{"r":"CN-NMF","t":"A320"},"200FA":{"r":"CN-SSH","t":"E135"},"200FB":{"r":"CN-RGK","t":"B738"},"20100":{"r":"CN-COH","t":"AT76"},"20101":{"r":"CN-COG","t":"AT76"},"20104":{"r":"CN-RGM","t":"B737"},"20105":{"r":"CN-RGN","t":"B737"},"20106":{"r":"CN-CTA","t":"CL30"},"20108":{"r":"CN-NMG","t":"A320"},"2010D":{"r":"CN-NMH","t":"A320"},"20119":{"r":"CN-NMI","t":"A320"},"29121":{"r":"TS-IOO","t":"B737"},"29122":{"r":"TS-IOG","t":"B735"},"29123":{"r":"TS-IOH","t":"B735"},"29124":{"r":"TS-IOI","t":"B735"},"29125":{"r":"TS-IOJ","t":"B735"},"29126":{"r":"TS-IOK","t":"B736"},"29127":{"r":"TS-IOL","t":"B736"},"29128":{"r":"TS-IOM","t":"B736"},"29129":{"r":"TS-ION","t":"B736"},"2912A":{"r":"TS-IOP","t":"B736"},"2912B":{"r":"TS-IOQ","t":"B736"},"2912C":{"r":"TS-IOR","t":"B736"},"29202":{"r":"TS-IPA","t":"A306"},"29203":{"r":"TS-IPB","t":"A306"},"29204":{"r":"TS-IPC","t":"A306"},"292A1":{"r":"TS-IMB","t":"A320"},"292A2":{"r":"TS-IMC","t":"A320"},"292A3":{"r":"TS-IMD","t":"A320"},"292A4":{"r":"TS-IMF","t":"A320"},"292A5":{"r":"TS-IMG","t":"A320"},"292A6":{"r":"TS-IMH","t":"A320"},"292A7":{"r":"TS-IME","t":"A320"},"292A8":{"r":"TS-IMI","t":"A320"},"292A9":{"r":"TS-IML","t":"A320"},"292AA":{"r":"TS-IMM","t":"A320"},"292AB":{"r":"TS-IMN","t":"A320"},"292AC":{"r":"TS-IMP","t":"A320"},"292AD":{"r":"TS-IMR","t":"A320"},"292AE":{"r":"TS-IMS","t":"A320"},"292C1":{"r":"TS-IMJ","t":"A319"},"292C2":{"r":"TS-IMK","t":"A319"},"292C3":{"r":"TS-IMO","t":"A319"},"292C4":{"r":"TS-IMQ","t":"A319"},"2A085":{"r":"TS-IEF","t":"A319"},"2A086":{"r":"TS-IEG","t":"A319"},"2A181":{"r":"TS-IMB","t":"A320"},"2A182":{"r":"TS-IMC","t":"A320"},"2A183":{"r":"TS-IMD","t":"A320"},"2A184":{"r":"TS-IME","t":"A320"},"2A185":{"r":"TS-IMF","t":"A320"},"2A186":{"r":"TS-IMG","t":"A320"},"2A187":{"r":"TS-IMH","t":"A320"},"2A188":{"r":"TS-IMI","t":"A320"},"2A189":{"r":"TS-IMJ","t":"A319"},"2A18A":{"r":"TS-IMK","t":"A319"},"2A18B":{"r":"TS-IML","t":"A320"},"2A18C":{"r":"TS-IMM","t":"A320"},"2A18D":{"r":"TS-IMN","t":"A320"},"2A18E":{"r":"TS-IMO","t":"A319"},"2A18F":{"r":"TS-IMP","t":"A320"},"2A190":{"r":"TS-IMQ","t":"A319"},"2A191":{"r":"TS-IMR","t":"A320"},"2A192":{"r":"TS-IMS","t":"A320"},"2A193":{"r":"TS-IMT","t":"A320"},"2A194":{"r":"TS-IMU","t":"A320"},"2A195":{"r":"TS-IMV","t":"A320"},"2A1A0":{"r":"TS-INA","t":"A320"},"2A1A1":{"r":"TS-INB","t":"A320"},"2A1A2":{"r":"TS-INC","t":"A320"},"2A1A3":{"r":"TS-IND","t":"A320"},"2A1A4":{"r":"TS-INE","t":"A320"},"2A1A5":{"r":"TS-INF","t":"A320"},"2A1A7":{"r":"TS-INH","t":"A320"},"2A1A8":{"r":"TS-INI","t":"A320"},"2A1AB":{"r":"TS-INL","t":"A320"},"2A1AD":{"r":"TS-INN","t":"A320"},"2A1AE":{"r":"TS-INO","t":"A320"},"2A1AF":{"r":"TS-INP","t":"A320"},"2A1B1":{"r":"TS-INR","t":"A320"},"2A1B2":{"r":"TS-INS","t":"A320"},"2A1B5":{"r":"TS-INV","t":"CL60"},"2A1C6":{"r":"TS-IOG","t":"B735"},"2A1C7":{"r":"TS-IOH","t":"B735"},"2A1C8":{"r":"TS-IOI","t":"B735"},"2A1C9":{"r":"TS-IOJ","t":"B735"},"2A1CA":{"r":"TS-IOK","t":"B736"},"2A1CB":{"r":"TS-IOL","t":"B736"},"2A1CC":{"r":"TS-IOM","t":"B736"},"2A1CD":{"r":"TS-ION","t":"B736"},"2A1CF":{"r":"TS-IOP","t":"B736"},"2A1D0":{"r":"TS-IOQ","t":"B736"},"2A1D1":{"r":"TS-IOR","t":"B736"},"2A1E0":{"r":"TS-IPA","t":"A306"},"2A1E1":{"r":"TS-IPB","t":"A306"},"2A200":{"r":"TS-IQA","t":"A321"},"2A201":{"r":"TS-IQB","t":"A321"},"2A240":{"r":"TS-ISA","t":"CRJ9"},"2A2A1":{"r":"TS-INA","t":"A320"},"2A2A2":{"r":"TS-INB","t":"A320"},"2A2A3":{"r":"TS-INC","t":"A320"},"2A2A4":{"r":"TS-IND","t":"A320"},"2A2A5":{"r":"TS-INE","t":"A320"},"2A2A6":{"r":"TS-INF","t":"A320"},"2A2A7":{"r":"TS-INN","t":"A320"},"2A2A8":{"r":"TS-ING","t":"A320"},"2A2A9":{"r":"TS-INI","t":"A320"},"2A2AA":{"r":"TS-INP","t":"A320"},"2A2AC":{"r":"TS-IQB","t":"A321"},"2A2AD":{"r":"TS-INH","t":"A320"},"2A2AE":{"r":"TS-INL","t":"A320"},"2A2AF":{"r":"TS-INM","t":"A320"},"2A2B0":{"r":"TS-INO","t":"A320"},"2D121":{"r":"TS-IEC","t":"B733"},"2D122":{"r":"TS-IED","t":"B733"},"2D125":{"r":"TS-IEG","t":"B733"},"2D126":{"r":"TS-IEJ","t":"B733"},"2E386":{"r":"TS-IAM","t":"CL60"},"2F762":{"r":"TS-JSM","t":"F900"},"30012":{"r":"OK1","t":"GLEX"},"34002":{"r":"TJ-AAW","t":"GLF3"},"34066":{"r":"TJ-QCB","t":"B737"},"35081":{"r":"D6-CAS","t":"A320"},"38084":{"r":"TU-VAD","t":"GLF4"},"3861F":{"r":"TU-VAO","t":"B722"},"3E003":{"r":"TR-LEX","t":"F900"},"3E004":{"r":"TR-KSP","t":"GLF4"},"3E00A":{"r":"TR-KPR","t":"B772"},"3E011":{"r":"TR-AFR","t":"F900"},"3E024":{"r":"TR-LGY","t":"FA50"},"3E026":{"r":"TR-AFJ","t":"F900"},"40001":{"r":"ET-AJS","t":"B752"},"40003":{"r":"ET-AKC","t":"B752"},"40004":{"r":"ET-AKE","t":"B752"},"40005":{"r":"ET-AKF","t":"B752"},"4000A":{"r":"ET-ALC","t":"B763"},"4000B":{"r":"ET-ALH","t":"B763"},"4000E":{"r":"ET-ALJ","t":"B763"},"4000F":{"r":"ET-ALK","t":"B737"},"40012":{"r":"ET-ALL","t":"B763"},"40013":{"r":"ET-ALM","t":"B737"},"40015":{"r":"ET-ALO","t":"B763"},"40016":{"r":"ET-ALP","t":"B763"},"40018":{"r":"ET-ALU","t":"B737"},"40019":{"r":"ET-ALY","t":"B752"},"4001A":{"r":"ET-ALZ","t":"B752"},"4001B":{"r":"ET-AME","t":"B763"},"4001C":{"r":"ET-AMF","t":"B763"},"4001D":{"r":"ET-AMG","t":"B763"},"4001E":{"r":"ET-AMK","t":"B752"},"4001F":{"r":"ET-AML","t":"MD11"},"40021":{"r":"ET-AMQ","t":"B763"},"40022":{"r":"ET-AMT","t":"B752"},"40023":{"r":"ET-AMU","t":"B752"},"40025":{"r":"ET-ANB","t":"B738"},"40026":{"r":"ET-AND","t":"MD11"},"40028":{"r":"ET-AMZ","t":"B738"},"4002F":{"r":"ET-ANN","t":"B77L"},"40030":{"r":"ET-ANO","t":"B77L"},"40031":{"r":"ET-ANP","t":"B77L"},"40032":{"r":"ET-ANQ","t":"B77L"},"40033":{"r":"ET-ANR","t":"B772"},"40034":{"r":"ET-ANU","t":"B763"},"40039":{"r":"ET-ANZ","t":"B738"},"4003A":{"r":"ET-AOA","t":"B738"},"4003B":{"r":"ET-AOB","t":"B738"},"40045":{"r":"ET-AOO","t":"B788"},"40046":{"r":"ET-AOP","t":"B788"},"40047":{"r":"ET-AOQ","t":"B788"},"40048":{"r":"ET-AOR","t":"B788"},"40049":{"r":"ET-AOS","t":"B788"},"4004A":{"r":"ET-AOT","t":"B788"},"4004C":{"r":"ET-AOV","t":"B788"},"40056":{"r":"ET-APF","t":"B738"},"4005B":{"r":"ET-APK","t":"B738"},"4005C":{"r":"ET-APL","t":"B738"},"40060":{"r":"ET-APS","t":"B77L"},"40062":{"r":"ET-APU","t":"B77L"},"40065":{"r":"ET-APX","t":"B77W"},"40066":{"r":"ET-APY","t":"B77W"},"4006E":{"r":"ET-AQG","t":"B763"},"40075":{"r":"ET-AQL","t":"B77L"},"40076":{"r":"ET-AQM","t":"B738"},"40087":{"r":"ET-ARE","t":"B788"},"40088":{"r":"ET-ARF","t":"B788"},"40101":{"r":"ET-ASG","t":"B788"},"40102":{"r":"ET-ASH","t":"B788"},"4200A":{"r":"3C-EGE","t":"B737"},"428DC":{"r":"3C-LLS","t":"B77L"},"4401D":{"r":"9G-PEL","t":"DC86"},"44027":{"r":"9G-AXA","t":"DC86"},"44028":{"r":"9G-AXB","t":"DC86"},"4402F":{"r":"9G-AED","t":"DC86"},"44031":{"r":"9G-AXC","t":"DC86"},"44032":{"r":"9G-AXD","t":"DC86"},"44033":{"r":"9G-AXE","t":"DC86"},"44037":{"r":"9G-EXE","t":"F900"},"4C007":{"r":"5Y-KYW","t":"B763"},"4C029":{"r":"5Y-KQZ","t":"B763"},"4C02A":{"r":"5Y-KQY","t":"B763"},"4C02B":{"r":"5Y-KQX","t":"B763"},"4C02F":{"r":"5Y-KQU","t":"B772"},"4C036":{"r":"5Y-KQT","t":"B772"},"4C037":{"r":"5Y-KQS","t":"B772"},"4C03B":{"r":"5Y-KYD","t":"B738"},"4C041":{"r":"5Y-KYZ","t":"B772"},"4C047":{"r":"5Y-MNG","t":"C550"},"4C05F":{"r":"5Y-WHB","t":"C56X"},"4C076":{"r":"5Y-VVR","t":"DH8A"},"4C078":{"r":"5Y-VVT","t":"DH8A"},"4C098":{"r":"5Y-IHO","t":"DH8A"},"4C0B6":{"r":"5Y-BVD","t":"AT43"},"4C0D3":{"r":"5Y-KYV","t":"B763"},"4C11A":{"r":"5Y-KZD","t":"B788"},"58005":{"r":"7Q-ONE","t":"F900"},"58014":{"r":"7Q-WPB","t":"E135"},"70ED4":{"r":"6V-ONE","t":"A319"},"7400A":{"r":"S7-AHM","t":"B763"},"74020":{"r":"S7-ASY","t":"B763"},"74021":{"r":"S7-SEZ","t":"B762"},"7402E":{"r":"S7-ILF","t":"B762"},"74030":{"r":"S7-FCS","t":"B763"},"7A200":{"r":"3DC-SWZ","t":"MD87"},"7C005":{"r":"ST-PSR","t":"FA50"},"8000F":{"r":"5H-ONE","t":"GLF5"},"8002A":{"r":"5H-PMS","t":"B733"},"84002":{"r":"TT-ABD","t":"B737"},"84F00":{"r":"TT-ABC","t":"MD87"},"84FE0":{"r":"TT-ABD","t":"B737"},"84FF0":{"r":"TT-DAD","t":"DH8C"},"8CBCB":{"r":"9Q-CDC","t":"B721"},"9007A":{"r":"D2-TEF","t":"B772"},"90088":{"r":"D2-ANG","t":"GLEX"},"94003":{"r":"TY-VLT","t":"H25B"},"942A8":{"r":"TY-SAM","t":"H25B"},"9600F":{"r":"D4-CBP","t":"B752"},"98081":{"r":"J2-KBA","t":"B721"},"9A024":{"r":"C5-AAN","t":"B735"},"9C008":{"r":"XT-BFA","t":"R722"},"A0001":{"r":"7T-VJG","t":"B763"},"A0002":{"r":"7T-VJH","t":"B763"},"A0003":{"r":"7T-VJI","t":"B763"},"A0015":{"r":"7T-VHL","t":"C130"},"A0018":{"r":"7T-VJJ","t":"B738"},"A0019":{"r":"7T-VJK","t":"B738"},"A001A":{"r":"7T-VJL","t":"B738"},"A001B":{"r":"7T-VJM","t":"B738"},"A0020":{"r":"7T-VJN","t":"B738"},"A0021":{"r":"7T-VJO","t":"B738"},"A0022":{"r":"7T-VJP","t":"B738"},"A0024":{"r":"7T-VJQ","t":"B736"},"A0025":{"r":"7T-VJR","t":"B736"},"A0026":{"r":"7T-VJS","t":"B736"},"A0027":{"r":"7T-VJT","t":"B736"},"A0028":{"r":"7T-VJU","t":"B736"},"A0041":{"r":"7T-VCW","t":"H25B"},"A0044":{"r":"7T-VJV","t":"A332"},"A0045":{"r":"7T-VJW","t":"A332"},"A0046":{"r":"7T-VJX","t":"A332"},"A0047":{"r":"7T-VJY","t":"A332"},"A0048":{"r":"7T-VJZ","t":"A332"},"A0049":{"r":"7T-VKA","t":"B738"},"A004A":{"r":"7T-VKB","t":"B738"},"A004B":{"r":"7T-VKC","t":"B738"},"A0074":{"r":"7T-VKD","t":"B738"},"A0075":{"r":"7T-VKE","t":"B738"},"A0076":{"r":"7T-VKF","t":"B738"},"A0077":{"r":"7T-VKG","t":"B738"},"A0078":{"r":"7T-VKH","t":"B738"},"A0079":{"r":"7T-VKI","t":"B738"},"A007A":{"r":"7T-VKJ","t":"B738"},"A007B":{"r":"7T-VCA","t":"B738"},"A007C":{"r":"7T-VCB","t":"B738"},"A007D":{"r":"7T-VCC","t":"B738"},"A007E":{"r":"7T-VCD","t":"B738"},"A0086":{"r":"7T-VJB","t":"A332"},"A008A":{"r":"7T-VKK","t":"B738"},"A4005":{"r":"7T-VPR","t":"GLF4"},"A4006":{"r":"7T-VPS","t":"GLF4"},"A400B":{"r":"7T-VPG","t":"GLF5"},"A4014":{"r":"7T-WHP","t":"C130"},"A401A":{"r":"7T-WHE","t":"C130"},"A401E":{"r":"7T-WHB","t":"C130"},"A401F":{"r":"7T-WIA","t":"IL76"},"A4024":{"r":"7T-WIG","t":"IL76"},"A4027":{"r":"7T-WIV","t":"IL76"},"A402D":{"r":"7T-VPP","t":"A345"},"A8035":{"r":"C6-IUN","t":"H25B"},"AA004":{"r":"8P-MSD","t":"GLF5"},"AC03B":{"r":"FAC1004","t":"C130"},"AC0AF":{"r":"HK-4552","t":"A319"},"AC0B0":{"r":"HK-4553","t":"A319"},"AC0F2":{"r":"HK-4675","t":"B737"},"AC0F8":{"r":"HK-4682","t":"B737"},"AC10C":{"r":"FAC1202","t":"B762"},"B04E2":{"r":"CU-T1250","t":"IL96"},"B04E3":{"r":"CU-T1251","t":"IL96"},"BC000":{"r":"J8-JET","t":"C25B"},"C201B":{"r":"HP-1529CMP","t":"B738"},"C202C":{"r":"HP-1533CMP","t":"B738"},"C203A":{"r":"HP-1534CMP","t":"B737"},"C203B":{"r":"HP-1535CMP","t":"B737"},"C2045":{"r":"HP-1536CMP","t":"B738"},"C2046":{"r":"HP-1537CMP","t":"B738"},"C2047":{"r":"HP-1538CMP","t":"B738"},"C204C":{"r":"HP-1539CMP","t":"B738"},"C204E":{"r":"HP-1A","t":"E135"},"C204F":{"r":"HP-1711CMP","t":"B738"},"C2050":{"r":"HP-1712CMP","t":"B738"},"C2051":{"r":"HP-1713CMP","t":"B738"},"C2052":{"r":"HP-1714CMP","t":"B738"},"C2059":{"r":"HP-1715CMP","t":"B738"},"C205B":{"r":"HP-1716CMP","t":"B738"},"C205C":{"r":"HP-1717CMP","t":"B738"},"C205D":{"r":"HP-1718CMP","t":"B738"},"C205E":{"r":"HP-1719CMP","t":"B738"},"C205F":{"r":"HP-1720CMP","t":"B738"},"C2061":{"r":"HP-1722CMP","t":"B738"},"C2063":{"r":"HP-1723CMP","t":"B738"},"C2064":{"r":"HP-1724CMP","t":"B738"},"C2065":{"r":"HP-1725CMP","t":"B738"},"C2068":{"r":"HP-1726CMP","t":"B738"},"C2069":{"r":"HP-1727CMP","t":"B738"},"C206A":{"r":"HP-1728CMP","t":"B738"},"C206B":{"r":"HP-1729CMP","t":"B738"},"C206C":{"r":"HP-1730CMP","t":"B738"},"C2070":{"r":"HP-1721CMP","t":"B738"},"C2073":{"r":"HP-1821CMP","t":"B738"},"C2074":{"r":"HP-1822CMP","t":"B738"},"C2075":{"r":"HP-1823CMP","t":"B738"},"C602A":{"r":"9Y-TJR","t":"B738"},"C602B":{"r":"9Y-TJS","t":"B738"},"C602C":{"r":"9Y-JMA","t":"B738"},"C602D":{"r":"9Y-JMB","t":"B738"},"C602E":{"r":"9Y-JMD","t":"B738"},"C602F":{"r":"9Y-SXM","t":"B738"},"C6030":{"r":"9Y-JME","t":"B738"},"C6031":{"r":"9Y-JMC","t":"B738"},"C6032":{"r":"9Y-JMF","t":"B738"},"C6034":{"r":"9Y-MBJ","t":"B738"},"C603C":{"r":"9Y-LGW","t":"B763"},"C603D":{"r":"9Y-LHR","t":"B763"},"C8002":{"r":"PZ-TCM","t":"B743"},"C8007":{"r":"PZ-TCP","t":"A343"},"D001B":{"r":"XC-UJM","t":"B752"},"D0020":{"r":"XA-JBC","t":"B762"},"D0022":{"r":"XA-JOY","t":"B738"},"D0031":{"r":"XA-VOF","t":"A319"},"D0058":{"r":"XA-VOJ","t":"A319"},"D0085":{"r":"XA-MAR","t":"FA7X"},"D0087":{"r":"XA-PRR","t":"FA50"},"D00A1":{"r":"XA-VTO","t":"F900"},"D00B5":{"r":"XA-MAR","t":"FA7X"},"D00CB":{"r":"XA-CMM","t":"F2TH"},"D0110":{"r":"XA-AHM","t":"GLF2"},"D0115":{"r":"XA-TZF","t":"CL60"},"D0134":{"r":"XA-JZL","t":"CL60"},"D013B":{"r":"XA-CPQ","t":"GLF5"},"D014E":{"r":"XA-GNI","t":"F2TH"},"D0152":{"r":"XA-APB","t":"B763"},"D0153":{"r":"XA-BEG","t":"F900"},"D0160":{"r":"XA-OEM","t":"GLF5"},"D0162":{"r":"XA-BAL","t":"GLF5"},"D0163":{"r":"XA-TOJ","t":"B762"},"D0167":{"r":"XA-APE","t":"F900"},"D0185":{"r":"XA-FMX","t":"C750"},"D01BC":{"r":"XA-MAV","t":"F2TH"},"D01DC":{"r":"XA-EAJ","t":"GLF5"},"D01DE":{"r":"XA-FLY","t":"LJ60"},"D0201":{"r":"XA-MKI","t":"GLF5"},"D022E":{"r":"XA-EYA","t":"GLF4"},"D0250":{"r":"XA-MDK","t":"GALX"},"D0257":{"r":"XA-VER","t":"GLF4"},"D025B":{"r":"XA-OVR","t":"GLEX"},"D0263":{"r":"XA-RGB","t":"F900"},"D0282":{"r":"XA-OAM","t":"B762"},"D02F1":{"r":"XA-ATL","t":"GLF5"},"D031B":{"r":"XA-MYN","t":"CL60"},"D031D":{"r":"XA-TAB","t":"FA50"},"D035F":{"r":"XA-ASI","t":"GLF4"},"D0368":{"r":"XA-RYR","t":"GLF4"},"D036D":{"r":"XA-FRD","t":"CL30"},"D036F":{"r":"XA-VOL","t":"A319"},"D0374":{"r":"XA-LFA","t":"F2TH"},"D0377":{"r":"XA-AEX","t":"GLF4"},"D0387":{"r":"XA-GPR","t":"CL30"},"D038D":{"r":"XA-VOA","t":"A319"},"D039A":{"r":"XA-GMV","t":"B737"},"D039C":{"r":"XA-AGM","t":"B737"},"D03A9":{"r":"XA-SAD","t":"CL60"},"D03C3":{"r":"XA-BVG","t":"GLF4"},"D0418":{"r":"XA-VTA","t":"A320"},"D0420":{"r":"XA-PTR","t":"CL60"},"D042B":{"r":"XA-VOK","t":"A319"},"D0437":{"r":"XA-CHR","t":"GLF5"},"D0439":{"r":"XA-LLA","t":"CL30"},"D0458":{"r":"XA-JCV","t":"A320"},"D045A":{"r":"XA-APE","t":"F900"},"D0493":{"r":"XA-CXW","t":"FA7X"},"D049B":{"r":"XA-ADR","t":"G150"},"D04B7":{"r":"XA-MXN","t":"B762"},"D04B8":{"r":"XA-MXO","t":"B762"},"D04B9":{"r":"XA-ABC","t":"A320"},"D04BC":{"r":"XA-MXP","t":"A332"},"D04BD":{"r":"XA-MXQ","t":"A332"},"D04BF":{"r":"XA-MAT","t":"B763"},"D04C2":{"r":"XC-LMF","t":"GLF4"},"D04C3":{"r":"XA-AZT","t":"GLF5"},"D04E6":{"r":"XA-JBT","t":"H25B"},"D0507":{"r":"XA-SKY","t":"GLF4"},"D0514":{"r":"XA-AYJ","t":"E190"},"D054F":{"r":"XA-BUA","t":"GLEX"},"D055C":{"r":"XA-SAA","t":"LJ45"},"D055F":{"r":"XA-AVZ","t":"GLF4"},"D056C":{"r":"XA-ALC","t":"GLF5"},"D056F":{"r":"XA-DAK","t":"H25B"},"D0576":{"r":"XA-LAA"},"D0582":{"r":"XA-PIL","t":"GLEX"},"D058A":{"r":"XA-BLZ","t":"GLF4"},"D059D":{"r":"XA-EAJ","t":"GLF5"},"D05C1":{"r":"XA-VOQ","t":"A319"},"D05C4":{"r":"XA-FEM","t":"GLF5"},"D05C7":{"r":"XA-RET","t":"GLF5"},"D05D5":{"r":"XA-SKY","t":"GLF5"},"D05E2":{"r":"XA-SOB","t":"A320"},"D05E3":{"r":"XA-CHE","t":"GLF4"},"D05FC":{"r":"XA-LPK","t":"C25C"},"D0600":{"r":"XA-FOG","t":"A320"},"D0619":{"r":"XA-VIL","t":"B733"},"D0621":{"r":"XA-FRJ","t":"B762"},"D0631":{"r":"XA-VOW","t":"A320"},"D0633":{"r":"XA-ECO","t":"A320"},"D063C":{"r":"XA-HOF","t":"C25C"},"D0649":{"r":"XA-BIO","t":"A320"},"D0682":{"r":"XA-MTO","t":"A320"},"D0683":{"r":"XA-YES","t":"A320"},"D0697":{"r":"XA-UQG","t":"C25C"},"D0698":{"r":"XA-BEG","t":"F900"},"D069E":{"r":"XA-LOB","t":"E55P"},"D06E3":{"r":"XA-PTR","t":"CL30"},"D06EB":{"r":"XA-JCG","t":"CL60"},"D06F4":{"r":"XA-VCT","t":"A320"},"D0707":{"r":"XA-AMA","t":"B738"},"D070A":{"r":"XA-JAV","t":"A320"},"D070B":{"r":"XA-WOW","t":"GLF5"},"D071C":{"r":"XA-EZI","t":"CL30"},"D0771":{"r":"XA-AME","t":"B738"},"D0772":{"r":"XA-BAL","t":"GLF6"},"D0773":{"r":"XA-ZTK","t":"GLF5"},"D0776":{"r":"XA-JMA","t":"A320"},"D0798":{"r":"XA-KAR","t":"F2TH"},"D07AA":{"r":"XA-KUO","t":"GLF5"},"D07E7":{"r":"XA-MPS","t":"GLF5"},"D085C":{"r":"XA-AMX","t":"B788"},"D085D":{"r":"XA-AMR","t":"B788"},"D0DC9":{"r":"XA-JFE","t":"CL60"},"D8035":{"r":"YV-455CP","t":"FA50"},"D809F":{"r":"YV2040","t":"F900"},"D80A2":{"r":"YV2053","t":"F900"},"D80E9":{"r":"YV2485","t":"F900"},"D80EC":{"r":"YV2486","t":"F900"},"D8167":{"r":"YV2726","t":"F900"},"children":["06"]}