{"02A28":{"r":"21512","t":"BER2"},"17AED":{"r":"RA-97005","t":"SU95"},"40AF1":{"t":"H25B"},"40AF2":{"t":"H25B"},"40AF3":{"t":"H25B"},"40AF4":{"t":"H25B"},"40AF6":{"t":"H25B"},"40AF8":{"t":"H25B"},"42328":{"t":"F900"},"42329":{"t":"F900"},"4232B":{"t":"F900"},"42330":{"t":"F900"},"42B11":{"t":"AN12"},"42C2D":{"t":"AN12"},"42FA3":{"t":"AN12"},"432BC":{"t":"AN12"},"4661E":{"t":"AN26"},"4A55A":{"t":"YK42"},"4A567":{"t":"YK42"},"4A571":{"t":"YK42"},"4A580":{"t":"YK42"},"4A591":{"t":"YK42"},"4A593":{"t":"YK42"},"4A594":{"t":"YK42"},"4A5AB":{"t":"YK42"},"4A5AC":{"t":"YK42"},"4A5B2":{"t":"YK42"},"4A5B8":{"t":"YK42"},"4A5B9":{"t":"YK42"},"4A5C0":{"t":"YK42"},"4A5C9":{"t":"YK42"},"4A5CA":{"t":"YK42"},"4A5CE":{"t":"YK42"},"4F105":{"t":"A148"},"4F106":{"t":"A148"},"4F107":{"t":"A148"},"4F108":{"t":"A148"},"4F109":{"t":"A148"},"4F10A":{"t":"A148"},"4F10D":{"t":"A148"},"4F10E":{"t":"A148"},"4FA0A":{"t":"T204"},"4FA11":{"t":"T204"},"4FA12":{"t":"T204"},"4FA13":{"t":"T204"},"4FA14":{"t":"T204"},"4FA15":{"t":"T204"},"4FA18":{"t":"T204"},"4FA20":{"t":"T204"},"4FA26":{"t":"T204"},"4FA27":{"t":"T204"},"4FA28":{"t":"T204"},"4FA2B":{"t":"T204"},"4FA2C":{"t":"T204"},"4FA2D":{"t":"T204"},"4FA2E":{"t":"T204"},"4FA2F":{"t":"T204"},"4FA31":{"t":"T204"},"4FA32":{"t":"T204"},"4FA39":{"t":"T204"},"4FA3A":{"t":"T204"},"4FBF8":{"t":"T204"},"4FBFD":{"t":"T204"},"4FC03":{"t":"T204"},"4FC04":{"t":"T204"},"4FC05":{"t":"T204"},"4FC06":{"t":"T204"},"4FC08":{"t":"T204"},"4FC09":{"t":"T204"},"4FC0A":{"t":"T204"},"4FC25":{"t":"T204"},"50690":{"t":"CL60"},"50691":{"t":"CL30"},"50692":{"t":"CRJ2"},"50693":{"t":"CRJ2"},"50694":{"t":"CRJ2"},"50695":{"t":"CL30"},"50696":{"t":"CL60"},"50697":{"t":"CL30"},"51D28":{"t":"B737"},"51D2C":{"t":"B737"},"51D30":{"t":"B752"},"51D31":{"t":"B752"},"51D32":{"t":"B752"},"51D33":{"t":"B752"},"51D34":{"t":"B752"},"51D36":{"t":"B752"},"51D37":{"t":"B752"},"51D38":{"t":"B752"},"51D39":{"t":"B752"},"51D3A":{"t":"B752"},"51D41":{"t":"A319"},"51D42":{"t":"A319"},"52A4A":{"t":"IL76"},"52A4B":{"t":"IL76"},"52A52":{"t":"IL76"},"52A62":{"t":"IL76"},"52A8D":{"t":"IL76"},"52AD7":{"t":"IL76"},"52ADF":{"t":"IL76"},"52BEF":{"t":"IL76"},"52C28":{"t":"IL76"},"52C29":{"t":"IL76"},"52C96":{"t":"IL76"},"52C97":{"t":"IL76"},"52C98":{"t":"IL76"},"533AD":{"t":"IL76"},"5405E":{"t":"A124"},"54077":{"t":"A124"},"54078":{"t":"A124"},"5407A":{"t":"A124"},"5407B":{"t":"A124"},"5407C":{"t":"A124"},"5407D":{"t":"A124"},"5407E":{"t":"A124"},"5407F":{"t":"A124"},"54094":{"t":"A124"},"5409A":{"t":"A124"},"5409B":{"t":"A124"},"5409D":{"t":"A124"},"5409E":{"t":"A124"},"5409F":{"t":"A124"},"540A0":{"t":"A124"},"540A1":{"t":"A124"},"54C15":{"t":"T154"},"54C18":{"t":"T154"},"54C1A":{"t":"T154"},"54C31":{"t":"T154"},"54CA3":{"t":"T154"},"54E7D":{"t":"T154"},"54E96":{"t":"T154"},"54E9B":{"t":"T154"},"54EAB":{"t":"T154"},"54EB6":{"t":"T154"},"54EE0":{"t":"T154"},"54F16":{"t":"T154"},"54F53":{"t":"T154"},"551C2":{"t":"IL62"},"551C4":{"t":"IL62"},"5521F":{"t":"IL62"},"55221":{"t":"IL62"},"5522A":{"t":"IL62"},"5522C":{"t":"IL62"},"55BA9":{"t":"SU95"},"55BAA":{"t":"SU95"},"55BAB":{"t":"SU95"},"55BAC":{"t":"SU95"},"55BAD":{"t":"SU95"},"55BAE":{"t":"SU95"},"55BAF":{"t":"SU95"},"55BB0":{"t":"SU95"},"55BB1":{"t":"SU95"},"55BB2":{"t":"SU95"},"57705":{"t":"IL96"},"57707":{"t":"IL96"},"57708":{"t":"IL96"},"5770A":{"t":"IL96"},"5770B":{"t":"IL96"},"5770F":{"t":"IL96"},"57710":{"t":"IL96"},"57712":{"t":"IL96"},"57714":{"r":"CU-T1254","t":"IL96"},"57765":{"t":"IL96"},"57766":{"t":"IL96"},"57767":{"t":"IL96"}}