{"1FF13":{"r":"I-PDVD","t":"P06T"},"3FE77":{"r":"MM62228","t":"B762"},"3FE7A":{"r":"MM62226","t":"B762"},"3FE7D":{"r":"MM62227","t":"B762"},"3FE92":{"r":"MM62229","t":"B762"},"3FE9C":{"r":"MM62159","t":"P180"},"3FEC8":{"r":"MM62169","t":"P180"},"3FF10":{"r":"MM62250","t":"C27J"},"3FF15":{"r":"MM55072","t":"M339"},"3FFAD":{"r":"MM62245","t":"F900"},"3FFAE":{"r":"MM62244","t":"F900"},"3FFAF":{"r":"MM62243","t":"A319"},"3FFB4":{"r":"MM62223","t":"C27J"},"3FFB7":{"r":"MM62220","t":"C27J"},"3FFB8":{"r":"MM62219","t":"C27J"},"3FFBA":{"r":"MM62211","t":"P180"},"3FFBB":{"r":"MM62212","t":"P180"},"3FFBC":{"r":"MM62218","t":"C27J"},"3FFBF":{"r":"MM62214","t":"C27J"},"3FFC0":{"r":"MM62210","t":"F900"},"3FFC1":{"r":"MM62209","t":"A319"},"3FFD1":{"r":"MM62207","t":"P180"},"3FFD2":{"r":"MM62206","t":"P180"},"3FFD3":{"r":"MM62205","t":"P180"},"3FFD4":{"r":"MM62204","t":"P180"},"3FFD5":{"r":"MM62203","t":"P180"},"3FFD6":{"r":"MM62202","t":"P180"},"3FFD8":{"r":"MM62201","t":"P180"},"3FFD9":{"r":"MM62200","t":"P180"},"3FFDA":{"r":"MM62199","t":"P180"},"3FFDB":{"r":"CSX62127","t":"G222"},"3FFE0":{"r":"MM62196","t":"C30J"},"3FFE1":{"r":"MM62195","t":"C30J"},"3FFE3":{"r":"MM62193","t":"C30J"},"3FFE5":{"r":"MM62191","t":"C30J"},"3FFE6":{"r":"MM62190","t":"C30J"},"3FFE7":{"r":"MM62189","t":"C30J"},"3FFE8":{"r":"MM62188","t":"C30J"},"3FFE9":{"r":"MM62187","t":"C30J"},"3FFEA":{"r":"MM62186","t":"C30J"},"3FFEB":{"r":"MM62185","t":"C30J"},"3FFEC":{"r":"MM62184","t":"C30J"},"3FFED":{"r":"MM62183","t":"C30J"},"3FFEE":{"r":"MM62182","t":"C30J"},"3FFEF":{"r":"MM62181","t":"C30J"},"3FFF5":{"r":"MM62175","t":"C30J"},"3FFF9":{"r":"MM62174","t":"A319"},"3FFFA":{"r":"MM62172","t":"F900"},"3FFFB":{"r":"MM62029","t":"FA50"},"3FFFE":{"r":"MM62026","t":"FA50"},"3FFFF":{"r":"MM62171","t":"F900"},"53507":{"r":"T.18-1","t":"F900"},"53508":{"r":"T.18-2","t":"F900"},"53509":{"r":"T.18-3","t":"F900"},"5350A":{"r":"T.184","t":"F900"},"5350B":{"r":"T.18-5","t":"F900"},"54555":{"r":"T.22-1","t":"A310"},"54556":{"r":"T.22-2","t":"A310"},"55315":{"r":"TR.20-02","t":"C560"},"8003A":{"r":"F-WWAS","t":"A388"},"8005A":{"r":"F-WWBA","t":"A320"},"8007A":{"r":"F-WWCA","t":"A346"},"8019A":{"r":"F-WWIA","t":"A320"},"801BA":{"r":"F-WWIB","t":"A320"},"801DA":{"r":"F-WWIC","t":"A320"},"801FA":{"r":"F-WWID","t":"A320"},"8021A":{"r":"F-WWKG"},"8025B":{"r":"2","t":"F900"},"803BA":{"r":"F-WWKU"},"806FA":{"r":"F-WWJV","t":"F2TH"},"8073A":{"r":"F-WWJY","t":"F2TH"},"807BA":{"r":"F-WWAB","t":"A388"},"8083A":{"r":"F-WWAG","t":"A388"},"8087A":{"r":"F-WWAJ","t":"A388"},"808BA":{"r":"F-WWAL","t":"A388"},"8091A":{"r":"F-WWAO","t":"A388"},"8097A":{"r":"F-WWAR","t":"A388"},"80ADA":{"r":"F-WWCF","t":"A359"},"80D1B":{"r":"4","t":"F900"},"80D3B":{"r":"F-RADC","t":"A310"},"80D5A":{"r":"F-WWBB","t":"A320"},"80D7A":{"r":"F-WWBC","t":"A320"},"80DDA":{"r":"F-WWBG","t":"A320"},"80E1A":{"r":"F-WWBI","t":"A320"},"80E3A":{"r":"F-WWBJ","t":"A320"},"80E5A":{"r":"F-WWBK","t":"A320"},"80E7A":{"r":"F-WWBM","t":"A320"},"80E9A":{"r":"F-WWBN","t":"A320"},"80EDA":{"r":"F-WWBP","t":"A320"},"80F1A":{"r":"F-WWBR","t":"A320"},"80F3A":{"r":"F-WWBS","t":"A320"},"80F5A":{"r":"F-WWBT","t":"A320"},"80FDA":{"r":"F-WWBY","t":"A320"},"8103A":{"r":"F-WWDC","t":"A320"},"8105A":{"r":"F-WWDD","t":"A388"},"8109A":{"r":"F-WWDF","t":"A320"},"810BA":{"r":"F-WWDG","t":"A320"},"8111A":{"r":"F-WWDJ","t":"A320"},"8115A":{"r":"F-WWDL","t":"A320"},"8117A":{"r":"F-WWDM","t":"A320"},"811DA":{"r":"F-WWDP","t":"A320"},"811FA":{"r":"F-WWDQ","t":"A320"},"8121A":{"r":"F-WWDR","t":"A320"},"8125A":{"r":"F-WWDT","t":"A320"},"8127A":{"r":"F-WWDU","t":"A320"},"812BA":{"r":"F-WWDX","t":"A320"},"812DA":{"r":"F-WWDY","t":"A320"},"812FA":{"r":"F-WWDZ","t":"A320"},"8131A":{"r":"F-WWIE","t":"A320"},"8133A":{"r":"F-WWIF","t":"A320"},"8135A":{"r":"F-WWIG","t":"A320"},"8139A":{"r":"F-WWII","t":"A320"},"813BA":{"r":"F-WWIJ","t":"A320"},"813DA":{"r":"F-WWIK","t":"A320"},"813FA":{"r":"F-WWIL","t":"A320"},"8141A":{"r":"F-WWIM","t":"A320"},"8145A":{"r":"F-WWIO","t":"A320"},"8147A":{"r":"F-WWIP","t":"A320"},"8149A":{"r":"F-WWIQ","t":"A320"},"814FA":{"r":"F-WWIT","t":"A320"},"8153A":{"r":"F-WWIV","t":"A320"},"8155A":{"r":"F-WWIX","t":"A320"},"8157A":{"r":"F-WWIY","t":"A320"},"8159A":{"r":"F-WWIZ","t":"A320"},"815BA":{"r":"F-WWBE","t":"A320"},"816BA":{"r":"F-WWEG","t":"AT72"},"8175A":{"r":"F-WWEL","t":"AT72"},"8179A":{"r":"F-WWEN","t":"AT72"},"817BA":{"r":"F-WWEO","t":"AT75"},"818FA":{"r":"F-WWEY","t":"AT72"},"81B5A":{"r":"F-WWLS","t":"AT45"},"81BBB":{"r":"F-RAFJ","t":"FA50"},"81C3B":{"r":"F-RAFK","t":"FA50"},"81C7A":{"r":"F-WWHB","t":"FA7X"},"81C9A":{"r":"F-WWHC","t":"FA7X"},"81CDA":{"r":"F-WWHE","t":"FA7X"},"81CFA":{"r":"F-WWHF","t":"FA7X"},"81D5A":{"r":"F-WWHH","t":"FA50"},"81E3B":{"r":"F-RAFL","t":"FA50"},"81E5A":{"r":"F-WWHR","t":"FA7X"},"81E7B":{"r":"F-RAFI","t":"FA50"},"81EBA":{"r":"F-WWHU","t":"FA7X"},"81F9A":{"r":"F-WWFB","t":"F900"},"81FDA":{"r":"F-WWFD","t":"F900"},"81FFB":{"r":"F-WXEY","t":"F2TH"},"8205A":{"r":"F-WWFH","t":"F900"},"820BA":{"r":"F-WWFK","t":"F900"},"8215A":{"r":"F-WWMA","t":"F2TH"},"821BA":{"r":"F-WWMD","t":"F2TH"},"821DA":{"r":"F-WWME","t":"F2TH"},"8221A":{"r":"F-WWMG"},"8249A":{"r":"F-WWVA","t":"F900"},"824DA":{"r":"F-WWVC","t":"F900"},"825FA":{"r":"F-WWVL","t":"FA7X"},"8261A":{"r":"F-WWVM","t":"FA7X"},"8277A":{"r":"F-WWVX","t":"FA7X"},"8283A":{"r":"F-WWYD","t":"A333"},"8291A":{"r":"F-WWYJ","t":"A333"},"829FA":{"r":"F-WWYQ"},"829FB":{"r":"F-WFBW","t":"FA7X"},"82A1A":{"r":"F-WWYR","t":"A333"},"82A9A":{"r":"F-WWYV","t":"A333"},"82ABA":{"r":"F-WWYX"},"82AFA":{"r":"F-WWYZ"},"82B9A":{"r":"F-WWSR","t":"A388"},"82EFA":{"r":"F-WWPB","t":"EC75"},"8397A":{"r":"F-WWGN","t":"F2TH"},"839BA":{"r":"F-WWGP","t":"F2TH"},"839FA":{"r":"F-WWGR","t":"F2TH"},"83AFA":{"r":"F-WWGZ","t":"F2TH"},"83D02":{"r":"F-BPIC","t":"PA30"},"83E7A":{"r":"F-WWOW","t":"A388"},"83E9A":{"r":"F-WWSQ","t":"A388"},"8415A":{"r":"F-WWUA","t":"FA7X"},"843DA":{"r":"F-WWUS","t":"FA7X"},"845BA":{"r":"F-WWZK","t":"FA7X"},"8465A":{"r":"F-WWZP","t":"FA7X"},"8467A":{"r":"F-WWZQ","t":"FA7X"},"8469A":{"r":"F-WWZR","t":"FA7X"},"846BA":{"r":"F-WWZS","t":"FA7X"},"846DA":{"r":"F-WWZT","t":"FA7X"},"846FA":{"r":"F-WWZU","t":"FA7X"},"8471A":{"r":"F-WWZV","t":"FA7X"},"8475A":{"r":"F-WWZX","t":"FA7X"},"847FA":{"r":"F-WWMT","t":"A400"},"8481A":{"r":"F-WWMS","t":"A400"},"8485A":{"r":"F-WWMZ","t":"A400"},"84880":{"r":"F-BSEA","t":"BE33"},"84C7A":{"r":"F-WWNF","t":"FA7X"},"85284":{"r":"F-BUUE","t":"PA34"},"853DB":{"r":"F-WJKG","t":"A346"},"8553B":{"r":"F-WHLV","t":"F900"},"855ED":{"r":"F-BVPN","t":"FA20"},"8587B":{"r":"F-WJXZ","t":"EC25"},"85D28":{"r":"F-BXJI","t":"DR40"},"85DF8":{"r":"F-BXPY","t":"BE9L"},"85F09":{"r":"F-BXYJ","t":"RALL"},"8691B":{"r":"F-PIMS","t":"MCR4"},"86C7B":{"r":"F-PDSL","t":"RV8"},"876DB":{"r":"F-WHUF","t":"A319"},"8777B":{"r":"F-WHUK","t":"A318"},"889FB":{"r":"F-PAEC","t":"RV7"},"8913B":{"r":"F-PACJ","t":"MCR1"},"89A9B":{"r":"F-WTBA","t":"A319"},"8AD3B":{"r":"F-WTAK","t":"A319"},"A1465":{"r":"F-OFDF","t":"A332"},"A1CD5":{"r":"F-OHGV","t":"A320"},"A1CD7":{"r":"F-OHGX","t":"A320"},"A1D34":{"r":"F-OHJU","t":"AT72"},"A1D37":{"r":"F-OHJX","t":"A319"},"A1E43":{"r":"F-OHSD","t":"A332"},"A22B4":{"r":"F-OIVU","t":"A321"},"A24C5":{"r":"F-OJGF","t":"A343"},"A24E7":{"r":"F-OJHH","t":"A310"},"A24E8":{"r":"F-OJHI","t":"A310"},"A2641":{"r":"F-OJSB","t":"A320"},"A2644":{"r":"F-OJSE","t":"A332"},"A266D":{"r":"F-OJTN","t":"A343"},"A2DD5":{"r":"F-OLOV","t":"A343"},"A2E20":{"r":"F-OLRA","t":"B77L"},"A3018":{"r":"F-OMAY","t":"B772"},"A3220":{"r":"F-OMRA","t":"A320"},"A3221":{"r":"F-OMRB","t":"A320"},"A3222":{"r":"F-OMRC","t":"A320"},"A3223":{"r":"F-OMRD","t":"A320"},"A322D":{"r":"F-OMRN","t":"A320"},"A322E":{"r":"F-OMRO","t":"A320"},"A35D4":{"r":"F-ONOU","t":"B77W"},"A39A4":{"r":"F-OONE","t":"A333"},"A4403":{"r":"F-ORAD","t":"A320"},"A4404":{"r":"F-ORAE","t":"A320"},"A4406":{"r":"F-ORAG","t":"A319"},"A4409":{"r":"F-ORAJ","t":"A319"},"A4494":{"r":"F-OREU","t":"B77W"},"A4578":{"r":"F-ORLY","t":"A333"},"A4580":{"r":"F-ORMA","t":"A332"},"A4584":{"r":"F-ORME","t":"A321"},"A4585":{"r":"F-ORMF","t":"A321"},"A4586":{"r":"F-ORMG","t":"A321"},"A4589":{"r":"F-ORMJ","t":"A321"},"A468D":{"r":"F-ORUN","t":"B772"},"A4880":{"r":"F-OSEA","t":"A343"},"A4A8D":{"r":"F-OSUN","t":"A343"},"A4B03":{"r":"F-OSYD","t":"B77W"},"AABF9":{"r":"159","t":"TBM7"},"AABFA":{"r":"156","t":"TBM7"},"AABFB":{"r":"139","t":"TBM7"},"AABFC":{"r":"136","t":"TBM7"},"AABFD":{"r":"115","t":"TBM7"},"AABFE":{"r":"99","t":"TBM7"},"AABFF":{"r":"100","t":"TBM7"},"B761B":{"r":"2235","t":"AS32"},"B76A5":{"r":"231","t":"F2TH"},"B76AE":{"r":"F-RARF","t":"A332"},"B76B3":{"r":"86","t":"FA7X"},"B770D":{"r":"F-RAFA","t":"FA7X"},"B7722":{"r":"108","t":"E121"},"B7723":{"r":"107","t":"E121"},"B7724":{"r":"105","t":"E121"},"B7725":{"r":"103","t":"E121"},"B7728":{"r":"099","t":"E121"},"B772D":{"r":"091","t":"E121"},"B772E":{"r":"090","t":"E121"},"B772F":{"r":"089","t":"E121"},"B7731":{"r":"084","t":"E121"},"B7732":{"r":"083","t":"E121"},"B7735":{"r":"078","t":"E121"},"B7739":{"r":"072","t":"E121"},"B773C":{"r":"064","t":"E121"},"B7777":{"r":"739","t":"K35R"},"B7778":{"r":"738","t":"K35R"},"B7781":{"r":"081","t":"A342"},"B7782":{"r":"F-RAJA","t":"A342"},"B7783":{"r":"R218","t":"C160"},"B7788":{"r":"R96","t":"C160"},"B778B":{"r":"R51","t":"C160"},"B7792":{"r":"R205","t":"C160"},"B77A0":{"r":"R159","t":"C160"},"B77A7":{"r":"R11","t":"C160"},"B77A9":{"r":"R224","t":"C160"},"B77AA":{"r":"R214","t":"C160"},"B77C3":{"r":"141","t":"CN35"},"B77C4":{"r":"137","t":"CN35"},"B77C5":{"r":"123","t":"CN35"},"B77C7":{"r":"128","t":"CN35"},"B77CB":{"r":"071","t":"CN35"},"B77CE":{"r":"114","t":"CN35"},"B77CF":{"r":"111","t":"CN35"},"B77D0":{"r":"045","t":"CN35"},"B77D7":{"r":"165","t":"CN35"},"B77D9":{"r":"158","t":"CN35"},"B77DA":{"r":"204","t":"E3CF"},"B77DB":{"r":"203","t":"E3CF"},"B77DC":{"r":"202","t":"E3CF"},"B77DD":{"r":"201","t":"E3CF"},"B77DE":{"r":"156","t":"CN35"},"B77DF":{"r":"152","t":"CN35"},"B77E5":{"r":"F-RAFP","t":"F900"},"B77E7":{"r":"F-RBFA","t":"A319"},"B77EB":{"r":"F-RAXS","t":"TBM7"},"B77EC":{"r":"F-RAXR","t":"TBM7"},"B77ED":{"r":"131","t":"TBM7"},"B77EE":{"r":"F-RAXP","t":"TBM7"},"B77F0":{"r":"117","t":"TBM7"},"B77F1":{"r":"F-RAXM","t":"TBM7"},"B77F2":{"r":"33","t":"TBM7"},"B77F5":{"r":"77","t":"TBM7"},"B77F6":{"r":"78","t":"TBM7"},"B77F8":{"r":"93","t":"TBM7"},"B77FA":{"r":"95"},"B77FB":{"r":"F-RADA","t":"A310"},"B77FC":{"r":"F-RADB","t":"A310"},"B77FD":{"r":"103","t":"TBM7"},"B77FE":{"r":"F-RAXJ","t":"TBM7"},"B7B86":{"r":"F-ZBMC","t":"DH8D"},"B9BAC":{"r":"85","t":"E121"},"B9BAE":{"r":"077","t":"E121"},"B9BE3":{"r":"32","t":"FA10"},"B9BE7":{"r":"101","t":"FA10"},"B9BEF":{"r":"143","t":"FA10"},"B9BF0":{"r":"129","t":"FA10"},"B9BF1":{"r":"133","t":"FA10"},"B9BFD":{"r":"7","t":"FA50"},"D0073":{"t":"C550"},"D00E0":{"t":"C680"},"D04A7":{"t":"C56X"},"D050E":{"t":"C172"},"D053C":{"t":"TRIN"},"D0553":{"t":"XA42"},"D0561":{"t":"RALL"},"D058D":{"t":"P28A"},"D059C":{"t":"M20T"},"D05ED":{"t":"P28A"},"D0602":{},"D0628":{"t":"TRIN"},"D0671":{"t":"RALL"},"D0678":{"t":"PA46"},"D067B":{"t":"P28A"},"D069D":{"t":"P28A"},"D06EE":{"t":"BE36"},"D06FA":{"t":"DO27"},"D08A4":{"t":"P46T"},"D0A0E":{"t":"P46T"},"D0A79":{"t":"SR20"},"D0AC0":{"t":"DR40"},"D0B1D":{"t":"P28A"},"D0B6F":{"t":"BE33"},"D0BED":{"t":"C210"},"D0C7A":{"t":"PICO"},"D0CC2":{"t":"PA46"},"D0D0C":{},"D0D19":{"t":"P28A"},"D0D3A":{"t":"C82R"},"D0DC7":{"t":"C172"},"D0DF9":{"t":"BE35"},"D0E49":{"t":"DR30"},"D0E84":{"t":"C172"},"D0F3F":{},"D0FB8":{"t":"P46T"},"D0FCB":{"t":"C172"},"D0FDD":{"t":"P28A"},"D1004":{"t":"P210"},"D115B":{"t":"C172"},"D1183":{"t":"R90R"},"D1188":{"t":"DA40"},"D118B":{"t":"BE33"},"D11C9":{"t":"C172"},"D1217":{"t":"PA46"},"D1259":{"t":"C172"},"D126E":{"t":"TRIN"},"D12CC":{"t":"B209"},"D12E6":{"t":"BE35"},"D1329":{"t":"DV20"},"D1380":{"t":"KL07"},"D139D":{"t":"DO27"},"D13E6":{"t":"C172"},"D1468":{"t":"S208"},"D1544":{"t":"C182"},"D1549":{"t":"AC11"},"D154C":{"t":"B209"},"D1551":{"t":"P28A"},"D1554":{"t":"PA46"},"D157E":{"t":"C182"},"D15A3":{"t":"C82R"},"D15CB":{"t":"C182"},"D163E":{"t":"TOBA"},"D16A2":{"t":"P28A"},"D1768":{"t":"M20T"},"D1793":{"t":"SR22"},"D17BF":{"t":"P28A"},"D181C":{"t":"TOBA"},"D185A":{"t":"P28A"},"D189F":{"t":"KL07"},"D18A4":{"t":"RALL"},"D190B":{"t":"C210"},"D196B":{},"D1B24":{"t":"P28A"},"D1B27":{"t":"DR10"},"D1B2C":{"t":"PA46"},"D1B58":{"t":"M20P"},"D1BB0":{"t":"P28A"},"D1C09":{"t":"BE35"},"D1C58":{"t":"BE33"},"D1C76":{"t":"P28A"},"D1EAE":{"t":"M20T"},"D1F63":{},"D1F8C":{"t":"PA46"},"D1F95":{"t":"PA46"},"D1FDC":{"t":"P28A"},"D1FEA":{"t":"P28A"},"D2044":{"t":"BE35"},"D207C":{"t":"P28A"},"D20F5":{"t":"DR40"},"D20F6":{"t":"M20P"},"D21C2":{},"D2205":{"t":"BE33"},"D224D":{"t":"C182"},"D2344":{"t":"M20P"},"D237B":{"t":"E400"},"D2390":{"t":"P28A"},"D23EC":{"t":"SR22"},"D2415":{},"D248B":{"t":"PA46"},"D24D8":{"t":"P28A"},"D24E0":{"t":"P210"},"D2561":{"t":"ULAC"},"D2581":{"t":"M20T"},"D25C4":{"t":"M20P"},"D25CB":{"t":"M20P"},"D25CD":{"t":"M20P"},"D2614":{"t":"SR22"},"D266B":{"t":"C120"},"D2743":{"t":"M20T"},"D2764":{"t":"C182"},"D28F8":{"t":"AA5"},"D2AF6":{"t":"BE33"},"D2B08":{"t":"C182"},"D2B2C":{"t":"P46T"},"D2B4F":{"t":"C182"},"D2BDC":{"t":"C172"},"D2C4C":{"t":"PA46"},"D2E5E":{"t":"PA46"},"D2EA9":{"t":"PULS"},"D31F9":{"t":"PA24"},"D322A":{"t":"PA46"},"D32BD":{"t":"C182"},"D3354":{"t":"P28R"},"D3372":{"t":"P28A"},"D33C8":{"t":"P28A"},"D33E2":{"t":"IMPX"},"D3438":{"t":"G120"},"D34A2":{"t":"M20P"},"D34CC":{"t":"PA32"},"D3502":{"t":"F260"},"D3616":{},"D371C":{"t":"P28A"},"D374A":{"t":"DR40"},"D3759":{"t":"BE33"},"D37B3":{"t":"C172"},"D3860":{},"D38C9":{"t":"E400"},"D38D9":{"t":"PA46"},"D390B":{"t":"RALL"},"D3A49":{"t":"P210"},"D3A7C":{"t":"EUPA"},"D3B40":{"t":"TAMP"},"D3C9A":{"t":"BE24"},"D3D4C":{"t":"DV20"},"D3E19":{"t":"P46T"},"D3E72":{"t":"IMPX"},"D3ED0":{"t":"DA40"},"D3ED3":{"t":"AC11"},"D3F9C":{"t":"BE33"},"D3FFF":{"t":"C182"},"D40FC":{"t":"DV20"},"D41CF":{"t":"PA46"},"D4289":{"t":"E400"},"D4364":{"t":"E200"},"D43C6":{"t":"M20P"},"D465E":{"t":"IMPX"},"D4A78":{"t":"C208"},"D4AD8":{"t":"PC12"},"D4B37":{"t":"C208"},"D4B4B":{"t":"PC12"},"D4BD7":{"t":"TBM8"},"D4C88":{},"D4D8C":{"t":"C208"},"D4DC0":{"t":"E500"},"D4EA7":{"t":"PC12"},"D4F3B":{"t":"PC12"},"D5146":{"t":"C208"},"D5203":{"t":"PC12"},"D547A":{"t":"PC12"},"D556C":{"t":"PC12"},"D568B":{"t":"PC12"},"D5753":{"t":"PC12"},"D592E":{"t":"PC12"},"D5AA6":{"t":"P750"},"D5BB0":{"t":"TBM7"},"D5E90":{"t":"TBM8"},"D5FC6":{"t":"PC12"},"D6004":{"t":"P46T"},"D602E":{"t":"TBM7"},"D63C0":{"t":"TBM7"},"D645C":{"t":"PC12"},"D6680":{"t":"P46T"},"D67CF":{"t":"C208"},"D6BAB":{"t":"PC12"},"D6F6E":{"t":"C208"},"D796C":{"t":"PA46"},"D7B49":{"t":"PC12"},"D7BA2":{"t":"TBM7"},"D7E93":{"t":"PC12"},"D8B38":{"t":"TBM7"},"D8DF8":{"t":"DA42"},"D8F2D":{"t":"PA30"},"D90B7":{"t":"DA42"},"D9172":{"t":"PA34"},"D922F":{"t":"PA34"},"D9376":{"t":"PA34"},"D964E":{"t":"PA34"},"D975D":{"t":"DA42"},"D98A2":{"t":"PA34"},"D99A9":{"t":"PA34"},"D99BD":{"t":"PA34"},"D99C2":{"t":"P68"},"D9BA6":{"t":"DA42"},"D9F43":{"t":"PA34"},"DA5D6":{"t":"PA34"},"DA747":{"t":"PA34"},"DAB06":{"t":"PA34"},"DADB0":{},"DADC9":{"t":"DA42"},"DAE2A":{"t":"PA34"},"DB4D7":{"t":"PA34"},"DB615":{"t":"PA30"},"DC4AF":{"t":"GA7"},"DCC3A":{"t":"PA34"},"DED13":{"t":"MD60"},"DF54D":{"t":"S76"},"DF90E":{"t":"UH1"},"E0031":{"t":"EC35"},"E174A":{"t":"C441"},"E174B":{"t":"E50P"},"E174C":{"t":"PAY3"},"E175E":{"t":"E50P"},"E1760":{"t":"E50P"},"E1761":{"t":"C404"},"E1762":{"t":"PAY2"},"E1766":{"t":"PAY3"},"E17AB":{"t":"C551"},"E17DC":{"t":"BE55"},"E17EA":{"t":"PRM1"},"E1804":{"t":"C525"},"E1811":{"t":"MU2"},"E1819":{"t":"C525"},"E1859":{"t":"C25A"},"E1871":{"t":"C525"},"E188E":{"t":"C25A"},"E189A":{"t":"BE20"},"E193A":{"t":"F406"},"E1949":{"t":"PRM1"},"E1972":{"t":"BE9L"},"E1985":{"t":"PAY3"},"E198A":{"t":"C425"},"E1998":{"t":"C501"},"E19C3":{"t":"PRM1"},"E19EF":{"t":"BE20"},"E19F8":{"t":"C340"},"E19FD":{"t":"BE20"},"E1A06":{"t":"C525"},"E1A18":{"t":"C25A"},"E1A33":{"t":"C25A"},"E1A80":{"t":"BE9L"},"E1B65":{"t":"C340"},"E1BC7":{"t":"BE20"},"E1BDA":{"t":"BE20"},"E1BE2":{"t":"C525"},"E1C28":{"t":"C340"},"E1C92":{"t":"C551"},"E1CAB":{"t":"C340"},"E1CC6":{"t":"F406"},"E1CFC":{"t":"C525"},"E1D10":{"t":"C525"},"E1D39":{"t":"PAY4"},"E1D4C":{"t":"BE20"},"E1DA0":{"t":"BE20"},"E1DAC":{"t":"BE60"},"E1DD2":{"t":"BE9L"},"E1DDA":{"t":"C25A"},"E1E76":{"t":"C525"},"E1E7E":{"t":"C551"},"E1EB2":{"t":"BE58"},"E1ECD":{"t":"C525"},"E1F3A":{"t":"C525"},"E1F3E":{"t":"BE9L"},"E1F46":{"t":"C525"},"E1F4B":{"t":"C425"},"E1F4D":{"t":"C525"},"E1F4E":{"t":"PRM1"},"E1F62":{},"E1F7D":{"t":"BE9L"},"E1F9C":{"t":"SW3"},"E1FA0":{"t":"AEST"},"E203C":{"t":"BE9L"},"E203F":{"t":"C414"},"E20C5":{"t":"BE10"},"E20F3":{"t":"BE20"},"E2129":{"t":"C421"},"E21DF":{},"E224D":{"t":"C510"},"E225A":{"t":"C25A"},"E225B":{"t":"BE20"},"E2269":{"t":"C340"},"E2282":{"t":"C510"},"E22F0":{"t":"C25A"},"E23DF":{"t":"C25A"},"E23FB":{"t":"C25A"},"E242F":{"t":"BE99"},"E2432":{},"E24AA":{"t":"PA31"},"E24D1":{"t":"C525"},"E24D7":{"t":"C25A"},"E24F5":{"t":"C510"},"E24FC":{"t":"C25A"},"E24FF":{"t":"BE30"},"E250A":{"t":"C414"},"E2525":{"t":"PA31"},"E253A":{"t":"BE9L"},"E255E":{"t":"C25A"},"E25A6":{"t":"D228"},"E25B2":{"t":"C25A"},"E25B6":{"t":"PRM1"},"E25BA":{"t":"PRM1"},"E25BC":{"t":"BE9L"},"E2657":{"t":"PAY3"},"E2803":{"t":"C25A"},"E285C":{"t":"C525"},"E288D":{},"E28E8":{"t":"C25A"},"E29CB":{"t":"BE9L"},"E29FA":{"t":"BE55"},"E2A2D":{"t":"C525"},"E2A87":{"t":"C25A"},"E2AA7":{"t":"B58T"},"E2ADE":{"t":"C525"},"E2AE2":{"t":"PAY3"},"E2B11":{"t":"BE9L"},"E2B7E":{"t":"C25A"},"E2B84":{"t":"BE9L"},"E2C7A":{"t":"C421"},"E2C86":{"t":"PRM1"},"E2CA0":{"t":"BE20"},"E2D30":{"t":"BE58"},"E2DA7":{"t":"PRM1"},"E2E8A":{"t":"P180"},"E301F":{"t":"C25A"},"E3078":{"t":"C25A"},"E31B7":{"t":"BE20"},"E32AC":{"t":"C25A"},"E32CC":{"t":"MU2"},"E331D":{"t":"BE20"},"E332B":{"t":"C525"},"E3460":{"t":"C25A"},"E3463":{"t":"E50P"},"E3467":{"t":"C525"},"E348C":{"t":"PA31"},"E34AD":{"t":"C25A"},"E34F0":{"t":"PA31"},"E350A":{"t":"C525"},"E350B":{"t":"C525"},"E350C":{"t":"C525"},"E350D":{"t":"C525"},"E3529":{"t":"C525"},"E3531":{"t":"BE20"},"E3558":{"t":"D228"},"E358A":{"t":"C525"},"E36FA":{"t":"C525"},"E36FE":{"t":"BE9L"},"E36FF":{"t":"C25A"},"E370F":{"t":"C25A"},"E37AA":{"t":"C25A"},"E37C4":{"t":"C340"},"E37C8":{"t":"P180"},"E3834":{"t":"C551"},"E3838":{"t":"C310"},"E383E":{"t":"AEST"},"E387F":{"t":"BE20"},"E3880":{"t":"C525"},"E393E":{"t":"SW3"},"E39AE":{"t":"BE9L"},"E39E2":{"t":"C525"},"E3A02":{"t":"EA50"},"E3A06":{"t":"BE60"},"E3A15":{"t":"C525"},"E3A30":{"t":"C525"},"E3AB8":{"t":"P180"},"E3AFB":{"t":"PA31"},"E3B09":{"t":"C25A"},"E3B7F":{"t":"BE60"},"E3C68":{"t":"C25A"},"E3D01":{"t":"C25A"},"E3D96":{"t":"PAY3"},"E3E7C":{"t":"C525"},"E3F1A":{"t":"C25A"},"E3F1E":{"t":"C425"},"E3F1F":{"t":"C25A"},"E3F2A":{"t":"C525"},"E3F9E":{"t":"E50P"},"E4024":{"t":"C525"},"E4082":{"t":"P180"},"E4109":{"t":"C25A"},"E419A":{"t":"PAY4"},"E43F5":{"t":"C525"},"E443D":{"t":"BE20"},"E450E":{"t":"BE9L"},"E4534":{"t":"C525"},"E45A3":{"t":"D228"},"E4601":{"t":"C525"},"E4641":{"t":"C510"},"E4643":{"t":"C551"},"E4679":{"t":"C525"},"E46D6":{"t":"PRM1"},"E46E1":{"t":"PRM1"},"E46E5":{"t":"C402"},"E46EC":{"t":"BE9L"},"E470B":{"t":"C25A"},"E4712":{"t":"C25A"},"E4719":{"t":"C25A"},"E4782":{"t":"C525"},"E479C":{"t":"C525"},"E47AE":{"t":"C510"},"E47B7":{"t":"BE9L"},"E47C6":{"t":"C525"},"E47C9":{"t":"C25A"},"E47EC":{"t":"C501"},"E481A":{"t":"PAY4"},"E4896":{"t":"C510"},"E48CD":{"t":"E50P"},"E48D1":{"t":"BE9L"},"E48E5":{"t":"C25A"},"E490C":{"t":"C525"},"E4939":{"t":"PRM1"},"E4981":{"t":"C525"},"E49F8":{"t":"BE20"},"E4A53":{"t":"C525"},"E4AAC":{"t":"C25A"},"E4AEF":{"t":"C25A"},"E4AF1":{"t":"C25A"},"E4B2E":{"t":"C525"},"E4B36":{"t":"PAY3"},"E4B75":{"t":"C421"},"E4BBE":{"t":"PAY3"},"E4DE4":{"t":"C525"},"E4E0E":{"t":"BE60"},"E4EC9":{"t":"BE20"},"E4F35":{},"E4F99":{"t":"P180"},"E4F9B":{"t":"BE20"},"E50DE":{"t":"C25A"},"E50DF":{"t":"C25A"},"E5185":{"t":"C25A"},"E523B":{"t":"C525"},"E523D":{"t":"C25A"},"E5241":{"t":"C25A"},"E52F8":{"t":"C525"},"E537B":{"t":"C421"},"E53AB":{"t":"C25A"},"E5671":{"t":"PA31"},"E5BEE":{"t":"P180"},"E61F3":{"r":"D-KCHF","t":"PK20"},"E69FB":{"r":"D-KFIH","t":"TFUN"},"E705A":{"r":"D-KHTA","t":"G109"},"E74F8":{"r":"D-KJMM","t":"NIMB"},"E7A6C":{"r":"D-KLOE","t":"AS29"},"E7E55":{"r":"D-KANR","t":"SF25"},"EB1A6":{"r":"16+01","t":"A343"},"EC55C":{"r":"D-KPRW","t":"AS25"},"EC585":{"r":"D-KPTL","t":"G109"},"EC62F":{"r":"D-KPZZ","t":"NIMB"},"ECB7F":{"r":"D-KSAH","t":"SF25"},"ECE59":{"r":"D-KTCJ","t":"DUOD"},"EEDD1":{"r":"D-3386","t":"GLID"},"EFEF8":{"r":"D-7777","t":"GLID"},"F0100":{"r":"D-8297","t":"GLID"},"F074F":{"r":"D-9912","t":"GLID"},"F4E27":{"r":"14+02","t":"GL5T"},"F551D":{"r":"15+02","t":"A319"},"F58AE":{"r":"14+01","t":"GL5T"},"F6533":{"r":"14+03","t":"GL5T"},"F7B3C":{"r":"14+04","t":"GL5T"},"F7DC1":{"r":"98+46","t":"A319"},"F8515":{"r":"1021","t":"A310"},"F8516":{"r":"1022","t":"A310"},"F8517":{"r":"1023","t":"A310"},"F8518":{"r":"1024","t":"A310"},"F8519":{"r":"1025","t":"A310"},"F851A":{"r":"1026","t":"A310"},"F851B":{"r":"1027","t":"A310"},"F928F":{"r":"37+15","t":"F4"},"F9907":{"r":"50+07","t":"C160"},"F990A":{"r":"50+10","t":"C160"},"F9921":{"r":"50+33","t":"C160"},"F9926":{"r":"50+38","t":"C160"},"F9928":{"r":"50+40","t":"C160"},"F992A":{"r":"50+42","t":"C160"},"F992D":{"r":"50+45","t":"C160"},"F9938":{"r":"50+56","t":"C160"},"F993A":{"r":"50+58","t":"C160"},"F993B":{"r":"50+59","t":"C160"},"F9943":{"r":"50+67","t":"C160"},"F9945":{"r":"50+69","t":"C160"},"F9946":{"r":"50+70","t":"C160"},"F9947":{"r":"50+71","t":"C160"},"F9951":{"r":"50+81","t":"C160"},"F9952":{"r":"50+82","t":"C160"},"F9954":{"r":"50+84","t":"C160"},"F9955":{"r":"50+85","t":"C160"},"F9956":{"r":"50+86","t":"C160"},"F995A":{"r":"50+90","t":"C160"},"F995C":{"r":"50+92","t":"C160"},"F995E":{"r":"50+94","t":"C160"},"F995F":{"r":"50+95","t":"C160"},"F9960":{"r":"50+96","t":"C160"},"F9961":{"r":"50+97","t":"C160"},"F9962":{"r":"50+98","t":"C160"},"F9980":{"r":"51+00","t":"C160"},"F9982":{"r":"51+02","t":"C160"},"F9984":{"r":"51+04","t":"C160"},"F9985":{"r":"51+05","t":"C160"},"F9988":{"r":"51+08","t":"C160"},"F9C84":{"r":"57+04","t":"D228"},"FA994":{"r":"83+20","t":"LYNX"},"FACB6":{"r":"89+54","t":"S61"},"FB123":{"r":"98+35","t":"D228"},"FEA57":{"r":"D-MCOH","t":"C42"},"FEA8D":{"r":"D-MOVE","t":"ULAC"},"FEB7C":{"r":"D-MAKP"},"FEC48":{"r":"D-MYSA","t":"EV97"},"FEC49":{"r":"D-MSGE","t":"C42"},"FEC6B":{"r":"D-MPWK","t":"ECHO"},"FECDE":{"r":"D-MIPL","t":"CH60"},"FEDAF":{"r":"D-MPGB","t":"G3"},"FEE9D":{"r":"D-MNMC","t":"FDCT"},"FEEEE":{"r":"D-MHIO","t":"WT9"},"FF088":{"r":"D-MEIK","t":"CH60"},"FF09A":{"r":"D-MFSL","t":"FK9"},"children":["30","34","39","3C"]}