{"0090":{"t":"HR20"},"0471":{"t":"BE33"},"05CB":{"t":"GLEX"},"0838":{"t":"C172"},"08C0":{"t":"BE9L"},"09EE":{"t":"PA34"},"0A71":{"t":"BE9T"},"0C0F":{"t":"C206"},"0D32":{"t":"BE20"},"0E31":{"t":"PRM1"},"104B":{"t":"M20P"},"1173":{"t":"FA10"},"11D4":{"t":"BE9L"},"1232":{"t":"BE20"},"124F":{"t":"F2TH"},"1269":{"t":"BE9L"},"12E0":{"t":"B744"},"12E1":{"t":"B744"},"12F5":{"t":"BE10"},"1469":{"t":"BE9L"},"1511":{"t":"BE9L"},"1527":{"t":"AT43"},"1540":{"t":"A320"},"1541":{"t":"A320"},"1543":{"t":"A320"},"1544":{"t":"A320"},"1547":{"t":"A320"},"1548":{"t":"A320"},"1549":{"t":"A320"},"154A":{"t":"A320"},"154B":{"t":"A320"},"154C":{"t":"A320"},"154D":{"t":"A320"},"154F":{"t":"A320"},"1551":{"t":"A320"},"1552":{"t":"A320"},"1553":{"t":"A320"},"1554":{"t":"A320"},"1555":{"t":"A320"},"1557":{"t":"A320"},"1558":{"t":"A320"},"1559":{"t":"A320"},"1684":{"t":"B733"},"1685":{"t":"B733"},"16AD":{"t":"BE9T"},"180B":{"t":"C650"},"1853":{"t":"C152"},"18B3":{"t":"P28A"},"18C0":{"t":"C550"},"18D3":{"t":"C550"},"1989":{"t":"M20P"},"19B8":{"t":"TRIN"},"1A2B":{"t":"M20P"},"1AA1":{"t":"FA50"},"1AA6":{"t":"SW3"},"1C77":{"t":"FA10"},"1DC2":{"t":"BE20"},"1DE1":{"t":"FA10"},"1DF2":{"t":"AT43"},"1E02":{"t":"A320"},"1E03":{"t":"A320"},"1E04":{"t":"A320"},"1E06":{"t":"A320"},"1E07":{"t":"A320"},"1E08":{"t":"A320"},"1E09":{"t":"A320"},"1E0A":{"t":"A320"},"1E0B":{"t":"A320"},"1E0C":{"t":"A320"},"1E0E":{"t":"A320"},"1E0F":{"t":"A320"},"1E10":{"t":"A320"},"1E11":{"t":"A320"},"1E55":{"t":"BE20"},"1E95":{"t":"BE9L"},"200C":{"t":"C340"},"206B":{"t":"BE9L"},"20AA":{"t":"BE9T"},"2121":{"t":"BE20"},"21C6":{"t":"F100"},"21E7":{"t":"FA10"},"2232":{"t":"B738"},"2242":{"t":"B744"},"2243":{"t":"B744"},"2247":{"t":"C510"},"2260":{"t":"B744"},"2261":{"t":"B744"},"2262":{"t":"B744"},"2263":{"t":"B744"},"2264":{"t":"B744"},"2265":{"t":"B744"},"2267":{"t":"B744"},"2268":{"t":"B744"},"2269":{"t":"B744"},"2280":{"t":"B744"},"2282":{"t":"B744"},"2283":{"t":"B744"},"2284":{"t":"B744"},"22E1":{"t":"B733"},"22E2":{"t":"B733"},"22E3":{"t":"B733"},"22E4":{"t":"B733"},"22E5":{"t":"B733"},"22E7":{"t":"B733"},"22E8":{"t":"B733"},"22E9":{"t":"B733"},"22EB":{"t":"B733"},"22ED":{"t":"B734"},"22EE":{"t":"B733"},"22F1":{"t":"B733"},"22F2":{"t":"B733"},"22F3":{"t":"B733"},"2439":{"t":"FA50"},"2461":{"t":"FA20"},"2507":{"t":"P28B"},"2510":{"t":"ALO3"},"25C1":{"t":"C550"},"26A0":{"t":"A320"},"26A1":{"t":"A320"},"26A2":{"t":"A320"},"26A5":{"t":"A320"},"26A6":{"t":"A320"},"26B6":{"t":"A320"},"2851":{"t":"P28U"},"28E9":{"t":"F900"},"28EA":{"t":"A320"},"2903":{"t":"C500"},"29A1":{"t":"AT43"},"29E3":{"t":"AT72"},"2A4F":{"t":"BE9L"},"2AAE":{"t":"TRIN"},"2AE0":{"t":"A320"},"2AE1":{"t":"A320"},"2AE2":{"t":"A320"},"2AE3":{"t":"A320"},"2AE4":{"t":"A320"},"2AE5":{"t":"A320"},"2AE6":{"t":"A320"},"2AE7":{"t":"A320"},"2AE8":{"t":"A320"},"2AE9":{"t":"A320"},"2AEA":{"t":"A320"},"2AEB":{"t":"A320"},"2AEC":{"t":"A320"},"2AED":{"t":"A320"},"2AEE":{"t":"A320"},"2AEF":{"t":"A320"},"2AF0":{"t":"A320"},"2AF1":{"t":"A320"},"2AF2":{"t":"A320"},"2AF3":{"t":"A320"},"2AF4":{"t":"A320"},"2AF5":{"t":"A320"},"2AF8":{"t":"A320"},"2AF9":{"t":"A320"},"2B0D":{},"2B21":{"t":"BE58"},"2B33":{"t":"BE58"},"2C6A":{"t":"DR40"},"2C89":{"t":"M20P"},"2CB2":{"t":"TRIN"},"2D6E":{"t":"SW3"},"2DA3":{"t":"B190"},"2DA4":{"t":"B190"},"2DA5":{"t":"B190"},"2DA7":{"t":"B190"},"2DAA":{"t":"B190"},"2DD2":{"t":"C510"},"2DF3":{"t":"SW3"},"2E39":{"t":"BE9L"},"2E40":{"t":"FA50"},"2E49":{"t":"FA50"},"2E6A":{"t":"C550"},"2EF0":{"t":"B734"},"2F03":{"t":"F900"},"2F22":{"t":"A343"},"2F26":{"t":"A343"},"2F27":{"t":"A343"},"2F28":{"t":"A343"},"2F29":{"t":"A343"},"2F2A":{"t":"A343"},"2F2B":{"t":"A343"},"2F2C":{"t":"A343"},"2F2D":{"t":"A343"},"2F2E":{"t":"A343"},"2F2F":{"t":"A343"},"2F31":{"t":"A343"},"2F32":{"t":"A343"},"2F33":{"t":"A343"},"2F34":{"t":"A343"},"306B":{"t":"C525"},"3111":{"t":"C25A"},"3117":{"t":"TRIN"},"3168":{"t":"MD83"},"316A":{"t":"MD83"},"3174":{"t":"MD83"},"3177":{"t":"MD83"},"3182":{"t":"C525"},"31EC":{"t":"BE9L"},"320D":{"t":"TRIN"},"3269":{"t":"C510"},"3320":{"t":"A321"},"3321":{"t":"A321"},"3322":{"t":"A321"},"3323":{"t":"A321"},"3324":{"t":"A321"},"3431":{"t":"B190"},"344B":{"t":"TRIN"},"3484":{"t":"BE9L"},"3505":{"t":"A343"},"3506":{"t":"A343"},"3507":{"t":"A343"},"3508":{"t":"A343"},"3566":{"t":"F100"},"3567":{"t":"F100"},"3568":{"t":"F100"},"356A":{"t":"F100"},"35C4":{"t":"BE30"},"35E3":{"t":"BE20"},"3648":{"t":"BE58"},"364D":{"t":"BE58"},"36AA":{"t":"F900"},"3845":{"t":"BE20"},"3879":{"t":"PC6P"},"38E0":{"t":"E135"},"38E1":{"t":"E135"},"38E5":{"t":"E135"},"3975":{"t":"FA50"},"39EC":{"t":"FA20"},"3A41":{"t":"BE30"},"3A44":{"t":"PA46"},"3A4C":{"t":"AS50"},"3A6E":{"t":"A333"},"3B00":{"t":"F900"},"3C00":{"t":"FA20"},"3C02":{"t":"BE20"},"3C03":{"t":"FA20"},"3C25":{"t":"PA31"},"3C81":{"t":"C525"},"3C89":{"t":"B752"},"3C8A":{"t":"B752"},"3CA3":{"t":"FA10"},"3CC7":{"t":"BE30"},"3CCB":{"t":"FA10"},"3CF1":{"t":"M20P"},"3D23":{"t":"BE9L"},"3D4B":{"t":"PA46"},"3D4D":{"t":"P180"},"3D4E":{"t":"P180"},"3D4F":{"t":"P180"},"3D52":{"t":"P180"},"3D6A":{"t":"BE9L"},"3D80":{"t":"A319"},"3D81":{"t":"A319"},"3D82":{"t":"A319"},"3D83":{"t":"A319"},"3D84":{"t":"A319"},"3D85":{"t":"A319"},"3DA9":{"t":"F900"},"3DAB":{"t":"F100"},"3DC2":{"t":"AT72"},"3DC3":{"t":"AT72"},"3DE5":{"t":"FA50"},"3E27":{"t":"BE30"},"3E40":{"t":"FA50"},"3E89":{"t":"C25A"},"3EE1":{"t":"F100"},"3EE2":{"t":"F100"},"3EE4":{"t":"F100"},"3EE5":{"t":"F100"},"3EE6":{"t":"F100"},"3EE7":{"t":"F100"},"3EE8":{"t":"F100"},"3EE9":{"t":"F100"},"3EEA":{"t":"F100"},"3EEB":{"t":"F100"},"3EEC":{"t":"F100"},"3F00":{"t":"AT45"},"3F01":{"t":"AT45"},"3F02":{"t":"AT45"},"3F03":{"t":"AT72"},"3F05":{"t":"AT45"},"3F0A":{"t":"AT45"},"3F0B":{"t":"AT45"},"3F0C":{"t":"AT45"},"3F0D":{"t":"AT45"},"3F0E":{"t":"AT43"},"3F18":{"t":"B190"},"4409":{"t":"PC12"},"444C":{"t":"H269"},"4455":{"t":"F900"},"4493":{"t":"C510"},"44C0":{"t":"E145"},"44C1":{"t":"E145"},"44C2":{"t":"E145"},"44C4":{"t":"E145"},"44C5":{"t":"E145"},"44C6":{"t":"E145"},"44C8":{"t":"E145"},"44C9":{"t":"E145"},"44CA":{"t":"E145"},"44CB":{"t":"E145"},"44CF":{"t":"E135"},"44D1":{"t":"E145"},"44E0":{"t":"A319"},"44E1":{"t":"A319"},"44E2":{"t":"A319"},"44E3":{"t":"A319"},"44E4":{"t":"A319"},"44E5":{"t":"A319"},"44E6":{"t":"A319"},"44E7":{"t":"A319"},"44E8":{"t":"A319"},"44E9":{"t":"A319"},"44EA":{"t":"A319"},"44EB":{"t":"A319"},"44EC":{"t":"A319"},"44ED":{"t":"A319"},"44EE":{"t":"A319"},"44EF":{"t":"A319"},"44F0":{"t":"A319"},"44F1":{"t":"A319"},"44F2":{"t":"A319"},"44F3":{"t":"A319"},"44F4":{"t":"A319"},"44F5":{"t":"A319"},"44F7":{"t":"A319"},"44F8":{"t":"A319"},"44F9":{"t":"A319"},"4524":{"t":"CRJ1"},"4525":{"t":"CRJ1"},"4526":{"t":"CRJ1"},"4528":{"t":"CRJ1"},"4529":{"t":"CRJ1"},"452A":{"t":"CRJ1"},"452B":{"t":"CRJ1"},"452C":{"t":"CRJ1"},"452D":{"t":"CRJ1"},"452E":{"t":"CRJ1"},"452F":{"t":"CRJ1"},"4530":{"t":"CRJ1"},"4531":{"t":"CRJ1"},"4533":{"t":"CRJ1"},"4534":{"t":"CRJ1"},"45B3":{"t":"SW3"},"45E8":{"t":"AT75"},"45E9":{"t":"AT75"},"45EA":{"t":"AT75"},"45F7":{"t":"AT75"},"45F8":{"t":"AT75"},"45F9":{"t":"AT75"},"4648":{"t":"A320"},"464E":{"t":"BE20"},"4650":{"t":"A332"},"4689":{"t":"C25B"},"46E0":{"t":"A319"},"46E1":{"t":"A319"},"46E2":{"t":"A319"},"46E3":{"t":"A319"},"46E4":{"t":"A319"},"46E5":{"t":"A319"},"46E7":{"t":"A319"},"46E9":{"t":"A319"},"46EA":{"t":"A319"},"46EB":{"t":"A319"},"46EC":{"t":"A319"},"46ED":{"t":"A319"},"470B":{"t":"B190"},"4720":{"t":"CRJ7"},"4721":{"t":"CRJ7"},"4722":{"t":"RJ70"},"4723":{"t":"CRJ7"},"4724":{"t":"CRJ7"},"4725":{"t":"CRJ7"},"4726":{"t":"CRJ7"},"4727":{"t":"CRJ7"},"4728":{"t":"CRJ7"},"4729":{"t":"CRJ7"},"472A":{"t":"CRJ7"},"472B":{"t":"CRJ7"},"472C":{"t":"CRJ7"},"472D":{"t":"CRJ7"},"472E":{"t":"CRJ7"},"4851":{"t":"C25B"},"4894":{"t":"A332"},"48CB":{"t":"C25B"},"4923":{"t":"BE58"},"4931":{"t":"PA46"},"4975":{"t":"TBM7"},"4979":{"t":"FA10"},"4986":{"t":"C25B"},"49A0":{"t":"F900"},"49AA":{"t":"F900"},"49E0":{"t":"B772"},"49E1":{"t":"B772"},"49E2":{"t":"B772"},"49E3":{"t":"B772"},"49E4":{"t":"B772"},"49E5":{"t":"B772"},"49E6":{"t":"B772"},"49E7":{"t":"B772"},"49E8":{"t":"B772"},"49E9":{"t":"B772"},"49EA":{"t":"B772"},"49EB":{"t":"B772"},"49EC":{"t":"B772"},"49ED":{"t":"B772"},"49EE":{"t":"B772"},"49EF":{"t":"B772"},"49F0":{"t":"B772"},"49F1":{"t":"B772"},"49F2":{"t":"B772"},"49F3":{"t":"B772"},"49F4":{"t":"B772"},"49F5":{"t":"B772"},"49F7":{"t":"B772"},"49F8":{"t":"B772"},"49F9":{"t":"B772"},"4A00":{"t":"B77W"},"4A01":{"t":"B77W"},"4A02":{"t":"B77W"},"4A03":{"t":"B77W"},"4A04":{"t":"B77W"},"4A05":{"t":"B77W"},"4A06":{"t":"B773"},"4A07":{"t":"B773"},"4A08":{"t":"B77W"},"4A09":{"t":"B77W"},"4A0A":{"t":"B77W"},"4A0B":{"t":"B77W"},"4A0C":{"t":"B77W"},"4A0D":{"t":"B773"},"4A0E":{"t":"B773"},"4A0F":{"t":"B773"},"4A11":{"t":"B773"},"4A12":{"t":"B77W"},"4A13":{"t":"B773"},"4A14":{"t":"B77W"},"4A15":{"t":"B77W"},"4A17":{"t":"B773"},"4A18":{"t":"B77W"},"4A60":{"t":"A3ST"},"4A61":{"t":"A30B"},"4A62":{"t":"A30B"},"4A63":{"t":"A30B"},"4A65":{"t":"A30B"},"4A71":{"t":"A320"},"4A72":{"t":"A320"},"4AB3":{"t":"SR22"},"4B12":{"t":"PA34"},"4B25":{"t":"TRIN"},"4C03":{"t":"A321"},"4C04":{"t":"A321"},"4C07":{"t":"A321"},"4C08":{"t":"A321"},"4C09":{"t":"A321"},"4C0A":{"t":"A321"},"4C0B":{"t":"A321"},"4C0C":{"t":"A321"},"4C0D":{"t":"A321"},"4C0E":{"t":"A321"},"4C0F":{"t":"A321"},"4C10":{"t":"A321"},"4C11":{"t":"A321"},"4C12":{"t":"A321"},"4C13":{"t":"A321"},"4C14":{"t":"A321"},"4C15":{"t":"A321"},"4C17":{"t":"A321"},"4C18":{"t":"A321"},"4C19":{"t":"A321"},"4C51":{"t":"BE9L"},"4C8A":{"t":"R44"},"4C8C":{"t":"B350"},"4CA1":{"t":"C510"},"4CEB":{"t":"A320"},"4D0F":{"t":"B752"},"4D2C":{"t":"TBM7"},"4D49":{"t":"B190"},"4DC3":{"t":"FA10"},"4E01":{"t":"TRIN"},"4E38":{"t":"C525"},"4E88":{"t":"B744"},"4EA2":{"t":"B190"},"5000":{"t":"A321"},"5009":{"t":"FA50"},"500C":{"t":"E145"},"5020":{"t":"E145"},"5021":{"t":"E145"},"5022":{"t":"E145"},"5023":{"t":"E145"},"5024":{"t":"E145"},"5025":{"t":"E145"},"5026":{"t":"E145"},"5080":{"t":"E145"},"50A3":{"t":"E145"},"50AF":{"t":"BE20"},"50C0":{"t":"A318"},"50C1":{"t":"A318"},"50C2":{"t":"A318"},"50C3":{"t":"A318"},"50C4":{"t":"A318"},"50C5":{"t":"A318"},"50C6":{"t":"A318"},"50C7":{"t":"A318"},"50C8":{"t":"A318"},"50C9":{"t":"A318"},"50CA":{"t":"A318"},"50CB":{"t":"A318"},"50CC":{"t":"A318"},"50CD":{"t":"A318"},"50CE":{"t":"A318"},"50CF":{"t":"A318"},"50D0":{"t":"A318"},"50D1":{"t":"A318"},"5120":{"t":"E145"},"516C":{"t":"BE9L"},"5178":{"t":"BE9L"},"5180":{"t":"E145"},"5184":{"t":"B190"},"51C0":{"t":"B772"},"51C1":{"t":"B772"},"51C2":{"t":"B772"},"51EB":{"t":"DA40"},"51F3":{"t":"E145"},"5411":{"t":"AS65"},"54B7":{"t":"F2TH"},"54D2":{"t":"E145"},"54E3":{"t":"E145"},"5500":{"t":"H25B"},"5561":{"t":"BE30"},"5562":{"t":"B190"},"5588":{"t":"GLEX"},"558B":{"t":"GLEX"},"5595":{"t":"GLEX"},"55F3":{"t":"C172"},"5689":{"t":"C25B"},"56A1":{"t":"C25B"},"5702":{"t":"C56X"},"5721":{"t":"AT45"},"5722":{"t":"AT45"},"5723":{"t":"AT45"},"5725":{"t":"AT72"},"5726":{"t":"AT72"},"5729":{"t":"AT43"},"572B":{"t":"AT72"},"572C":{"t":"AT72"},"572D":{"t":"AT75"},"5739":{},"5C06":{"t":"A319"},"5C07":{"t":"A319"},"5C12":{"t":"C404"},"5C35":{"t":"F900"},"5C79":{"t":"F900"},"5CE6":{"t":"AS65"},"5D22":{"t":"F2TH"},"5D82":{"t":"FA50"},"5D85":{"t":"F900"},"5E2A":{"t":"C525"},"5E2B":{"t":"C25A"},"5E2C":{"t":"F900"},"5E6C":{"t":"FA50"},"6008":{"t":"A320"},"6009":{"t":"A321"},"600D":{"t":"A321"},"600E":{"t":"A321"},"600F":{"t":"A321"},"6010":{"t":"A321"},"6011":{"t":"A321"},"6019":{"t":"A321"},"6029":{"t":"FA7X"},"6040":{"t":"FA20"},"604F":{"t":"F900"},"60AC":{"t":"A319"},"612C":{"t":"A319"},"61E4":{"t":"E135"},"61F0":{"t":"PA46"},"6426":{"t":"PA46"},"6429":{"t":"F2TH"},"6440":{"t":"A332"},"6441":{"t":"A332"},"6442":{"t":"A332"},"6443":{"t":"A332"},"6444":{"t":"A332"},"6445":{"t":"A332"},"6446":{"t":"A332"},"6447":{"t":"A332"},"6448":{"t":"A332"},"6449":{"t":"A332"},"644A":{"t":"A332"},"644B":{"t":"A332"},"644C":{"t":"A332"},"644D":{"t":"A332"},"644E":{"t":"A332"},"64CF":{"t":"P28A"},"64E0":{"t":"B738"},"64E1":{"t":"B738"},"64E2":{"t":"B738"},"64E3":{"t":"B738"},"64E4":{"t":"B738"},"64E5":{"t":"B738"},"64E6":{"t":"B738"},"64E8":{"t":"B738"},"64ED":{"t":"B738"},"64EE":{"t":"B738"},"64F5":{"t":"B738"},"652C":{"t":"SW3"},"656F":{"t":"FA7X"},"6577":{"t":"F2TH"},"6584":{"t":"F900"},"65A0":{"t":"B77W"},"65A1":{"t":"B77W"},"65A2":{"t":"B77W"},"65A3":{"t":"B77W"},"65A4":{"t":"B77W"},"65A5":{"t":"B77W"},"65A6":{"t":"B77W"},"65A7":{"t":"B773"},"65A8":{"t":"B77W"},"65A9":{"t":"B77W"},"65AA":{"t":"B77W"},"65AB":{"t":"B77W"},"65AD":{"t":"B77W"},"65AE":{"t":"B77W"},"65E4":{"t":"P180"},"6660":{"t":"B733"},"6661":{"t":"B733"},"6662":{"t":"B737"},"6663":{"t":"B737"},"6665":{"t":"B737"},"6667":{"t":"B737"},"6668":{"t":"B734"},"6669":{"t":"B734"},"666B":{"r":"F-GTZL","t":"DR40"},"666C":{"t":"B733"},"66A0":{"t":"F900"},"6720":{"t":"B738"},"8015":{},"8049":{"t":"BE30"},"804F":{"t":"LJ45"},"8067":{"t":"FA50"},"80A8":{"t":"C172"},"80B2":{"t":"E145"},"80C0":{"t":"C25B"},"80C7":{"t":"C525"},"80E0":{"t":"C510"},"8111":{"t":"FA50"},"8123":{"t":"C525"},"8135":{"t":"C550"},"8140":{"t":"FA7X"},"814F":{"t":"CL30"},"816C":{"t":"FA50"},"816E":{"t":"C550"},"8186":{"t":"C25A"},"8188":{"t":"BE20"},"81AD":{"t":"PC12"},"81E4":{"t":"B190"},"81EB":{"t":"AT75"},"81EC":{"t":"FA50"},"81ED":{"t":"FA50"},"8222":{"t":"BE9L"},"8243":{"t":"SR22"},"8245":{"t":"C25A"},"8253":{"t":"PRM1"},"8261":{"t":"F900"},"8266":{"t":"C25C"},"82A3":{"t":"JS41"},"82A5":{"t":"JS41"},"82A8":{"t":"B752"},"82AD":{"t":"B752"},"82E0":{"t":"F900"},"82EB":{"t":"B738"},"8322":{"t":"SIRA"},"8401":{"t":"A321"},"8405":{"t":"A321"},"8408":{"t":"P180"},"840B":{"t":"A319"},"840E":{"t":"A320"},"840F":{"t":"A320"},"842C":{"t":"FA50"},"8440":{"t":"B190"},"8445":{"t":"TBM7"},"8446":{"t":"B190"},"8460":{"t":"F900"},"8491":{"t":"C25B"},"8495":{"t":"A320"},"84A6":{"t":"C182"},"84AA":{"t":"C550"},"84AF":{"t":"H25B"},"84C4":{"t":"TBM8"},"84C6":{"t":"TBM7"},"8508":{"t":"A320"},"850B":{"t":"A332"},"850F":{"t":"F2TH"},"8511":{"t":"C510"},"8560":{"t":"E190"},"8561":{"t":"E190"},"8562":{"t":"E190"},"8563":{"t":"E190"},"8564":{"t":"E190"},"8565":{"t":"E190"},"8566":{"t":"E190"},"8567":{"t":"E190"},"8568":{"t":"E190"},"8569":{"t":"E190"},"8581":{"t":"C550"},"8584":{"t":"SR22"},"8588":{"t":"A319"},"8591":{"t":"C550"},"8592":{"t":"C500"},"85A0":{"t":"A320"},"85A1":{"t":"A320"},"85A2":{"t":"A320"},"85A3":{"t":"A320"},"85A4":{"t":"A320"},"85A5":{"t":"A320"},"85A6":{"t":"A320"},"85A7":{"t":"A320"},"85A8":{"t":"A320"},"85A9":{"t":"A320"},"85AA":{"t":"A320"},"85AB":{"t":"A320"},"85CB":{"t":"F900"},"85CC":{"t":"H25B"},"85D2":{"t":"A310"},"85D8":{"t":"A310"},"85E4":{"t":"E145"},"85EF":{"t":"C25B"},"8634":{"t":"BE20"},"8640":{"t":"A320"},"8642":{"t":"C525"},"864E":{"t":"AT43"},"86E0":{"t":"E170"},"86E1":{"t":"E170"},"86E2":{"t":"E170"},"86E3":{"t":"E170"},"86E4":{"t":"E170"},"86E5":{"t":"E170"},"86E6":{"t":"E170"},"86E7":{"t":"E170"},"86E8":{"t":"E170"},"86E9":{"t":"E170"},"86EA":{"t":"E170"},"86EB":{"t":"E170"},"86EC":{"t":"E170"},"86ED":{"t":"E170"},"86EE":{"t":"E170"},"86EF":{"t":"E170"},"8808":{"t":"A321"},"8813":{"t":"A332"},"8863":{"t":"FA50"},"8885":{"t":"FA50"},"8902":{"t":"C25B"},"8904":{"t":"B752"},"8924":{"t":"E50P"},"892F":{"t":"PRM1"},"8972":{"t":"FA7X"},"89C0":{"t":"B735"},"89C1":{"t":"B735"},"89D5":{"t":"DR40"},"89E1":{"t":"C525"},"89E4":{"t":"P180"},"8A33":{"t":"C550"},"8A4B":{"t":"H25B"},"8A64":{"t":"DA42"},"8B28":{"t":"A319"},"8C01":{"t":"DA42"},"8C41":{"t":"FA50"},"8C52":{"t":"BE9L"},"8CCA":{"t":"A320"},"8CD3":{"t":"C550"},"8D2C":{"t":"BE20"},"8D69":{"t":"F900"},"8D6D":{"t":"BE20"},"8D85":{"t":"A320"},"8DE1":{"t":"FA50"},"8DEB":{"t":"WT9"},"8DED":{"t":"C510"},"8DF8":{"t":"C510"},"8E60":{"r":"F-HTDA","t":"CRJ9"},"900B":{"t":"BE20"},"9043":{"t":"FA7X"},"9046":{"t":"C510"},"914E":{"t":"C25A"},"9160":{"t":"E145"},"9164":{"t":"TBM8"},"91A3":{"t":"C510"},"91CB":{"t":"C25A"},"91E0":{"t":"A320"},"91E1":{"t":"A320"},"91E2":{"t":"A320"},"91E3":{"t":"A320"},"91E4":{"t":"A320"},"91E6":{"t":"A320"},"91E7":{"t":"A320"},"9224":{"t":"C510"},"92F1":{"t":"FA7X"},"9438":{"t":"GLEX"},"9460":{"t":"FA7X"},"950F":{"t":"GLEX"},"9542":{"t":"E145"},"9578":{"t":"C152"},"9580":{"t":"C525"},"9581":{"t":"FA50"},"9620":{"t":"C501"},"9838":{"t":"H25B"},"9904":{"t":"P46T"},"996E":{},"9C0C":{"t":"BE9L"},"9E42":{"t":"C525"},"A04C":{"t":"C510"},"A1E4":{"t":"E55P"},"A248":{"t":"FA50"},"A26C":{"t":"BE40"},"A415":{"t":"C525"},"A443":{"t":"F2TH"},"A44C":{"t":"BE9L"},"A491":{"t":"B738"},"A521":{"t":"F900"},"A5E3":{"t":"BE30"},"A68B":{"t":"B738"},"A70B":{"t":"FA20"},"A90B":{"t":"C510"},"A912":{"t":"B744"},"A961":{"t":"F2TH"},"AA20":{"t":"C525"},"AC0A":{"t":"A139"},"AD0C":{"t":"C56X"},"AD2F":{"t":"PRM1"},"ADCD":{"t":"BE20"},"ADD5":{"t":"B744"},"ADEC":{"t":"F2TH"},"B046":{"t":"F2TH"},"B160":{"t":"CRJX"},"B163":{"t":"CRJX"},"B164":{"t":"CRJX"},"B167":{"t":"CRJX"},"B168":{"t":"CRJX"},"B169":{"t":"CRJX"},"B16A":{"t":"CRJX"},"B16B":{"t":"CRJX"},"B16D":{"t":"CRJX"},"B1C1":{"t":"CL60"},"B1F1":{"t":"C25A"},"B458":{"t":"PRM1"},"B468":{"t":"DR40"},"B965":{"t":"AS55"},"B984":{"t":"F2TH"},"BA41":{"t":"H25B"},"BA91":{"t":"C510"},"BCE3":{"t":"C510"},"BD20":{"t":"A388"},"BD21":{"t":"A388"},"BD22":{"t":"A388"},"BD23":{"t":"A388"},"BD24":{"t":"A388"},"BD25":{"t":"A388"},"BD26":{"t":"A388"},"BD27":{"t":"A388"},"BD28":{"t":"A388"},"BD29":{"t":"A388"},"BE6F":{"t":"A333"},"C497":{"t":"H25B"},"C80C":{"t":"F2TH"},"C812":{"t":"FA7X"},"C880":{"t":"B744"},"C897":{"t":"B744"},"C8A0":{"t":"BE20"},"C958":{"t":"A333"},"CA65":{"t":"FA7X"},"CA8D":{"t":"B744"},"CB0D":{"t":"BE20"},"CC06":{"t":"B752"},"CC51":{"t":"BE9L"},"CD92":{"t":"F900"},"D021":{"t":"F900"},"D1EC":{"t":"EC25"},"DD65":{"t":"A333"},"E48D":{"t":"A333"}}