{"001C":{"r":"D-APBB","t":"B738"},"001D":{"r":"D-APBC","t":"B738"},"001E":{"r":"D-APBD","t":"B738"},"0121":{"r":"D-APLC","t":"FA7X"},"04AD":{"r":"D-AQUA","t":"B463"},"065B":{"r":"D-ARKO","t":"GLEX"},"073B":{"r":"D-ARTE","t":"CL60"},"0744":{"r":"D-ARTN","t":"E135"},"07CA":{"r":"D-ARYR","t":"GLEX"},"07F2":{"r":"D-ASAF","t":"GLF5"},"08BB":{"r":"D-ASHY","t":"CL60"},"09DB":{"r":"D-ASTA","t":"A319"},"09DC":{"r":"D-ASTB","t":"A319"},"09DD":{"r":"D-ASTC","t":"A319"},"09DE":{"r":"D-ASTD","t":"A321"},"09DF":{"r":"D-ASTE","t":"A321"},"09ED":{"r":"D-ASTS","t":"CL60"},"09EE":{"r":"D-ASTT","t":"A319"},"09F2":{"r":"D-ASTX","t":"A319"},"09F3":{"r":"D-ASTY","t":"A319"},"09F4":{"r":"D-ASTZ","t":"A319"},"0A44":{"r":"D-ASXB","t":"B738"},"0A46":{"r":"D-ASXD","t":"B738"},"0A47":{"r":"D-ASXE","t":"B738"},"0A48":{"r":"D-ASXF","t":"B738"},"0A49":{"r":"D-ASXG","t":"B738"},"0A4A":{"r":"D-ASXH","t":"B738"},"0A4D":{"r":"D-ASXK","t":"B738"},"0A55":{"r":"D-ASXS","t":"B738"},"0B6D":{"r":"D-ATIM","t":"GLF5"},"0C09":{"r":"D-ATOM","t":"GLEX"},"0C0A":{"r":"D-ATON","t":"E135"},"0C4B":{"r":"D-ATRA","t":"A320"},"0C53":{"r":"D-ATRI","t":"CRJ2"},"0C92":{"r":"D-ATTT","t":"CL60"},"0C99":{"r":"D-ATUA","t":"B738"},"0C9A":{"r":"D-ATUB","t":"B738"},"0C9B":{"r":"D-ATUC","t":"B738"},"0C9C":{"r":"D-ATUD","t":"B738"},"0C9D":{"r":"D-ATUE","t":"B738"},"0C9E":{"r":"D-ATUF","t":"B738"},"0C9F":{"r":"D-ATUG","t":"B738"},"0CA0":{"r":"D-ATUH","t":"B738"},"0CA1":{"r":"D-ATUI","t":"B738"},"0CA2":{"r":"D-ATUJ","t":"B738"},"0CA3":{"r":"D-ATUK","t":"B738"},"0CA4":{"r":"D-ATUL","t":"B738"},"0CA5":{"r":"D-ATUM","t":"B738"},"0CDB":{"r":"D-ATWO","t":"E135"},"0D50":{"r":"D-AUBB","t":"A320"},"0D51":{"r":"D-AUBC","t":"A320"},"0D53":{"r":"D-AUBE","t":"A320"},"0D58":{"r":"D-AUBJ","t":"A320"},"0D5A":{"r":"D-AUBL","t":"A320"},"0D5B":{"r":"D-AUBM","t":"A320"},"0D5C":{"r":"D-AUBN","t":"A320"},"0D5E":{"r":"D-AUBP","t":"A320"},"0D5F":{"r":"D-AUBQ","t":"A320"},"0D61":{"r":"D-AUBS","t":"A320"},"0D62":{"r":"D-AUBT","t":"A320"},"0D64":{"r":"D-AUBV","t":"A320"},"0D65":{"r":"D-AUBW","t":"A320"},"0D67":{"r":"D-AUBY","t":"A320"},"0E3D":{"r":"D-AUKE","t":"CL60"},"0F31":{"r":"D-AUTO","t":"GLF5"},"0FE6":{"r":"D-AVAN","t":"E135"},"0FEA":{"r":"D-AVAR","t":"GLF5"},"10AA":{"r":"D-AVIB","t":"E135"},"1193":{"r":"D-AVRA","t":"RJ85"},"1194":{"r":"D-AVRB","t":"RJ85"},"1195":{"r":"D-AVRC","t":"RJ85"},"1196":{"r":"D-AVRD","t":"RJ85"},"1197":{"r":"D-AVRE","t":"RJ85"},"1198":{"r":"D-AVRF","t":"RJ85"},"1199":{"r":"D-AVRG","t":"RJ85"},"119A":{"r":"D-AVRH","t":"RJ85"},"119B":{"r":"D-AVRI","t":"RJ85"},"119C":{"r":"D-AVRJ","t":"RJ85"},"119D":{"r":"D-AVRK","t":"RJ85"},"119E":{"r":"D-AVRL","t":"RJ85"},"119F":{"r":"D-AVRM","t":"RJ85"},"11A0":{"r":"D-AVRN","t":"RJ85"},"11A1":{"r":"D-AVRO","t":"RJ85"},"11A2":{"r":"D-AVRP","t":"RJ85"},"11A3":{"r":"D-AVRQ","t":"RJ85"},"11A4":{"r":"D-AVRR","t":"RJ85"},"11FC":{"r":"D-AVVB","t":"A320"},"11FE":{"r":"D-AVVD","t":"A320"},"11FF":{"r":"D-AVVE","t":"A320"},"1201":{"r":"D-AVVG","t":"A320"},"1203":{"r":"D-AVVI","t":"A320"},"1206":{"r":"D-AVVL","t":"A320"},"1207":{"r":"D-AVVM","t":"A320"},"120B":{"r":"D-AVVQ","t":"A320"},"120E":{"r":"D-AVVT","t":"A320"},"1212":{"r":"D-AVVX","t":"A320"},"1213":{"r":"D-AVVY","t":"A320"},"1214":{"r":"D-AVVZ","t":"A320"},"1215":{"r":"D-AVWA","t":"A319"},"1249":{"r":"D-AVYA","t":"A319"},"1252":{"r":"D-AVYJ","t":"A319"},"1253":{"r":"D-AVYK","t":"A319"},"1254":{"r":"D-AVYL","t":"A319"},"1255":{"r":"D-AVYM","t":"A319"},"1256":{"r":"D-AVYN","t":"A319"},"1257":{"r":"D-AVYO","t":"A319"},"1258":{"r":"D-AVYP","t":"A319"},"1259":{"r":"D-AVYQ","t":"A319"},"125A":{"r":"D-AVYR","t":"A319"},"125B":{"r":"D-AVYS","t":"A319"},"125C":{"r":"D-AVYT","t":"A319"},"125D":{"r":"D-AVYU","t":"A319"},"125E":{"r":"D-AVYV","t":"A319"},"1260":{"r":"D-AVYX","t":"A319"},"1262":{"r":"D-AVYZ","t":"A319"},"1263":{"r":"D-AVZA","t":"A321"},"1264":{"r":"D-AVZB","t":"A321"},"1265":{"r":"D-AVZC","t":"A321"},"1266":{"r":"D-AVZD","t":"A321"},"1269":{"r":"D-AVZG","t":"A321"},"126B":{"r":"D-AVZI","t":"A321"},"126C":{"r":"D-AVZJ","t":"A321"},"126D":{"r":"D-AVZK","t":"A321"},"126E":{"r":"D-AVZL","t":"A321"},"1270":{"r":"D-AVZN","t":"A321"},"1271":{"r":"D-AVZO","t":"A321"},"1272":{"r":"D-AVZP","t":"A388"},"1273":{"r":"D-AVZQ","t":"A321"},"1275":{"r":"D-AVZS","t":"A321"},"1276":{"r":"D-AVZT","t":"A321"},"1278":{"r":"D-AVZV","t":"A321"},"1279":{"r":"D-AVZW","t":"A321"},"127A":{"r":"D-AVZX","t":"A321"},"127B":{"r":"D-AVZY","t":"A321"},"127C":{"r":"D-AVZZ","t":"A321"},"1297":{"r":"D-AWBA","t":"B463"},"1387":{"r":"D-AWKG","t":"F900"},"1489":{"r":"D-AWUE","t":"B462"},"1521":{"r":"D-AXAA","t":"A320"},"1522":{"r":"D-AXAB","t":"A320"},"1524":{"r":"D-AXAD","t":"A320"},"1526":{"r":"D-AXAF","t":"A320"},"1527":{"r":"D-AXAG","t":"A320"},"1528":{"r":"D-AXAH","t":"A320"},"1529":{"r":"D-AXAI","t":"A320"},"152A":{"r":"D-AXAJ","t":"A320"},"152B":{"r":"D-AXAK","t":"A320"},"152C":{"r":"D-AXAL","t":"A320"},"152D":{"r":"D-AXAM","t":"A320"},"152E":{"r":"D-AXAN","t":"A320"},"152F":{"r":"D-AXAO","t":"A320"},"1530":{"r":"D-AXAP","t":"A320"},"1531":{"r":"D-AXAQ","t":"A320"},"1533":{"r":"D-AXAS","t":"A320"},"1534":{"r":"D-AXAT","t":"A320"},"1535":{"r":"D-AXAU","t":"A320"},"1537":{"r":"D-AXAW","t":"A320"},"1538":{"r":"D-AXAX","t":"A320"},"1642":{"r":"D-AXLD","t":"B738"},"1643":{"r":"D-AXLE","t":"B738"},"1644":{"r":"D-AXLF","t":"B738"},"1645":{"r":"D-AXLG","t":"B738"},"1647":{"r":"D-AXLI","t":"B738"},"1649":{"r":"D-AXLK","t":"B738"},"171B":{"r":"D-AXTM","t":"GLEX"},"1A69":{"r":"D-AZAA","t":"A321"},"1A6A":{"r":"D-AZAB","t":"A321"},"1A6C":{"r":"D-AZAD","t":"A321"},"1A6E":{"r":"D-AZAF","t":"A321"},"1A6F":{"r":"D-AZAG","t":"A321"},"1A70":{"r":"D-AZAH","t":"A321"},"1A71":{"r":"D-AZAI","t":"A321"},"1A72":{"r":"D-AZAJ","t":"A320"},"1A74":{"r":"D-AZAL","t":"A321"},"1A77":{"r":"D-AZAO","t":"A321"},"1A79":{"r":"D-AZAQ","t":"A321"},"1A7A":{"r":"D-AZAR","t":"A321"},"1A7C":{"r":"D-AZAT","t":"A321"},"1A7E":{"r":"D-AZAV","t":"A321"},"1ADD":{"r":"D-AZEM","t":"F900"},"2196":{"r":"D-BPPP","t":"AT45"},"2909":{"r":"D-BSKY","t":"F2TH"},"292D":{"r":"D-BSMI","t":"CL30"},"293F":{"r":"D-BSNA","t":"CL60"},"2B06":{"r":"D-BTEN","t":"C750"},"2D57":{"r":"D-BUBI","t":"CL30"},"2F21":{"r":"D-BUSY","t":"CL60"},"5061":{"t":"GLF5"},"5062":{"t":"GLF5"},"506E":{"t":"E135"},"5070":{"t":"E135"},"5071":{"t":"E135"},"50B0":{"t":"F27"},"5101":{"t":"DH8D"},"5110":{"t":"DH8D"},"5111":{"t":"DH8D"},"5112":{"t":"DH8D"},"5113":{"t":"DH8D"},"5128":{"t":"B733"},"5192":{"t":"GLF5"},"51C1":{"t":"A319"},"51C2":{"t":"GLEX"},"5265":{"t":"GLF4"},"5423":{"t":"A306"},"5424":{"t":"A306"},"5425":{"t":"A306"},"5426":{"t":"A306"},"5427":{"t":"A306"},"5428":{"t":"A306"},"5429":{"t":"A306"},"542A":{"t":"A306"},"542B":{"t":"A306"},"542C":{"t":"A306"},"542D":{"t":"A306"},"542E":{"t":"A306"},"542F":{"t":"A306"},"5430":{"t":"A306"},"5431":{"t":"A306"},"5432":{"t":"A306"},"5433":{"t":"A306"},"5434":{"t":"A306"},"5441":{"t":"E190"},"5442":{"t":"E190"},"5443":{"t":"E190"},"5444":{"t":"E190"},"5445":{"t":"E190"},"5446":{"t":"E190"},"5447":{"t":"E190"},"5448":{"t":"E190"},"5449":{"t":"E190"},"544A":{"t":"E190"},"544B":{"t":"E190"},"544C":{"t":"E190"},"544D":{"t":"E190"},"544E":{"t":"E190"},"544F":{"t":"E190"},"5450":{"t":"E190"},"5451":{"t":"E190"},"5452":{"t":"E190"},"5453":{"t":"E190"},"5461":{"t":"E190"},"5462":{"t":"E190"},"5463":{"t":"E190"},"5464":{"t":"E190"},"5465":{"t":"E190"},"5466":{"t":"E190"},"5467":{"t":"E190"},"5468":{"t":"E190"},"5469":{"t":"E190"},"54F6":{"t":"GLEX"},"558B":{"t":"F27"},"55A1":{"t":"E190"},"55A2":{"t":"E190"},"55A3":{"t":"E190"},"55A4":{"t":"E190"},"55A5":{"t":"E190"},"55A6":{"t":"E190"},"55A7":{"t":"E190"},"564B":{"t":"A333"},"5651":{"t":"A333"},"5653":{"t":"A333"},"5696":{"t":"CL60"},"56AB":{"t":"CL60"},"56E1":{"t":"B463"},"56E2":{"t":"B463"},"56E4":{"t":"B462"},"56E5":{"t":"B462"},"56E6":{"t":"B462"},"56EC":{"t":"B463"},"56ED":{"t":"B463"},"56EE":{"t":"B463"},"56F0":{"t":"B463"},"56F1":{"t":"B463"},"5821":{"t":"CL60"},"5822":{"t":"CL60"},"5823":{"t":"CL60"},"5829":{"t":"CL60"},"582D":{"t":"GLEX"},"5835":{"t":"GLEX"},"5961":{"t":"F100"},"5962":{"t":"F100"},"5963":{"t":"F100"},"5964":{"t":"F100"},"5965":{"t":"F100"},"5966":{"t":"F100"},"5999":{"t":"GLF4"},"5A12":{"t":"FA7X"},"5A78":{"t":"FA7X"},"5AAE":{"t":"E35L"},"5CA2":{"t":"B733"},"5CA3":{"t":"B737"},"5CA7":{"t":"B733"},"5CAA":{"t":"B733"},"5CAB":{"t":"B733"},"5CAC":{"t":"B737"},"5CAE":{"t":"B737"},"5CB0":{"t":"B737"},"5CB1":{"t":"B737"},"5CB2":{"t":"B737"},"5CB3":{"t":"B737"},"5CB4":{"t":"B737"},"5CB5":{"t":"B737"},"5D50":{"t":"GLEX"},"5DB2":{"t":"B734"},"5E08":{"t":"F100"},"5E0B":{"t":"F100"},"5E61":{"t":"B738"},"5E62":{"t":"B738"},"5ED3":{"t":"GLF4"},"5EE1":{"t":"A319"},"5EE2":{"t":"A319"},"5EE3":{"t":"A319"},"5EE4":{"t":"A319"},"5EE5":{"t":"A319"},"5EE6":{"t":"A319"},"5EE7":{"t":"A319"},"5EE8":{"t":"A319"},"5EE9":{"t":"A319"},"5EEA":{"t":"A319"},"5EEB":{"t":"A319"},"5EEC":{"t":"A319"},"5EED":{"t":"A319"},"5EEE":{"t":"A319"},"5EEF":{"t":"A319"},"5EF0":{"t":"A319"},"5EF1":{"t":"A319"},"5EF2":{"t":"A319"},"5EF3":{"t":"A319"},"5EF4":{"t":"A319"},"5EF5":{"t":"A319"},"5EF6":{"t":"A319"},"5EF7":{"t":"A319"},"5EF8":{"t":"A319"},"5EF9":{"t":"A319"},"5EFA":{"t":"A319"},"7022":{"t":"A321"},"7061":{"t":"MD11"},"7062":{"t":"MD11"},"7063":{"t":"MD11"},"7064":{"t":"MD11"},"7065":{"t":"MD11"},"7066":{"t":"MD11"},"7067":{"t":"MD11"},"7068":{"t":"MD11"},"7069":{"t":"MD11"},"706A":{"t":"MD11"},"706B":{"t":"MD11"},"706C":{"t":"MD11"},"706D":{"t":"MD11"},"706E":{"t":"MD11"},"706F":{"t":"MD11"},"7070":{"t":"MD11"},"7071":{"t":"MD11"},"7072":{"t":"MD11"},"7073":{"t":"MD11"},"70A1":{"t":"B752"},"70A2":{"t":"B752"},"70A3":{"t":"B752"},"70A4":{"t":"B752"},"70A5":{"t":"B752"},"70A6":{"t":"B752"},"70A7":{"t":"B752"},"70A8":{"t":"B752"},"70A9":{"t":"B752"},"70AA":{"t":"B752"},"70AB":{"t":"B752"},"70B9":{"t":"A319"},"70C1":{"t":"B77L"},"70C2":{"t":"B77L"},"70C3":{"t":"B77L"},"70C4":{"t":"B77L"},"70C5":{"t":"B77L"},"7114":{"t":"A319"},"7121":{"t":"E170"},"7125":{"t":"E170"},"712C":{"t":"FA7X"},"71B3":{"t":"F900"},"7201":{"t":"A332"},"7202":{"t":"A332"},"7203":{"t":"A332"},"7204":{"t":"A332"},"7205":{"t":"A332"},"7206":{"t":"A332"},"7207":{"t":"A332"},"7208":{"t":"A332"},"7209":{"t":"A332"},"720A":{"t":"A332"},"7261":{"t":"A321"},"7262":{"t":"A321"},"7263":{"t":"A321"},"7264":{"t":"A321"},"7283":{"t":"A320"},"7284":{"t":"A320"},"7285":{"t":"A320"},"7286":{"t":"A320"},"7288":{"t":"A320"},"728B":{"t":"A320"},"728C":{"t":"A320"},"7318":{"t":"A319"},"742A":{"t":"B462"},"74EC":{"t":"B462"},"7527":{"t":"F900"},"7663":{"t":"CL60"},"78C3":{"t":"AT72"},"7D82":{"t":"SB20"},"7D83":{"t":"SB20"},"7D87":{"t":"F100"},"7D88":{"t":"F100"},"7D94":{"t":"SB20"},"7DC5":{"t":"E135"},"7E8C":{"t":"GL5T"},"8481":{"t":"J328"},"8483":{"t":"J328"},"848F":{"t":"CL30"},"85AD":{"t":"F2TH"},"85CE":{"t":"CL30"},"8665":{"t":"F2TH"},"86C2":{"t":"CL30"},"86C7":{"t":"C750"},"8D81":{"t":"CL30"},"8E4E":{"t":"AT43"},"8E4F":{"t":"AT43"},"94B0":{"t":"C750"},"9570":{"t":"CL30"},"9579":{"t":"F2TH"},"9654":{"t":"F2TH"},"9674":{"t":"F2TH"},"9689":{"t":"FA50"},"98C2":{"t":"F2TH"},"9945":{"t":"CL30"},"9C25":{"t":"J328"},"9C33":{"t":"J328"},"A4E1":{"t":"CL30"},"A561":{"t":"F2TH"},"A644":{"t":"J328"},"A6C9":{"t":"CL30"},"A8B4":{"t":"J328"},"B089":{"t":"C750"},"B6D6":{"t":"F2TH"},"BC49":{"t":"F2TH"},"BDCE":{"t":"F2TH"},"BDE3":{"t":"C750"},"BDEB":{"t":"F2TH"},"BE73":{"t":"F2TH"},"C000":{"t":"C56X"},"C004":{"t":"LJ55"},"C00B":{"t":"D228"},"C00C":{"t":"D228"},"C011":{"t":"D228"},"C019":{"t":"D228"},"C01B":{"t":"ASTR"},"C05B":{},"C066":{"t":"C56X"},"C0B7":{"t":"LJ40"},"C0BD":{"t":"C680"},"C0C4":{"t":"C56X"},"C0E1":{"t":"C56X"},"C0F4":{"t":"C56X"},"C129":{"t":"C550"},"C12A":{"t":"D228"},"C14A":{"t":"C560"},"C187":{"t":"C560"},"C194":{"t":"LJ35"},"C1C8":{"t":"C680"},"C1D4":{"t":"C560"},"C1D5":{"t":"SF34"},"C1E7":{"t":"C25B"},"C1F2":{"t":"C680"},"C209":{"t":"B350"},"C21E":{"t":"C560"},"C222":{"t":"SW4"},"C226":{"t":"LJ35"},"C23D":{"t":"C680"},"C248":{"t":"C56X"},"C24E":{"t":"C680"},"C250":{"t":"C560"},"C2BC":{"t":"C680"},"C2BF":{"t":"C56X"},"C2EB":{"t":"C25C"},"C319":{"t":"C560"},"C381":{},"C38D":{"t":"C650"},"C4C7":{"t":"C25B"},"C548":{"t":"LJ35"},"C549":{"t":"C550"},"C55A":{"t":"SH36"},"C569":{"t":"C25B"},"C57C":{"t":"LJ35"},"C57D":{"t":"LJ35"},"C57E":{"t":"SW4"},"C581":{"t":"C550"},"C5B0":{"t":"C56X"},"C5C4":{"t":"C650"},"C5CF":{"t":"C680"},"C5EA":{"t":"LJ60"},"C5F1":{"t":"LJ55"},"C5FF":{"t":"LJ35"},"C629":{"t":"D328"},"C644":{"t":"C680"},"C666":{"t":"C56X"},"C71F":{"t":"C650"},"C76D":{"t":"C56X"},"C787":{"t":"C550"},"C83D":{"t":"C56X"},"C95A":{"t":"LJ45"},"C9AB":{"t":"LJ45"},"C9C5":{"t":"LJ35"},"C9F3":{"t":"C25B"},"CAB6":{"t":"C560"},"CAFC":{"t":"C56X"},"CB12":{"t":"C25C"},"CB15":{"t":"C25B"},"CB16":{"t":"C25C"},"CB20":{"t":"C56X"},"CB52":{"t":"C56X"},"CB72":{"t":"BE40"},"CBB2":{"t":"C25B"},"CBB6":{"t":"C550"},"CBCE":{"t":"C560"},"CCB3":{"t":"C25C"},"CCF5":{"t":"LJ35"},"CD3C":{"t":"LJ35"},"CD4B":{"t":"LJ35"},"CD4D":{"t":"LJ55"},"CD6D":{"t":"LJ35"},"CDB7":{"t":"LJ60"},"CDBB":{"t":"C560"},"CDD6":{"t":"LJ35"},"CE04":{"t":"B350"},"CE16":{"t":"B350"},"CE58":{"t":"LJ60"},"CE6A":{"t":"C56X"},"CE6F":{"t":"B350"},"CE70":{"t":"BE30"},"CE74":{"t":"E55P"},"CF1B":{"t":"LJ31"},"CF28":{"t":"LJ35"},"CF93":{"t":"C25B"},"CFD8":{"t":"C56X"},"D003":{"t":"LJ55"},"D04E":{"t":"LJ60"},"D04F":{"t":"G150"},"D075":{"t":"LJ40"},"D076":{"t":"LJ40"},"D07A":{"t":"LJ31"},"D194":{"t":"LJ35"},"D28F":{"t":"C25B"},"D2CC":{"t":"C680"},"D2CE":{"t":"C560"},"D2E6":{"t":"C680"},"D2F5":{"t":"LJ60"},"D325":{"t":"H25B"},"D32A":{"t":"E55P"},"D339":{"t":"C56X"},"D34E":{"t":"E55P"},"D357":{"t":"C680"},"D35A":{"t":"C25B"},"D3A6":{"t":"LJ45"},"D3AB":{"t":"E55P"},"D3B6":{"t":"C550"},"D436":{"t":"C25C"},"D438":{"t":"C25C"},"D45F":{"t":"C560"},"D50B":{"t":"C550"},"D52E":{"t":"C550"},"D5AE":{"t":"C560"},"D5F8":{"t":"LJ60"},"D67A":{"t":"C56X"},"D684":{"t":"LJ35"},"D6DA":{"t":"D328"},"D6DB":{"t":"D328"},"D6DD":{"t":"D328"},"D6E2":{"t":"D328"},"D6E3":{"t":"D328"},"D6E5":{"t":"D328"},"D6E9":{"t":"D328"},"D70E":{"t":"LJ60"},"D726":{"t":"LJ35"},"D772":{"t":"C550"},"D7C9":{"t":"LJ60"},"D7CE":{"t":"C25B"},"D83F":{"t":"C25B"},"D8B7":{"t":"C550"},"D942":{"t":"C25B"},"D94D":{"t":"LJ31"},"D950":{"t":"LJ35"},"DAC2":{"t":"G150"},"DB24":{"t":"C56X"},"DBBA":{"t":"C25C"},"DBFD":{"t":"SW4"},"DD18":{"t":"E55P"},"DD1F":{"t":"C25B"},"DD26":{"t":"BE40"},"DD2D":{"t":"H25B"},"DD32":{"t":"E55P"},"DD5F":{"t":"C650"},"DD82":{"t":"C680"},"DDDE":{"t":"C56X"},"DE35":{"t":"C56X"},"DE56":{"t":"LJ45"},"DF2B":{"t":"LJ40"},"DF2D":{"t":"LJ40"},"E005":{"t":"C680"},"E020":{"t":"C560"},"E02B":{"t":"FA20"},"E066":{"t":"D328"},"E067":{"t":"D328"},"E078":{"t":"C25B"},"E0F0":{"t":"C56X"},"E0F4":{"t":"LJ24"},"E0F7":{"t":"C56X"},"E119":{"t":"D228"},"E128":{"t":"C25C"},"E13E":{"t":"C650"},"E176":{"t":"LJ31"},"E186":{"t":"LJ45"},"E256":{"t":"SW4"},"E259":{"t":"SW4"},"E25A":{"t":"SW4"},"E26C":{"t":"SW4"},"E291":{"t":"C650"},"E2D0":{"t":"D228"},"E38D":{"t":"LJ45"},"E3B3":{"t":"C56X"},"E3C1":{"t":"C25B"},"E3C2":{"t":"C56X"},"E460":{"t":"LJ60"},"E51A":{"t":"C56X"},"E52C":{"t":"B190"},"E600":{"t":"LJ35"},"E617":{"t":"SW3"},"E619":{"t":"SW4"},"E61A":{"t":"SF34"},"E629":{"t":"SW4"},"E63E":{"t":"LJ60"},"E64E":{"t":"LJ35"},"E65E":{"t":"LJ55"},"E66F":{"t":"LJ55"},"E6CC":{"t":"D328"},"E6DF":{"t":"C680"},"E735":{"t":"C25B"},"E7AA":{"t":"C25B"},"E7FB":{"t":"LJ40"},"E8DC":{"t":"C25B"},"E8E8":{"t":"LJ60"},"E931":{"t":"C550"},"E964":{"t":"LJ31"},"E965":{"t":"D328"},"E986":{"t":"SW4"},"EA49":{"t":"LJ35"},"EBF0":{"t":"C56X"},"ECEB":{"t":"C25B"},"ECF1":{"t":"LJ60"},"ECF2":{"t":"BE30"},"ECF6":{"t":"SH36"},"ED02":{"t":"LJ45"},"ED29":{"t":"E55P"},"ED64":{"t":"C650"},"EDC6":{"t":"ASTR"},"EE51":{"t":"LJ60"},"EE5D":{"t":"C56X"},"EF8E":{"t":"E55P"},"EF93":{"t":"SW4"},"EF97":{"t":"LJ31"},"EFF1":{"t":"C56X"},"F00D":{"t":"C550"},"F05C":{"t":"LJ31"},"F064":{"t":"LJ60"},"F06F":{"t":"LJ60"},"F0A4":{"t":"B350"},"F0B9":{"t":"LJ60"},"F19D":{"t":"C56X"},"F1C9":{"t":"SW4"},"F1D0":{"t":"C550"},"F296":{"t":"C25B"},"F361":{"t":"C56X"},"F3EE":{"t":"LJ35"},"F42D":{"t":"C56X"},"F476":{"t":"LJ35"},"F4EA":{"t":"C25B"},"F601":{"t":"D228"},"F630":{"t":"LJ55"},"F68A":{"t":"C25B"},"F69D":{"t":"LJ31"},"F6D1":{"t":"D228"},"F6EC":{"t":"C56X"},"F82A":{"t":"C680"},"F82B":{"t":"C56X"},"F836":{"t":"C25B"},"F84C":{"t":"C650"},"F853":{"t":"LJ55"},"F86B":{"t":"LJ40"},"F9AB":{"t":"C56X"},"FA30":{"t":"LJ55"},"FAF0":{"t":"C650"},"FAF5":{"t":"C680"},"FAF9":{"t":"C25B"},"FDEC":{"t":"C56X"},"children":["3C4","3C6"]}