{"42D":{"t":"GLF5"},"43A":{"t":"GL5T"},"442":{"t":"GLF4"},"52A":{"t":"CRJ2"},"581":{"t":"B77L"},"582":{"t":"B77L"},"583":{"t":"B77L"},"584":{"t":"B77L"},"585":{"t":"B77L"},"586":{"t":"B77L"},"587":{"t":"B77L"},"588":{"t":"B77L"},"5A1":{"t":"CL60"},"5CE":{"t":"CRJ2"},"5EB":{"t":"CL60"},"822":{"t":"B737"},"826":{"t":"B738"},"827":{"t":"B738"},"830":{"t":"B738"},"831":{"t":"B738"},"832":{"t":"B738"},"833":{"t":"B738"},"834":{"t":"B738"},"835":{"t":"B738"},"836":{"t":"B738"},"841":{"t":"B738"},"842":{"t":"B738"},"843":{"t":"B738"},"844":{"t":"B738"},"845":{"t":"B738"},"846":{"t":"B738"},"847":{"t":"B738"},"848":{"t":"B738"},"849":{"t":"B738"},"84A":{"t":"B738"},"84B":{"t":"B738"},"84C":{"t":"B738"},"84D":{"t":"B738"},"851":{"t":"B738"},"853":{"t":"B737"},"854":{"t":"B737"},"855":{"t":"B738"},"856":{"t":"B737"},"857":{"t":"B737"},"858":{"t":"B738"},"859":{"t":"B738"},"85A":{"t":"B738"},"861":{"t":"A321"},"862":{"t":"A321"},"863":{"t":"A321"},"864":{"t":"CL60"},"866":{"t":"A321"},"867":{"t":"A321"},"868":{"t":"A321"},"869":{"t":"A321"},"86A":{"t":"A321"},"86B":{"t":"A321"},"882":{"t":"A320"},"884":{"t":"A320"},"885":{"t":"A320"},"886":{"t":"A320"},"887":{"t":"A320"},"888":{"t":"A320"},"889":{"t":"A320"},"88A":{"t":"A320"},"88E":{"t":"A320"},"88F":{"t":"A320"},"890":{"t":"A320"},"891":{"t":"A320"},"892":{"t":"A320"},"893":{"t":"A320"},"895":{"t":"A320"},"897":{"t":"A320"},"898":{"t":"A320"},"899":{"t":"A320"},"8A1":{"t":"B733"},"8A2":{"t":"B733"},"8A3":{"t":"B733"},"8A4":{"t":"B733"},"8A5":{"t":"B733"},"8A6":{"t":"B733"},"8A8":{"t":"B733"},"8A9":{"t":"B733"},"8AB":{"t":"B733"},"8AC":{"t":"B733"},"8AD":{"t":"B733"},"8AE":{"t":"B733"},"8AF":{"t":"B733"},"8B0":{"t":"B733"},"8B2":{"t":"B733"},"8B3":{"t":"B733"},"8B4":{"t":"B733"},"8B5":{"t":"B733"},"8B7":{"t":"B733"},"8B9":{"t":"CL60"},"8C1":{"t":"A320"},"8C2":{"t":"A320"},"8C3":{"t":"A320"},"8C5":{"t":"A320"},"8C6":{"t":"A320"},"8C7":{"t":"A320"},"8C8":{"t":"A320"},"8CB":{"t":"A320"},"8CC":{"t":"A320"},"8CD":{"t":"A320"},"8CE":{"t":"A320"},"8CF":{"t":"A320"},"8D0":{"t":"A320"},"8D4":{"t":"A320"},"8D5":{"t":"A320"},"8DA":{"t":"A320"},"8E1":{"t":"A319"},"8E2":{"t":"A319"},"8E3":{"t":"A319"},"8E8":{"t":"A319"},"8E9":{"t":"A319"},"8EA":{"t":"A319"},"8EB":{"t":"A319"},"8EC":{"t":"A319"},"8EE":{"t":"A319"},"8EF":{"t":"A319"},"8F0":{"t":"A319"},"8F1":{"t":"A319"},"8F2":{"t":"A319"},"8F3":{"t":"A319"},"921":{"t":"B735"},"922":{"t":"B735"},"923":{"t":"B735"},"924":{"t":"B735"},"925":{"t":"B735"},"926":{"t":"B735"},"928":{"t":"B735"},"929":{"t":"B735"},"92B":{"t":"B735"},"92C":{"t":"B735"},"92D":{"t":"B735"},"92E":{"t":"B735"},"92F":{"t":"B735"},"930":{"t":"B735"},"932":{"t":"B735"},"933":{"t":"B735"},"934":{"t":"B735"},"935":{"t":"B735"},"937":{"t":"B735"},"938":{"t":"B735"},"939":{"t":"B735"},"93A":{"t":"B735"},"941":{"t":"B735"},"942":{"t":"B735"},"943":{"t":"B735"},"944":{"t":"B735"},"945":{"t":"B735"},"946":{"t":"B735"},"948":{"t":"B735"},"949":{"t":"B735"},"961":{"t":"B738"},"962":{"t":"B738"},"963":{"t":"B738"},"964":{"t":"B738"},"965":{"t":"B738"},"966":{"t":"B738"},"967":{"t":"B738"},"968":{"t":"B738"},"969":{"t":"B738"},"96A":{"t":"B738"},"96B":{"t":"B738"},"96C":{"t":"B738"},"96D":{"t":"B738"},"96E":{"t":"B738"},"96F":{"t":"B738"},"970":{"t":"B738"},"971":{"t":"B738"},"973":{"t":"B738"},"974":{"t":"B738"},"975":{"t":"B738"},"977":{"t":"B738"},"979":{"t":"B738"},"981":{"t":"B737"},"982":{"t":"B737"},"983":{"t":"B737"},"984":{"t":"B737"},"985":{"t":"B737"},"986":{"t":"B737"},"9A2":{"t":"B738"},"9A3":{"t":"B738"},"9A4":{"t":"B738"},"9A5":{"t":"B738"},"9A6":{"t":"B738"},"9A7":{"t":"B738"},"9A8":{"t":"B738"},"9A9":{"t":"B738"},"9AA":{"t":"B738"},"9AB":{"t":"B738"},"9AC":{"t":"B738"},"9AF":{"t":"B738"},"9B0":{"t":"B738"},"9B1":{"t":"B738"},"9B2":{"t":"B738"},"9B3":{"t":"B738"},"9B5":{"t":"B738"},"9B6":{"t":"B738"},"9B7":{"t":"GLF5"},"9C1":{"t":"A320"},"9C2":{"t":"A320"},"9C3":{"t":"A320"},"9E1":{"t":"B753"},"9E2":{"t":"B753"},"9E3":{"t":"B753"},"9E5":{"t":"B753"},"9E6":{"t":"B753"},"9E7":{"t":"B753"},"9E8":{"t":"B753"},"9E9":{"t":"B753"},"9EA":{"t":"B753"},"9EB":{"t":"B753"},"9EC":{"t":"B753"},"9ED":{"t":"B753"},"9EE":{"t":"B753"},"A21":{"t":"DH8D"},"A22":{"t":"DH8D"},"A23":{"t":"DH8D"},"A24":{"t":"DH8D"},"A25":{"t":"DH8D"},"A26":{"t":"DH8D"},"A27":{"t":"DH8D"},"A28":{"t":"DH8D"},"A29":{"t":"DH8D"},"A2A":{"t":"DH8D"},"A2B":{"t":"DH8D"},"A2C":{"t":"DH8D"},"A45":{"t":"B734"},"A81":{"t":"B744"},"A82":{"t":"B744"},"A83":{"t":"B744"},"A84":{"t":"B744"},"A85":{"t":"B744"},"A86":{"t":"B744"},"A88":{"t":"B744"},"A8B":{"t":"B744"},"A8C":{"t":"B744"},"AA1":{"t":"B763"},"AA2":{"t":"B763"},"AA3":{"t":"B763"},"AA4":{"t":"B763"},"AA5":{"t":"B763"},"AA6":{"t":"B763"},"AA8":{"t":"B763"},"AA9":{"t":"B763"},"AAB":{"t":"B763"},"AAC":{"t":"B763"},"AAD":{"t":"B763"},"AB3":{"t":"B763"},"ABA":{"t":"B763"},"AC1":{"t":"B744"},"AC2":{"t":"B744"},"AC3":{"t":"B744"},"AC4":{"t":"B744"},"AC5":{"t":"B744"},"AC6":{"t":"B744"},"AC8":{"t":"B744"},"ACB":{"t":"B744"},"ACC":{"t":"B744"},"ACD":{"t":"B744"},"ACE":{"t":"B744"},"ACF":{"t":"B744"},"AD0":{"t":"B744"},"AD2":{"t":"B744"},"AD3":{"t":"B744"},"AD4":{"t":"B744"},"AD5":{"t":"B744"},"AD7":{"t":"B744"},"AD8":{"t":"B744"},"AD9":{"t":"B744"},"ADA":{"t":"B744"},"AE8":{"t":"B733"},"B01":{"t":"A332"},"B02":{"t":"A332"},"B03":{"t":"A332"},"B04":{"t":"A332"},"B0C":{"t":"B733"},"B0D":{"t":"B733"},"B0E":{"t":"B733"},"B0F":{"t":"B733"},"B10":{"t":"B733"},"B12":{"t":"B733"},"B13":{"t":"B733"},"B14":{"t":"B733"},"B15":{"t":"B733"},"B17":{"t":"B733"},"B18":{"t":"B733"},"B19":{"t":"B733"},"B1A":{"t":"B733"},"B21":{"t":"B748"},"B23":{"t":"B748"},"B24":{"t":"B748"},"B26":{"t":"B748"},"B27":{"t":"B748"},"B28":{"t":"B748"},"B29":{"t":"B748"},"B2A":{"t":"B748"},"B2B":{"t":"B748"},"B2C":{"t":"B748"},"B2D":{"t":"B748"},"B2E":{"t":"B748"},"B2F":{"t":"B748"},"B30":{"t":"B748"},"B31":{"t":"B748"},"B32":{"t":"B748"},"B34":{"t":"B748"},"B35":{"t":"B748"},"C4A":{"t":"B737"},"C4E":{"t":"A319"},"C4F":{"t":"GLEX"},"C85":{"t":"GLEX"},"CC1":{"t":"B462"},"CE1":{"t":"B744"},"CE2":{"t":"B744"},"CE3":{"t":"B744"},"CE4":{"t":"B744"},"D01":{"t":"CRJ2"},"D02":{"t":"CRJ2"},"D03":{"t":"CRJ2"},"D04":{"t":"CRJ2"},"D05":{"t":"CRJ2"},"D06":{"t":"CRJ2"},"D09":{"t":"CRJ2"},"D0B":{"t":"CRJ2"},"D43":{"t":"CRJ1"},"D45":{"t":"CRJ1"},"D46":{"t":"CRJ1"},"D61":{"t":"CRJ9"},"D62":{"t":"CRJ9"},"D63":{"t":"CRJ9"},"D64":{"t":"CRJ9"},"D65":{"t":"CRJ9"},"D66":{"t":"CRJ9"},"D67":{"t":"CRJ9"},"D68":{"t":"CRJ9"},"D69":{"t":"CRJ9"},"D6A":{"t":"CRJ9"},"D6B":{"t":"CRJ9"},"D6C":{"t":"CRJ9"},"D97":{"t":"CRJ1"},"D99":{"t":"CRJ1"},"DC1":{"t":"CRJ9"},"DC2":{"t":"CRJ9"},"DC3":{"t":"CRJ9"},"DC4":{"t":"CRJ9"},"DC5":{"t":"CRJ9"},"DC6":{"t":"CRJ9"},"DC7":{"t":"CRJ9"},"DC8":{"t":"CRJ9"},"DC9":{"t":"CRJ9"},"DCA":{"t":"CRJ9"},"DCB":{"t":"CRJ9"},"DCC":{"t":"CRJ9"},"DCD":{"t":"CRJ9"},"DCE":{"t":"CRJ9"},"DCF":{"t":"CRJ9"},"DD0":{"t":"CRJ9"},"DD1":{"t":"CRJ9"},"DD2":{"t":"CRJ9"},"DD4":{"t":"CRJ9"},"DD5":{"t":"CRJ9"},"DD6":{"t":"CRJ9"},"DD7":{"t":"CRJ9"},"DD8":{"t":"CRJ9"},"E01":{"t":"CRJ7"},"E02":{"t":"CRJ7"},"E03":{"t":"CRJ7"},"E04":{"t":"CRJ7"},"E05":{"t":"CRJ7"},"E06":{"t":"CRJ7"},"E07":{"t":"CRJ7"},"E08":{"t":"CRJ7"},"E09":{"t":"CRJ7"},"E0A":{"t":"CRJ7"},"E0B":{"t":"CRJ7"},"E0C":{"t":"CRJ7"},"E0D":{"t":"CRJ7"},"E0E":{"t":"CRJ7"},"E0F":{"t":"CRJ7"},"E10":{"t":"CRJ7"},"E11":{"t":"CRJ7"},"E12":{"t":"CRJ7"},"E13":{"t":"CRJ7"},"E14":{"t":"CRJ7"},"E41":{"t":"CRJ2"},"E42":{"t":"CRJ2"},"E43":{"t":"CRJ2"},"E44":{"t":"CRJ2"},"E45":{"t":"CRJ2"},"E46":{"t":"CRJ2"},"E47":{"t":"CRJ2"},"E48":{"t":"CRJ2"},"E49":{"t":"CRJ2"},"E4A":{"t":"CRJ2"},"E4B":{"t":"CRJ2"},"E4C":{"t":"CRJ2"},"E4D":{"t":"CRJ2"},"E4E":{"t":"CRJ2"},"E4F":{"t":"CRJ2"},"E50":{"t":"CRJ2"},"E51":{"t":"CRJ2"},"E52":{"t":"CRJ2"},"E62":{"t":"CRJ7"},"E63":{"t":"CRJ7"},"EA1":{"t":"CL60"}}