{"024":{"t":"A319"},"0B2":{"t":"F900"},"0C1":{"t":"B738"},"0C2":{"t":"B738"},"0C3":{"t":"B738"},"0C4":{"t":"B738"},"0C5":{"t":"B738"},"0C8":{"t":"B738"},"0C9":{"t":"B738"},"0CB":{"t":"B738"},"0CC":{"t":"B738"},"0CD":{"t":"B738"},"0CE":{"t":"B738"},"0CF":{"t":"B738"},"0D0":{"t":"B738"},"0D1":{"t":"B738"},"0D2":{"t":"B738"},"0D3":{"t":"B738"},"0D4":{"t":"B738"},"0D5":{"t":"B738"},"0D6":{"t":"B738"},"0D7":{"t":"B738"},"0D8":{"t":"B738"},"0D9":{"t":"B738"},"0DA":{"t":"B738"},"101":{"t":"A319"},"102":{"t":"A319"},"103":{"t":"A320"},"104":{"t":"A320"},"105":{"t":"A319"},"106":{"t":"A320"},"107":{"t":"A320"},"108":{"t":"A320"},"121":{"t":"B737"},"129":{"t":"A319"},"12A":{"t":"A319"},"12B":{"t":"A319"},"12C":{"t":"A319"},"12D":{"t":"A319"},"12E":{"t":"A319"},"12F":{"t":"A319"},"185":{"t":"CL60"},"18B":{"t":"B738"},"192":{"t":"B738"},"1E9":{"t":"B463"},"24E":{"t":"F900"},"301":{"t":"B737"},"302":{"t":"B737"},"303":{"t":"B737"},"304":{"t":"B737"},"305":{"t":"B737"},"306":{"t":"B737"},"307":{"t":"B737"},"308":{"t":"B737"},"309":{"t":"B737"},"30A":{"t":"B737"},"421":{"t":"A321"},"422":{"t":"A321"},"423":{"t":"A321"},"441":{"t":"A319"},"442":{"t":"A319"},"443":{"t":"A319"},"444":{"t":"A319"},"445":{"t":"A319"},"446":{"t":"A319"},"447":{"t":"A319"},"448":{"t":"A319"},"449":{"t":"A319"},"44A":{"t":"A319"},"461":{"t":"A320"},"463":{"t":"A320"},"464":{"t":"A320"},"465":{"t":"A320"},"466":{"t":"A320"},"467":{"t":"A320"},"468":{"t":"A320"},"469":{"t":"A320"},"46A":{"t":"A320"},"46B":{"t":"A320"},"46C":{"t":"A320"},"46E":{"t":"A320"},"481":{"t":"A320"},"482":{"t":"A321"},"483":{"t":"A310"},"484":{"t":"A321"},"485":{"t":"A321"},"486":{"t":"A321"},"487":{"t":"A321"},"488":{"t":"A321"},"489":{"t":"A321"},"48A":{"t":"A321"},"48B":{"t":"A321"},"48C":{"t":"A321"},"48D":{"t":"A321"},"48E":{"t":"A321"},"48F":{"t":"A321"},"490":{"t":"A321"},"491":{"t":"A321"},"494":{"t":"A321"},"495":{"t":"A321"},"496":{"t":"A321"},"497":{"t":"A321"},"498":{"t":"A321"},"4C1":{"t":"A343"},"4C2":{"t":"A343"},"4C3":{"t":"A343"},"4C4":{"t":"A343"},"4C5":{"t":"A343"},"4C6":{"t":"A343"},"4E1":{"t":"A343"},"4E2":{"t":"A343"},"4E3":{"t":"A343"},"4E4":{"t":"A343"},"4E6":{"t":"A343"},"4E8":{"t":"A343"},"4E9":{"t":"A343"},"4EB":{"t":"A343"},"4EC":{"t":"A343"},"4ED":{"t":"A343"},"4EE":{"t":"A343"},"4EF":{"t":"A343"},"4F0":{"t":"A343"},"4F3":{"t":"A343"},"4F4":{"t":"A343"},"4F5":{"t":"A343"},"4F6":{"t":"A343"},"4F7":{"t":"A343"},"4F8":{"t":"A343"},"4F9":{"t":"A343"},"4FA":{"t":"A343"},"501":{"t":"A346"},"502":{"t":"A346"},"503":{"t":"A346"},"504":{"t":"A346"},"505":{"t":"A346"},"506":{"t":"A346"},"508":{"t":"A346"},"509":{"t":"A346"},"50B":{"t":"A346"},"50C":{"t":"A346"},"50D":{"t":"A346"},"50E":{"t":"A346"},"50F":{"t":"A346"},"510":{"t":"A346"},"511":{"t":"A346"},"512":{"t":"A346"},"513":{"t":"A346"},"514":{"t":"A346"},"515":{"t":"A346"},"516":{"t":"A346"},"517":{"t":"A346"},"518":{"t":"A346"},"519":{"t":"A346"},"51A":{"t":"A346"},"561":{"t":"A333"},"562":{"t":"A333"},"563":{"t":"A333"},"564":{"t":"A333"},"565":{"t":"A333"},"566":{"t":"A333"},"567":{"t":"A333"},"568":{"t":"A333"},"569":{"t":"A333"},"56A":{"t":"A333"},"56B":{},"56C":{},"56D":{},"56E":{"t":"A333"},"56F":{"t":"A333"},"570":{"t":"A333"},"571":{"t":"A333"},"572":{"t":"A333"},"573":{"t":"A333"},"581":{"t":"A319"},"582":{"t":"A319"},"583":{"t":"A319"},"584":{"t":"A319"},"585":{"t":"A319"},"586":{"t":"A319"},"588":{"t":"A319"},"589":{"t":"A319"},"58B":{"t":"A319"},"58C":{"t":"A319"},"58D":{"t":"A319"},"58E":{"t":"A319"},"590":{"t":"A319"},"592":{"t":"A319"},"593":{"t":"A319"},"594":{"t":"A319"},"595":{"t":"A319"},"597":{"t":"A319"},"598":{"t":"A319"},"599":{"t":"A319"},"5A1":{"t":"A388"},"5A2":{"t":"A388"},"5A3":{"t":"A388"},"5A4":{"t":"A388"},"5A5":{"t":"A388"},"5A6":{"t":"A388"},"5A7":{"t":"A388"},"5A8":{"t":"A388"},"5A9":{"t":"A388"},"5AA":{"t":"A388"},"5AB":{"t":"A388"},"5AC":{"t":"A388"},"5AD":{"t":"A318"},"5C4":{"t":"CL60"},"601":{"t":"A320"},"602":{"t":"A320"},"603":{"t":"A320"},"604":{"t":"A320"},"605":{"t":"A320"},"606":{"t":"A320"},"608":{"t":"A320"},"60B":{"t":"A320"},"60C":{"t":"A320"},"60D":{"t":"A320"},"610":{"t":"A320"},"612":{"t":"A320"},"613":{"t":"A320"},"614":{"t":"A320"},"615":{"t":"A320"},"617":{"t":"A320"},"618":{"t":"A320"},"619":{"t":"A320"},"61A":{"t":"A320"},"621":{"t":"A320"},"622":{"t":"A320"},"623":{"t":"A320"},"624":{"t":"A320"},"625":{"t":"A320"},"626":{"t":"A320"},"628":{"t":"A320"},"62B":{"t":"A320"},"62C":{"t":"A320"},"62D":{"t":"A320"},"62E":{"t":"A320"},"630":{"t":"A320"},"632":{"t":"A320"},"633":{"t":"A320"},"634":{"t":"A320"},"635":{"t":"A320"},"637":{"t":"A320"},"641":{"t":"A321"},"642":{"t":"A321"},"643":{"t":"A321"},"644":{"t":"A321"},"645":{"t":"A321"},"646":{"t":"A321"},"648":{"t":"A321"},"64B":{"t":"A321"},"64C":{"t":"A321"},"64D":{"t":"A321"},"64E":{"t":"A321"},"64F":{"t":"A321"},"650":{"t":"A321"},"652":{"t":"A321"},"653":{"t":"A321"},"654":{"t":"A321"},"655":{"t":"A321"},"657":{"t":"A321"},"658":{"t":"A321"},"659":{"t":"A321"},"662":{"t":"A321"},"663":{"t":"A321"},"664":{"t":"A321"},"665":{"t":"A321"},"666":{"t":"A321"},"667":{"t":"A321"},"668":{"t":"A321"},"669":{"t":"A321"},"66A":{"t":"A321"},"66B":{"t":"A321"},"66C":{"t":"A321"},"66E":{"t":"A321"},"66F":{"t":"A321"},"670":{"t":"A321"},"671":{"t":"A321"},"672":{"t":"A321"},"674":{"t":"A321"},"675":{"t":"A321"},"676":{"t":"A321"},"677":{"t":"A321"},"678":{"t":"A321"},"67A":{"t":"A321"},"6A1":{"t":"A320"},"6A2":{"t":"A320"},"6A3":{"t":"A320"},"6A4":{"t":"A320"},"6A5":{"t":"A320"},"6A6":{"t":"A320"},"6A7":{"t":"A320"},"6A8":{"t":"A320"},"6A9":{"t":"A320"},"6AA":{"t":"A320"},"6AB":{"t":"A320"},"6AC":{"t":"A320"},"6AD":{"t":"A320"},"6AE":{"t":"A320"},"6AF":{"t":"A320"},"741":{"t":"A320"},"742":{"t":"A320"},"743":{"t":"A320"},"744":{"t":"A320"},"745":{"t":"A320"},"746":{"t":"A320"},"747":{"t":"A320"},"748":{"t":"A320"},"749":{"t":"A320"},"74A":{"t":"A320"},"74B":{"t":"A320"},"74C":{"t":"A320"},"74D":{"t":"A320"},"74E":{"t":"A320"},"74F":{"t":"A320"},"750":{"t":"A320"},"751":{"t":"A320"},"752":{"t":"A320"},"753":{"t":"A320"},"754":{"t":"A320"},"755":{"t":"A320"},"756":{"t":"A320"},"757":{"t":"A320"},"758":{"t":"A320"},"759":{"t":"A320"},"75A":{"t":"A320"},"824":{"t":"F900"},"82E":{"t":"CL60"},"8B4":{"t":"B462"},"8EB":{"t":"GLF4"},"94B":{"t":"GLF4"},"9F9":{"t":"CRJ2"},"C32":{"t":"GLF5"},"C34":{"t":"E135"},"C3A":{"t":"GLEX"},"C48":{"t":"CL60"},"DC6":{"t":"A319"},"DC7":{"t":"A319"},"DC8":{"t":"A319"},"DC9":{"t":"A319"},"DCA":{"t":"A319"},"DCB":{"t":"A319"},"DCC":{"t":"A319"},"DCD":{"t":"A319"},"DCE":{"t":"A319"},"DCF":{"t":"A319"},"DD0":{"t":"A319"},"DD1":{"t":"A319"},"DD2":{"t":"A319"},"DD3":{"t":"A319"},"DD4":{"t":"A319"},"DD5":{"t":"A319"},"DD6":{"t":"A319"},"EA5":{"t":"CL60"}}