{"6005A":{"t":"CL35"},"6008A":{"t":"B752"},"6008B":{"t":"B752"},"6008C":{"t":"B752"},"6008D":{"t":"B752"},"6008E":{"t":"B752"},"601F0":{"t":"AT45"},"601F1":{"t":"AT45"},"601F2":{"t":"AT75"},"601F4":{"t":"AT75"},"601F5":{"t":"AT75"},"601F7":{"t":"AT75"},"601F8":{"t":"AT75"},"601F9":{"t":"AT75"},"602EF":{"t":"BE9L"},"603C4":{"t":"MD90"},"603C5":{"t":"MD90"},"603C6":{"t":"MD90"},"603C7":{"t":"MD90"},"603C8":{"t":"B712"},"603C9":{"t":"B712"},"603CA":{"t":"B712"},"603CB":{"t":"B712"},"603CE":{"t":"B712"},"603CF":{"t":"B712"},"603D0":{"t":"B712"},"603D1":{"t":"B712"},"603D2":{"t":"B712"},"603D6":{"t":"MD90"},"60842":{"t":"C750"},"60DB3":{"t":"F2TH"},"60DB8":{"t":"F900"},"60DBA":{"t":"F900"},"60DBB":{"t":"FA7X"},"60DBE":{"t":"FA7X"},"60E1B":{"t":"F2TH"},"60E5E":{"t":"CL30"},"60EB7":{"t":"F2TH"},"610BD":{"t":"GLF4"},"61162":{"t":"F900"},"61202":{"t":"CL60"},"615F8":{"t":"LJ60"},"61754":{"t":"LJ60"},"619C7":{"t":"B737"},"619E6":{"t":"GLF4"},"61D34":{"t":"B752"},"61D37":{"t":"B752"},"61D38":{"t":"B752"},"61D39":{"t":"B752"},"61D3A":{"t":"B752"},"61D3B":{"t":"B752"},"61D3D":{"t":"B752"},"61D78":{"t":"E170"},"61D79":{"t":"E170"},"61D7B":{"t":"E170"},"61D7C":{"t":"E170"},"61D7E":{"t":"E170"},"61D7F":{"t":"E170"},"61DA9":{"t":"MD11"},"61DAA":{"t":"MD11"},"61DAB":{"t":"MD11"},"61DAD":{"t":"MD11"},"61E14":{"t":"E190"},"61E15":{"t":"E190"},"61E16":{"t":"E190"},"61E1B":{"t":"E190"},"61E1C":{"t":"E190"},"61E1D":{"t":"E190"},"61E1E":{"t":"E190"},"61E1F":{"t":"E190"},"61E21":{"t":"E190"},"61EAC":{"t":"A343"},"61EAD":{"t":"A343"},"61EAE":{"t":"A343"},"61EAF":{"t":"A343"},"61EB0":{},"61EB1":{"t":"A343"},"61EB2":{"t":"A343"},"61F06":{"t":"A333"},"61F07":{"t":"A333"},"61F08":{"t":"A333"},"61F09":{"t":"A333"},"61F0B":{"t":"A333"},"61F0C":{"t":"A333"},"61F0D":{"t":"A333"},"61F0E":{"t":"A333"},"61F2E":{"t":"A319"},"61F2F":{"t":"A319"},"61F30":{"t":"A319"},"61F31":{"t":"A319"},"61F32":{"t":"A319"},"61F33":{"t":"A319"},"61F34":{"t":"A319"},"61F35":{"t":"A319"},"61F36":{"t":"A319"},"61F38":{"t":"A319"},"61F39":{"t":"A319"},"61F62":{"t":"A320"},"61F63":{"t":"A320"},"61F64":{"t":"A320"},"61F65":{"t":"A320"},"61F66":{"t":"A320"},"61F67":{"t":"A320"},"61F68":{"t":"A320"},"61F69":{"t":"A320"},"61F6A":{"t":"A320"},"61F6C":{"t":"A320"},"61F6D":{"t":"A320"},"61F6E":{"t":"A320"},"61F96":{"t":"A321"},"61F97":{"t":"A321"},"61F98":{"t":"A321"},"61F99":{"t":"A321"},"61F9A":{"t":"A321"},"61F9B":{"t":"A321"},"61F9C":{"t":"A321"},"61F9D":{"t":"A321"},"61F9E":{"t":"A321"},"61FA0":{"t":"A321"},"61FA1":{"t":"A321"},"61FBB":{"t":"GL5T"},"62127":{"t":"CL60"},"62141":{"t":"GLEX"},"622F0":{"t":"MD11"},"622F1":{"t":"MD11"},"628DC":{"t":"P28R"},"6292A":{"t":"C750"},"62D15":{"t":"C56X"},"62F91":{"t":"RJ85"},"62F92":{"t":"RJ85"},"62F93":{"t":"RJ85"},"62F96":{"t":"RJ85"},"62F97":{"t":"RJ85"},"62F99":{"t":"RJ85"},"6310F":{"t":"CRJ2"},"63185":{"t":"CL30"},"631CC":{"t":"C25A"},"633E6":{"t":"GLEX"},"63AE8":{"t":"C680"},"63AEA":{"t":"CL60"},"63AF0":{"t":"CL60"},"67896":{"r":"CC-3","t":"C295"},"68075":{"r":"4117","t":"C27J"},"68078":{"r":"4120","t":"C27J"},"680D1":{"r":"209","t":"E135"},"6812F":{"r":"303","t":"C130"},"681E4":{"r":"484","t":"E135"},"682A6":{"r":"HAF678","t":"GLF5"},"682E8":{"r":"744","t":"C130"},"682E9":{"r":"745","t":"C130"},"6848B":{"t":"C56X"},"68686":{"t":"B734"},"68855":{"t":"B733"},"68893":{"t":"A320"},"68894":{"t":"A320"},"688EA":{"t":"B734"},"688F6":{"t":"B734"},"68912":{"t":"B735"},"68913":{"t":"A321"},"68914":{"t":"A321"},"68916":{"t":"A320"},"68931":{"t":"DH8A"},"68932":{"t":"DH8A"},"68961":{"t":"B734"},"68962":{"t":"B734"},"68963":{"t":"B734"},"68964":{"t":"B734"},"68965":{"t":"B734"},"68966":{"t":"B734"},"68967":{"t":"B734"},"68968":{"t":"B734"},"68969":{"t":"B734"},"68971":{"t":"E145"},"68974":{"t":"B734"},"68975":{"t":"B734"},"68978":{"t":"B734"},"68983":{"t":"B733"},"6898D":{"t":"B734"},"689A3":{"t":"B734"},"689A4":{"t":"B734"},"689A9":{"t":"C680"},"689D2":{"t":"LJ60"},"68A10":{"t":"MD83"},"68A13":{"t":"ATP"},"68A4D":{"t":"F50"},"68A53":{"t":"F50"},"68A56":{"t":"F50"},"68A87":{"t":"MD83"},"68A88":{"t":"B752"},"68A8D":{"t":"MD83"},"68A8E":{"t":"B734"},"68A90":{"t":"A320"},"68ACB":{"t":"A320"},"68ACC":{"t":"A320"},"68C8B":{"t":"E135"},"68DA3":{"t":"E145"},"69036":{"t":"B734"},"69061":{"t":"F2TH"},"69064":{"t":"C56X"},"69065":{"t":"C56X"},"69076":{"t":"FA7X"},"690C1":{"t":"A343"},"690C2":{"t":"A343"},"690C3":{"t":"A343"},"690C4":{"t":"A343"},"690E1":{"t":"A321"},"690E2":{"t":"A320"},"690E3":{"t":"A320"},"690E4":{"t":"A320"},"690E5":{"t":"A320"},"690E6":{"t":"A319"},"690E7":{"t":"A319"},"690E8":{"t":"A319"},"690E9":{"t":"A320"},"690EA":{"t":"A320"},"690EB":{"t":"A320"},"690EC":{"t":"A320"},"690ED":{"t":"E135"},"690EE":{"t":"A320"},"690EF":{"t":"A320"},"690F0":{"t":"A321"},"690F1":{"t":"A321"},"690F2":{"t":"A320"},"690F3":{"t":"A321"},"690FA":{"t":"A320"},"6912F":{"t":"A320"},"6913A":{"t":"B463"},"691A1":{"t":"RJ1H"},"691A2":{"t":"RJ1H"},"691A3":{"t":"RJ1H"},"691A4":{"t":"RJ1H"},"692C1":{"t":"RJ1H"},"692C2":{"t":"RJ1H"},"692C3":{"t":"RJ1H"},"692C5":{"t":"RJ1H"},"692C6":{"t":"RJ1H"},"692C7":{"t":"A320"},"692C8":{"t":"A320"},"692C9":{"t":"A320"},"692CA":{"t":"A320"},"692CB":{"t":"A320"},"692CC":{"t":"A320"},"692CD":{"t":"A320"},"692CE":{"t":"A320"},"692CF":{"t":"A321"},"692D0":{"t":"A321"},"692D1":{"t":"A320"},"692D2":{"t":"A320"},"692D3":{"t":"A320"},"692D4":{"t":"A320"},"692D5":{"t":"A320"},"692D6":{"t":"A320"},"692D7":{"t":"A320"},"692D8":{"t":"A320"},"692D9":{"t":"A320"},"692DA":{"t":"A320"},"695B3":{"t":"RJ85"},"69832":{"t":"H25B"},"69881":{"t":"C550"},"69C22":{"t":"GLF4"},"69D4A":{"t":"GLF5"},"69D4E":{"t":"GLEX"},"69E43":{"t":"FA7X"},"69E4E":{"t":"A320"},"6A2D2":{"t":"EC20"},"6A481":{"t":"GALX"},"6A4C1":{"t":"MD83"},"6A650":{"t":"GALX"},"6A8B4":{"t":"FA7X"},"6ACC1":{"t":"CL60"},"6B437":{"t":"GLF4"},"6B4C1":{"t":"GLF5"},"6B581":{"t":"F2TH"},"6B686":{"t":"B733"},"6BA73":{"t":"E50P"},"6BC26":{"t":"A319"},"6BC27":{"t":"A319"},"6BC28":{"t":"A320"},"6BC29":{"t":"A320"},"6BC2A":{"t":"A319"},"6BC2B":{"t":"A319"},"6BC2D":{"t":"A320"},"6BC2E":{"t":"A319"},"6BC2F":{"t":"A319"},"6BC30":{"t":"A320"},"6BC31":{"t":"A320"},"6BC32":{"t":"A320"},"6BC33":{"t":"A320"},"6BC34":{"t":"A320"},"6BC35":{"t":"A320"},"6BC41":{"t":"DH8D"},"6BC45":{"t":"DH8D"},"6BC46":{"t":"DH8D"},"6BC47":{"t":"DH8D"},"6BC48":{"t":"DH8D"},"6C8C1":{"t":"B752"},"6CCA1":{"t":"GALX"},"6CCA2":{"t":"JS31"},"6CCA3":{"t":"JS41"},"6CDB2":{"t":"C56X"},"6CDB3":{"t":"MD83"},"6CDB4":{"t":"A320"},"6CDB5":{"t":"A320"},"6CDB6":{"t":"A320"},"6D02A":{"t":"GALX"},"6D125":{"t":"B742"},"6D345":{"t":"B734"},"6D930":{"t":"B733"},"6E914":{"t":"F900"},"A0482":{"t":"B733"},"A0661":{"t":"A318"},"A0662":{"t":"A318"},"A0663":{"t":"A318"},"A0664":{"t":"A318"},"A0821":{"t":"B733"},"A0823":{"t":"B733"},"A0824":{"t":"B734"},"A0825":{"t":"B734"},"A0826":{"t":"B733"},"A0828":{"t":"B735"},"A0829":{"t":"B734"},"A082A":{"t":"B734"},"A082B":{"t":"B734"},"A082C":{"t":"B734"},"A082D":{"t":"B734"},"A082E":{"t":"B734"},"A082F":{"t":"B734"},"A0831":{"t":"B734"},"A0832":{"t":"B734"},"A0833":{"t":"B734"},"A0835":{"t":"B734"},"A0841":{"t":"B733"},"A08A3":{"t":"B462"},"A08E1":{"t":"B733"},"A08E2":{"t":"B733"},"A08E4":{"t":"B733"},"A08E5":{"t":"B733"},"A08E6":{"t":"B737"},"A08E7":{"t":"B737"},"A08E8":{"t":"B737"},"A08E9":{"t":"B737"},"A08F0":{"t":"B738"},"A08F2":{"t":"B738"},"A08F3":{"t":"B738"},"A0921":{"t":"B738"},"A0922":{"t":"B738"},"A0923":{"t":"B738"},"A0924":{"t":"B738"},"A0926":{"t":"B738"},"A09A2":{"t":"B738"},"A1024":{"t":"C510"},"A1025":{"t":"C510"},"A1130":{"t":"CL60"},"A1208":{"t":"C56X"},"A1596":{"t":"C560"},"A172A":{"r":"5930","t":"C130"},"A1961":{"t":"F100"},"A1962":{"t":"F100"},"A1B41":{"t":"F100"},"A2044":{"t":"MD83"},"A2045":{"t":"MD83"},"A2DA1":{"t":"F70"},"A2DA2":{"t":"F70"},"A2DA3":{"t":"F70"},"A3061":{"t":"A310"},"A3062":{"t":"A310"},"A3493":{"t":"MD82"},"A3839":{"t":"H25B"},"A3E88":{"t":"MD83"},"A3E8E":{"t":"MD82"},"A4A07":{"t":"C560"},"A4A12":{"t":"C56X"},"A5122":{"t":"B733"},"A5129":{"t":"GALX"},"A512B":{"t":"GL5T"},"A5321":{"t":"C56X"},"A8021":{"r":"SE-DIN","t":"MD82"},"A8023":{"r":"SE-DIP","t":"MD87"},"A8024":{"r":"SE-DIR","t":"MD81"},"A8025":{"r":"SE-DIS","t":"MD81"},"A8026":{"r":"SE-DIU","t":"MD87"},"A8034":{"r":"SE-DMB","t":"MD81"},"A8044":{"r":"SE-DMT","t":"MD81"},"A809C":{"r":"SE-DIC","t":"MD87"},"A80A0":{"r":"SE-DIK","t":"MD82"},"A80A1":{"r":"SE-DIL","t":"MD82"},"A80D0":{"r":"102001","t":"GLF4"},"A80D4":{"r":"SE-DTH","t":"B736"},"A8116":{"r":"SE-DYV","t":"H25B"},"A8117":{"r":"SE-DZB","t":"E145"},"A8142":{"r":"SE-DZK","t":"B738"},"A8157":{"r":"SE-DSO","t":"RJ1H"},"A8158":{"r":"SE-DSP","t":"RJ1H"},"A8159":{"r":"SE-DSR","t":"RJ1H"},"A815A":{"r":"SE-DSS","t":"RJ1H"},"A815B":{"r":"SE-DST","t":"RJ1H"},"A815C":{"r":"SE-DSU","t":"RJ1H"},"A815D":{"r":"SE-DSV","t":"RJ1H"},"A815E":{"r":"SE-DSX","t":"RJ1H"},"A815F":{"r":"SE-DSY","t":"RJ1H"},"A8170":{"r":"SE-RAA","t":"E135"},"A8181":{"r":"84001","t":"C130"},"A8182":{"r":"84002","t":"C130"},"A8183":{"r":"84003","t":"C130"},"A8184":{"r":"84004","t":"C130"},"A8185":{"r":"84005","t":"C130"},"A8186":{"r":"84006","t":"C130"},"A8187":{"r":"84007","t":"C130"},"A8199":{"r":"102004","t":"GLF4"},"A819C":{"r":"SE-RAB","t":"E135"},"A81AB":{"r":"SE-REE","t":"A333"},"A81AC":{"r":"SE-REF","t":"A333"},"A81B7":{"r":"SE-RBK","t":"C550"},"A81BB":{"r":"SE-DZV","t":"B738"},"A81C4":{"r":"SE-DRS","t":"BE40"},"A81CF":{"r":"SE-RAC","t":"E145"},"A81E6":{"r":"86001","t":"SBR1"},"A81F4":{"r":"100008","t":"SF34"},"A822A":{"r":"102005","t":"GLF5"},"A83ED":{"r":"SE-DLZ","t":"C500"},"A8E07":{"r":"SE-CPG","t":"JUNR"},"A90D5":{"r":"SE-DFU","t":"MD82"},"A9110":{"r":"SE-DHP","t":"LJ35"},"A9122":{"r":"SE-DIB","t":"MD87"},"A9141":{"r":"SE-DJA","t":"F900"},"A9142":{"r":"SE-DJB","t":"F900"},"A9143":{"r":"SE-DJC","t":"FA7X"},"A9144":{"r":"SE-DJD","t":"FA7X"},"A9147":{"r":"SE-DJG","t":"E135"},"A9148":{"r":"SE-DJH","t":"C550"},"A914C":{"r":"SE-DJL","t":"FA7X"},"A914D":{"r":"SE-DJM","t":"F900"},"A914E":{"r":"SE-DJN","t":"RJ85"},"A914F":{"r":"SE-DJO","t":"RJ85"},"A9150":{"r":"SE-DJP","t":"RJ70"},"A9152":{"r":"SE-DJR","t":"RJ85"},"A9158":{"r":"SE-DJX","t":"RJ70"},"A9182":{"r":"SE-DLB","t":"FA10"},"A91A9":{"r":"SE-DMI","t":"MD82"},"A91AB":{"r":"SE-DMK","t":"MD87"},"A91D8":{"r":"SE-DNX","t":"B736"},"A91F2":{"r":"SE-DOR","t":"B736"},"A925A":{"r":"SE-DRZ","t":"C500"},"A9288":{"r":"SE-DTH","t":"B736"},"A92B8":{"r":"SE-DUX","t":"CRJ2"},"A92B9":{"r":"SE-DUY","t":"CRJ2"},"A92D0":{"r":"SE-DVP","t":"FA10"},"A9307":{"r":"SE-DXG","t":"SB05"},"A9322":{"r":"SE-DYB","t":"FA10"},"A934E":{"r":"SE-DZN","t":"B738"},"A935A":{"r":"SE-DZZ","t":"LJ35"},"A99B8":{"r":"SE-FMX","t":"C185"},"AA143":{"r":"SE-HJC","t":"AS50"},"AA522":{"r":"SE-IIB","t":"BE9L"},"AAC70":{"r":"SE-KCP","t":"SW4"},"AACCD":{"r":"SE-KFM","t":"P28A"},"AADEC":{"r":"SE-KOL","t":"BE30"},"AAF10":{"r":"SE-KXP","t":"ATP"},"AB18F":{"r":"SE-LLO","t":"ATP"},"AB1B5":{"r":"SE-LLU","t":"BE30"},"AB241":{"r":"SE-LRA","t":"SB20"},"AB355":{"r":"SE-LZU","t":"AC90"},"AB358":{"r":"SE-LZX","t":"AC90"},"AB426":{"r":"SE-MAF","t":"ATP"},"AB428":{"r":"SE-MAH","t":"ATP"},"AB429":{"r":"SE-MAI","t":"ATP"},"AB42A":{"r":"SE-MAJ","t":"ATP"},"AB42B":{"r":"SE-MAK","t":"ATP"},"AB42C":{"r":"SE-MAL","t":"ATP"},"AB42E":{"r":"SE-MAN","t":"ATP"},"AB42F":{"r":"SE-MAO","t":"ATP"},"AB430":{"r":"SE-MAP","t":"ATP"},"AB43A":{"r":"SE-MAZ","t":"BE20"},"AB467":{"r":"SE-MCG","t":"SF34"},"AB4B0":{"r":"SE-MEP","t":"BE9L"},"AB4F4":{"r":"SE-MGT","t":"AT72"},"AC824":{"r":"SE-RAD","t":"E145"},"AC825":{"r":"SE-RAE","t":"E145"},"AC858":{"r":"SE-RBX","t":"C56X"},"AC859":{"r":"SE-RBY","t":"C550"},"AC86D":{"r":"SE-RCM","t":"C56X"},"AC879":{"r":"SE-RCY","t":"C550"},"AC889":{"r":"SE-RDI","t":"MD83"},"AC88E":{"r":"SE-RDN","t":"A321"},"AC88F":{"r":"SE-RDO","t":"A321"},"AC890":{"r":"SE-RDP","t":"A321"},"AC896":{"r":"SE-RDV","t":"MD83"},"AC899":{"r":"SE-RDY","t":"GLF5"},"AC89A":{"r":"SE-RDZ","t":"GLF5"},"AC8B2":{"r":"SE-RER","t":"B737"},"AC8B3":{"r":"SE-RES","t":"B737"},"AC8B4":{"r":"SE-RET","t":"B737"},"AC8B5":{"r":"SE-REU","t":"B737"},"AC8B8":{"r":"SE-REX","t":"B737"},"AC8B9":{"r":"SE-REY","t":"B737"},"AC8BA":{"r":"SE-REZ","t":"B737"},"AC8C8":{"r":"SE-RFH","t":"C680"},"AC8CA":{"r":"SE-RFJ","t":"C680"},"AC8CF":{"r":"SE-RFO","t":"B752"},"AC8D0":{"r":"SE-RFP","t":"B752"},"AC8D2":{"r":"SE-RFR","t":"B763"},"AC8D3":{"r":"SE-RFS","t":"B763"},"AC8D4":{"r":"SE-RFT","t":"B738"},"AC8D5":{"r":"SE-RFU","t":"B738"},"AC8D6":{"r":"SE-RFV","t":"B738"},"AC8D8":{"r":"SE-RFX","t":"B738"},"AC8D9":{"r":"SE-RFY","t":"B738"},"AC8F3":{"r":"SE-RGS","t":"C56X"},"AC8F8":{"r":"SE-RGX","t":"C525"},"AC8FA":{"r":"SE-RGZ","t":"C560"},"AC912":{"r":"SE-RHR","t":"B738"},"AC913":{"r":"SE-RHS","t":"B738"},"AC914":{"r":"SE-RHT","t":"B738"},"AC915":{"r":"SE-RHU","t":"B733"},"AC916":{"r":"SE-RHV","t":"B733"},"AC918":{"r":"SE-RHX","t":"B738"},"AC921":{"r":"SE-RIA","t":"E145"},"AC92B":{"r":"SE-RIK","t":"C550"},"AC92C":{"r":"SE-RIL","t":"C56X"},"AC92D":{"r":"SE-RIM","t":"C550"},"AC938":{"r":"SE-RIX","t":"C525"},"AC93A":{"r":"SE-RIZ","t":"C56X"},"AC941":{"r":"SE-RJA","t":"B734"},"AC945":{"r":"SE-RJE","t":"A320"},"AC946":{"r":"SE-RJF","t":"A320"},"AC94D":{"r":"SE-RJM","t":"A320"},"AC94E":{"r":"SE-RJN","t":"A320"},"AC952":{"r":"SE-RJR","t":"B737"},"AC953":{"r":"SE-RJS","t":"B737"},"AC954":{"r":"SE-RJT","t":"B737"},"AC955":{"r":"SE-RJU","t":"B737"},"AC958":{"r":"SE-RJX","t":"B737"},"AC96C":{"r":"SE-RKL","t":"GLF5"},"AC995":{"r":"SE-RLU","t":"C560"},"AC9AF":{"r":"SE-RMO","t":"LJ45"},"AC9B4":{"r":"SE-RMT","t":"GLEX"},"D00C0":{"r":"LX-LGW","t":"E145"},"D00C1":{"r":"LX-LGQ","t":"B737"},"D00C2":{"r":"LX-LGR","t":"B737"},"D00C3":{"r":"LX-LGS","t":"B737"},"D00C4":{"r":"LX-LGK","t":"E135"},"D00C5":{"r":"LX-LGL","t":"E135"},"D00C6":{"r":"LX-LGE","t":"DH8D"},"D00C9":{"r":"LX-LGF","t":"DH8D"},"D00CA":{"r":"LX-LGG","t":"DH8D"},"D00CB":{"r":"LX-LGH","t":"DH8D"},"D00D0":{"r":"LX-LGM","t":"DH8D"},"D00D4":{"r":"LX-LGN","t":"DH8D"},"D00D5":{"r":"LX-LQA","t":"DH8D"},"D00E5":{"r":"LX-LGA","t":"DH8D"},"D00E6":{"r":"LX-LGC","t":"DH8D"},"D00E7":{"r":"LX-LGD","t":"DH8D"},"D00F4":{"r":"LX-LGT","t":"B738"},"D00F5":{"r":"LX-LGV","t":"B738"},"D00F6":{"r":"LX-LGU","t":"B738"},"D00F8":{"r":"LX-LGX","t":"E145"},"D00F9":{"r":"LX-LGY","t":"E145"},"D00FA":{"r":"LX-LGZ","t":"E145"},"D00FB":{"r":"LX-LGI","t":"E145"},"D00FC":{"r":"LX-LGJ","t":"E145"},"D0101":{"r":"LX-VCB","t":"B748"},"D0102":{"r":"LX-VCC","t":"B748"},"D0103":{"r":"LX-VCA","t":"B748"},"D0104":{"r":"LX-VCD","t":"B748"},"D0105":{"r":"LX-VCE","t":"B748"},"D0106":{"r":"LX-VCF","t":"B748"},"D0107":{"r":"LX-VCG","t":"B748"},"D0108":{"r":"LX-PCV","t":"B744"},"D0109":{"r":"LX-TCV","t":"B744"},"D010A":{"r":"LX-UCV","t":"B744"},"D010B":{"r":"LX-VCV","t":"B744"},"D010C":{"r":"LX-WCV","t":"B744"},"D010D":{"r":"LX-YCV","t":"B744"},"D010E":{"r":"LX-ZCV","t":"B744"},"D010F":{"r":"LX-DCV","t":"B744"},"D0110":{"r":"LX-RCV","t":"B744"},"D0111":{"r":"LX-VCH","t":"B748"},"D0112":{"r":"LX-VCI","t":"B748"},"D0113":{"r":"LX-VCJ","t":"B748"},"D0114":{"r":"LX-VCK","t":"B748"},"D0115":{"r":"LX-ECV","t":"B744"},"D0117":{"r":"LX-VCM","t":"B748"},"D0118":{"r":"LX-LCV","t":"B744"},"D0119":{"r":"LX-JCV","t":"B744"},"D0120":{"r":"LX-MCV","t":"B744"},"D0128":{"r":"LX-SCV","t":"B744"},"D0130":{"r":"LX-FCV","t":"B744"},"D0138":{"r":"LX-NCV","t":"B744"},"D0139":{"r":"LX-ACV","t":"B744"},"D0140":{"r":"LX-OCV","t":"B744"},"D0150":{"r":"LX-GCV","t":"B744"},"D0158":{"r":"LX-ICV","t":"B744"},"D0178":{"r":"LX-KCV","t":"B744"},"D0202":{"r":"LX-DGQ","t":"C25A"},"D0203":{"r":"LX-VIP","t":"GLEX"},"D0207":{"r":"LX-GJL","t":"F900"},"D0209":{"r":"LX-GEX","t":"GLEX"},"D020A":{"r":"LX-FTA","t":"F900"},"D020E":{"r":"LX-AAA","t":"GLEX"},"D020F":{"r":"LX-GVV","t":"B737"},"D0212":{"r":"LX-ZAV","t":"CL60"},"D0215":{"r":"LX-GJC","t":"A318"},"D0216":{"r":"LX-AFD","t":"F900"},"D0217":{"r":"LX-TQJ","t":"CL30"},"D0218":{"r":"LX-SPK","t":"CL60"},"D0219":{"r":"LX-SVW","t":"F2TH"},"D021A":{"r":"LX-NVB","t":"E135"},"D021B":{"r":"LX-ATD","t":"F2TH"},"D021C":{"r":"LX-LAI","t":"G200"},"D021D":{"r":"LX-SAM","t":"F2TH"},"D021E":{"r":"LX-FLY","t":"GLEX"},"D021F":{"r":"LX-VPG","t":"CL30"},"D0220":{"r":"LX-RLG","t":"E135"},"D0221":{"r":"LX-EVM","t":"F2TH"},"D0223":{"r":"LX-JAG","t":"LJ45"},"D0224":{"r":"LX-ZXP","t":"FA7X"},"D0225":{"r":"LX-KAT","t":"H25B"},"D0226":{"r":"LX-MBE","t":"F2TH"},"D0227":{"r":"LX-MES","t":"FA7X"},"D0228":{"r":"LX-GRS","t":"GALX"},"D0229":{"r":"LX-TQJ","t":"FA7X"},"D022A":{"r":"LX-GLD","t":"F900"},"D022B":{"r":"LX-LMF","t":"FA7X"},"D022C":{"r":"LX-USM","t":"FA7X"},"D022D":{"r":"LX-LXL","t":"FA50"},"D022E":{"r":"LX-GXX","t":"GLEX"},"D0230":{"r":"LX-AMB","t":"FA7X"},"D0231":{"r":"LX-TQJ","t":"FA7X"},"D0232":{"r":"LX-MMB","t":"C56X"},"D0234":{"r":"LX-RAK","t":"GL5T"},"D0236":{"r":"LX-ABB","t":"GLEX"},"D0238":{"r":"LX-NYO","t":"GLEX"},"D0241":{"r":"LX-FGL","t":"C510"},"D0242":{"r":"LX-FGB","t":"C56X"},"D0243":{"r":"LX-FGC","t":"C510"},"D0245":{"r":"LX-GSP","t":"C680"},"D0246":{"r":"LX-KRC","t":"CL60"},"D0247":{"r":"LX-EMO","t":"F900"},"D0250":{"r":"LX-STA","t":"A320"},"D0251":{"r":"LX-STB","t":"A320"},"D0252":{"r":"LX-STC","t":"A320"},"D0258":{"r":"LX-VOL","t":"C25A"},"D0259":{"r":"LX-VOE","t":"C25A"},"D0280":{"r":"LX-PFD","t":"PC12"},"D0281":{"r":"LX-YSL","t":"C525"},"D028B":{"r":"LX-TWO","t":"LJ35"},"D028C":{"r":"LX-LAR","t":"LJ35"},"D028D":{"r":"LX-LOU","t":"LJ60"},"D028E":{"r":"LX-ONE","t":"LJ35"},"D028F":{"r":"LX-RSQ","t":"C510"},"D0293":{"r":"LX-EAA","t":"LJ45"},"D0294":{"r":"LX-LAA","t":"LJ45"},"D029A":{"r":"LX-DCA","t":"C25B"},"D029B":{"r":"LX-NAT","t":"C56X"},"D029C":{"r":"LX-MDA","t":"CL60"},"D029D":{"r":"LX-SEH","t":"C56X"},"D029E":{"r":"LX-OLA","t":"E135"},"D029F":{"r":"LX-AVT","t":"CL30"},"D02A0":{"r":"LX-MOI","t":"E135"},"D02A2":{"r":"LX-VMF","t":"C56X"},"D02A3":{"r":"LX-JFR","t":"PC12"},"D02A5":{"r":"LX-JFP","t":"P180"},"D02A6":{"r":"LX-TAI","t":"PC12"},"D02A7":{"r":"LX-JFQ","t":"PC12"},"D02A8":{"r":"LX-JFT","t":"TBM8"},"D02A9":{"r":"LX-JFO","t":"TBM7"},"D02AA":{"r":"LX-JFV","t":"PC12"},"D02AB":{"r":"LX-JFN","t":"PC12"},"D02AC":{"r":"LX-JFM","t":"PC12"},"D02AE":{"r":"LX-JFS","t":"PC12"},"D02AF":{"r":"LX-JFU","t":"PC12"},"D02B0":{"r":"LX-JFE","t":"TBM7"},"D02B1":{"r":"LX-JFF","t":"TBM7"},"D02B2":{"r":"LX-JFH","t":"PC12"},"D02B3":{"r":"LX-LAB","t":"PC12"},"D02B4":{"r":"LX-JFI","t":"PC12"},"D02B5":{"r":"LX-JFA","t":"TBM7"},"D02B6":{"r":"LX-JFJ","t":"PC12"},"D02B7":{"r":"LX-JFK","t":"PC12"},"D02B8":{"r":"LX-JFL","t":"TBM7"},"D02B9":{"r":"LX-WAL","t":"ATP"},"D02BC":{"r":"LX-WAO","t":"ATP"},"D02BD":{"r":"LX-WAP","t":"ATP"},"D02BF":{"r":"LX-WAS","t":"ATP"},"D02C1":{"r":"LX-WAT","t":"ATP"},"D02C2":{"r":"LX-WAV","t":"ATP"},"D02C3":{"r":"LX-WAW","t":"ATP"},"D02C5":{"r":"LX-OMC","t":"LJ31"},"D02C6":{"r":"LX-EPI","t":"BE20"},"D02C7":{"r":"LX-WAE","t":"ATP"},"D02C9":{"r":"LX-PBL","t":"BE9L"},"D02CA":{"r":"LX-LMB","t":"BE33"},"D02CC":{"r":"LX-JET","t":"C25B"},"D02CF":{"r":"LX-NEW","t":"PC12"},"D02D5":{"r":"LX-LCO","t":"P210"},"D02D8":{"r":"LX-JCD","t":"C56X"},"D02D9":{"r":"LX-DEC","t":"C680"},"D02DC":{"r":"LX-PMR","t":"PRM1"},"D02DE":{"r":"LX-PMA","t":"CL60"},"D02E1":{"r":"LX-ZAK","t":"F900"},"D02E2":{"r":"LX-PAK","t":"GLEX"},"D02E3":{"r":"LX-HAK","t":"A139"},"D02EB":{"r":"LX-RST","t":"PA31"},"D02F5":{"r":"LX-SKY","t":"PC12"},"D02FD":{"r":"LX-INS","t":"C56X"},"D034C":{"r":"LX-ART","t":"M20T"},"D03C0":{"r":"LX-N90442","t":"E3TF"},"D03C1":{"r":"LX-N90443","t":"E3TF"},"D03C2":{"r":"LX-N90444","t":"E3TF"},"D03C3":{"r":"LX-N90445","t":"E3TF"},"D03C4":{"r":"LX-N90446","t":"E3TF"},"D03C5":{"r":"LX-N90447","t":"E3TF"},"D03C7":{"r":"LX-N90449","t":"E3TF"},"D03CA":{"r":"LX-N90452","t":"E3TF"},"D03CB":{"r":"LX-N90453","t":"E3TF"},"D03CD":{"r":"LX-N90455","t":"E3TF"},"D03CE":{"r":"LX-N90456","t":"E3TF"},"D03CF":{"r":"LX-N90458","t":"E3TF"},"D03D0":{"r":"LX-N90459","t":"E3TF"},"D03D1":{"r":"LX-N20199","t":"B703"},"D03D2":{"r":"LX-N20000","t":"B703"},"D03D3":{"r":"LX-N19997","t":"B703"},"D201C":{"r":"9H-AEF","t":"A320"},"D201D":{"r":"9H-AEG","t":"A320"},"D201E":{"r":"9H-AEH","t":"A319"},"D201F":{"r":"9H-AEI","t":"A320"},"D2020":{"r":"9H-AEJ","t":"A319"},"D2021":{"r":"9H-AEK","t":"A320"},"D2022":{"r":"9H-AEL","t":"A319"},"D2023":{"r":"9H-AEM","t":"A319"},"D2024":{"r":"9H-AEN","t":"A320"},"D2025":{"r":"9H-AEO","t":"A320"},"D2026":{"r":"9H-AEP","t":"A320"},"D2027":{"r":"9H-AEQ","t":"A320"},"D2030":{"r":"9H-AFB","t":"LJ60"},"D2031":{"r":"9H-AFC","t":"CL60"},"D2035":{"r":"9H-AFJ","t":"LJ60"},"D2038":{"r":"9H-AFK","t":"A319"},"D2039":{"r":"9H-AFL","t":"A318"},"D203A":{"r":"9H-AFM","t":"A318"},"D203B":{"r":"9H-AFP","t":"GLEX"},"D203C":{"r":"9H-AFQ","t":"CL60"},"D203D":{"r":"9H-AFR","t":"GL5T"},"D203F":{"r":"9H-AFT","t":"A318"},"D2040":{"r":"9H-AFU","t":"CRJ2"},"D2045":{"r":"9H-BOB","t":"H25B"},"D2046":{"r":"9H-BOM","t":"CL60"},"D2047":{"r":"9H-SNA","t":"A319"},"D2049":{"r":"9H-ALX","t":"A319"},"D204A":{"r":"9H-GMT","t":"F900"},"D204B":{"r":"9H-XRS","t":"GLEX"},"D204C":{"r":"9H-BGL","t":"GLEX"},"D204E":{"r":"9H-OVB","t":"GL5T"},"D204F":{"r":"9H-AWK","t":"A320"},"D2050":{"r":"9H-BBJ","t":"B737"},"D2051":{"r":"9H-GBT","t":"GLEX"},"D2052":{"r":"9H-AVK","t":"A319"},"D2053":{"r":"9H-WLD","t":"F900"},"D2054":{"r":"9H-LLC","t":"GLEX"},"D2055":{"r":"9H-BOF","t":"H25B"},"D205B":{"r":"9H-BCP","t":"LJ60"},"D205D":{"r":"9H-GVV","t":"A319"},"D2060":{"r":"9H-ZAT","t":"H25B"},"D2061":{"r":"9H-ALL","t":"C25A"},"D2065":{"r":"9H-VJA","t":"GLEX"},"D2066":{"r":"9H-VJB","t":"GLEX"},"D2068":{"r":"9H-FED","t":"GLEX"},"D206D":{"r":"9H-AMF","t":"GLEX"},"D2070":{"r":"9H-BOA","t":"HA4T"},"D2072":{"r":"9H-FAM","t":"E50P"},"D2075":{"r":"9H-LDV","t":"CL60"},"D2076":{"r":"9H-SRT","t":"GLEX"},"D2077":{"r":"9H-OKI","t":"GLEX"},"D207A":{"r":"9H-SVA","t":"F900"},"D207E":{"r":"9H-VJC","t":"GLEX"},"D207F":{"r":"9H-VJD","t":"GLEX"},"D2084":{"r":"9H-IMW","t":"E135"},"D2088":{"r":"9H-GTY","t":"B350"},"D2089":{"r":"9H-VJE","t":"GLEX"},"D208A":{"r":"9H-VJF","t":"GLEX"},"D208C":{"r":"9H-VLZ","t":"C560"},"D208E":{"r":"9H-GYB","t":"H25B"},"D208F":{"r":"9H-FWW","t":"PRM1"},"D2090":{"r":"9H-WII","t":"C650"},"D2091":{"r":"9H-FOM","t":"E50P"},"D2092":{"r":"9H-MSL","t":"FA50"},"D2093":{"r":"9H-JPC","t":"E135"},"D2094":{"r":"9H-WFC","t":"E135"},"D2097":{"r":"9H-CIO","t":"GLEX"},"D2099":{"r":"9H-MTF","t":"B733"},"D209B":{"r":"9H-SFA","t":"F2TH"},"D209D":{"r":"9H-SEA","t":"A346"},"D20A0":{"r":"9H-CYL","t":"C303"},"D20A3":{"r":"9H-IPG","t":"CL60"},"D20A6":{"r":"9H-ALF","t":"CL60"},"D20AA":{"r":"9H-IGH","t":"GLEX"},"D20B5":{"r":"9H-VTA","t":"GL5T"},"D20B6":{"r":"9H-VTB","t":"GL5T"},"D20B7":{"r":"9H-VTC","t":"GL5T"},"D20B9":{"r":"9H-JGR","t":"CL60"},"D20BE":{"r":"9H-BEC","t":"F2TH"},"D20C4":{"r":"9H-OME","t":"B735"},"D20C5":{"r":"9H-AHA","t":"B735"},"D20C6":{"r":"9H-MOS","t":"BE9L"},"D20C7":{"r":"9H-VFA","t":"CL60"},"D20C8":{"r":"9H-VFB","t":"CL60"},"D20CA":{"r":"9H-VFD","t":"CL60"},"D20CB":{"r":"9H-VFE","t":"CL60"},"D20CD":{"r":"9H-VJG","t":"GLEX"},"D20CE":{"r":"9H-VFF","t":"CL60"},"D20CF":{"r":"9H-VCB","t":"CL30"},"D20D0":{"r":"9H-VJH","t":"GLEX"},"D20D1":{"r":"9H-VCA","t":"CL30"},"D20D3":{"r":"9H-KAP","t":"E135"},"D20D4":{"r":"9H-SMB","t":"GLEX"},"D20D5":{"r":"9H-VJI","t":"GLEX"},"D20D8":{"r":"9H-VJK","t":"GLEX"},"D20D9":{"r":"9H-VCC","t":"CL35"},"D20DD":{"r":"9H-IRA","t":"GLEX"},"D20E1":{"r":"9H-CLG","t":"CRJ2"},"D20E2":{"r":"9H-VFG","t":"CL60"},"D20E3":{"r":"9H-VFH","t":"CL60"},"D20E6":{"r":"9H-VCD","t":"CL30"},"D20E7":{"r":"9H-VCE","t":"CL35"},"D20E8":{"r":"9H-VCF","t":"CL30"},"D20E9":{"r":"9H-VCG","t":"CL35"},"D20EB":{"r":"9H-VFI","t":"CL60"},"D20EF":{"r":"9H-VMK","t":"C56X"},"D20F4":{"r":"9H-VCI","t":"CL35"},"D2102":{"r":"9H-VCJ","t":"CL35"},"D2103":{"r":"9H-JOY","t":"CRJ2"},"D2108":{"r":"9H-INV","t":"CL60"},"D400C":{"r":"3A-MGA","t":"F900"},"D400E":{"r":"3A-MRG","t":"C25B"},"D4025":{"r":"3A-MGA","t":"FA7X"},"children":["40","42","43","44","45","47","48","49","4B","4C"]}