{"00":{"r":"G-EZJU","t":"B737"},"02":{"r":"G-OZBG","t":"A321"},"04":{"r":"G-CELX","t":"B733"},"05":{"r":"G-EZJW","t":"B737"},"06":{"r":"G-EZJV","t":"B737"},"07":{"r":"G-EZJX","t":"B737"},"08":{"r":"G-TCDV","t":"A321"},"09":{"r":"G-DHJZ","t":"A320"},"0A":{"r":"G-SUEW","t":"A320"},"0B":{"r":"G-KKAZ","t":"A320"},"0D":{"r":"G-VROC","t":"B744"},"0E":{"r":"G-EUUO","t":"A320"},"0F":{"r":"G-ZAPU","t":"B752"},"12":{"r":"G-CELY","t":"B733"},"13":{"r":"G-EZJY","t":"B737"},"14":{"r":"G-EZJZ","t":"B737"},"15":{"r":"G-EZKA","t":"B737"},"17":{"r":"G-BFIV","t":"C177"},"18":{"r":"G-SSXX","t":"EC35"},"19":{"r":"G-ORJA","t":"BE20"},"1C":{"r":"G-ONAV","t":"PA31"},"1F":{"r":"G-TALF","t":"PA24"},"25":{"r":"G-EUUP","t":"A320"},"26":{"r":"G-EUUR","t":"A320"},"27":{"r":"G-CDCX","t":"C750"},"28":{"r":"G-BWWW","t":"JS31"},"29":{"r":"G-CHAI","t":"CL60"},"2A":{"r":"G-JEDM","t":"DH8D"},"2B":{"r":"G-JEDN","t":"DH8D"},"2D":{"r":"G-TTOI","t":"A320"},"2E":{"r":"G-TTOJ","t":"A320"},"30":{"r":"G-TCDA","t":"A321"},"31":{"r":"G-YAKN","t":"YK52"},"32":{"r":"G-CELZ","t":"B733"},"33":{"r":"G-CELA","t":"B733"},"34":{"r":"G-CELB","t":"B733"},"35":{"r":"G-CELE","t":"B733"},"3A":{"r":"G-CTWW","t":"PA34"},"3B":{"r":"G-FILE","t":"PA34"},"3C":{"r":"G-EMAX","t":"PA31"},"3E":{"r":"G-VIPX","t":"PA31"},"40":{"r":"G-SGEC","t":"BE20"},"42":{"r":"G-GSSC","t":"B744"},"43":{"r":"G-JEDO","t":"DH8D"},"45":{"r":"G-HRYZ","t":"P28A"},"47":{"r":"G-VICM","t":"BE33"},"48":{"r":"G-CCGS","t":"D328"},"50":{"r":"G-EZKB","t":"B737"},"51":{"r":"G-EZKC","t":"B737"},"52":{"r":"G-EZKD","t":"B737"},"53":{"r":"G-EZKE","t":"B737"},"54":{"r":"G-EZKF","t":"B737"},"55":{"r":"G-EZKG","t":"B737"},"57":{"r":"G-EZNC","t":"A319"},"58":{"r":"G-WINA","t":"C560"},"5A":{"r":"G-ZXZX","t":"LJ45"},"5B":{"r":"G-DBCA","t":"A319"},"5E":{"r":"G-CELP","t":"B733"},"5F":{"r":"G-CELR","t":"B733"},"60":{"r":"G-OOBF","t":"B752"},"61":{"r":"G-ORTH"},"62":{"r":"G-BHTA","t":"P28A"},"63":{"r":"G-DAAT","t":"EC35"},"66":{"r":"G-MEDJ","t":"A321"},"67":{"r":"G-LIZZ","t":"PA23"},"68":{"r":"G-EZEA","t":"A319"},"69":{"r":"G-EZEB","t":"A319"},"6A":{"r":"G-EZEC","t":"A319"},"6B":{"r":"G-EZED","t":"A319"},"6C":{"r":"G-BCBG","t":"PA23"},"70":{"r":"G-TENG","t":"E300"},"71":{"r":"G-GRGA","t":"H25B"},"73":{"r":"G-VIPA","t":"C182"},"76":{"r":"G-CIFE","t":"BE20"},"77":{"r":"G-JEDP","t":"DH8D"},"78":{"r":"G-JEDR","t":"DH8D"},"79":{"r":"G-JEDT","t":"DH8D"},"7C":{"r":"G-DBCC","t":"A319"},"7D":{"r":"G-DBCB","t":"A319"},"7E":{"r":"G-OZBH","t":"A321"},"7F":{"r":"G-OZBI","t":"A321"},"80":{"r":"G-IBFW","t":"P28R"},"82":{"r":"G-ZAPR","t":"B462"},"83":{"r":"G-JPSX","t":"F900"},"85":{"r":"G-CIFW","t":"BE20"},"86":{"r":"G-OLIV","t":"BE20"},"87":{"r":"G-RAFO","t":"BE20"},"88":{"r":"G-RAFP","t":"BE20"},"89":{"r":"G-YPRS","t":"C550"},"8A":{"r":"G-OOBH","t":"B752"},"8B":{"r":"G-OBNA","t":"PA34"},"8C":{"r":"G-BMLS","t":"P28R"},"8D":{"r":"G-BAMV","t":"DR40"},"8E":{"r":"G-OOPX","t":"A320"},"8F":{"r":"G-VSSH","t":"A346"},"90":{"r":"G-VNAP","t":"A346"},"92":{"r":"G-OAAF","t":"ATP"},"98":{"r":"G-GAJB","t":"AA5"},"99":{"r":"G-STRF","t":"B737"},"9A":{"r":"G-STRH","t":"B737"},"9B":{"r":"G-CBFM","t":"TB21"},"9C":{"r":"G-BTII","t":"AA5"},"9D":{"r":"G-JANT","t":"P28A"},"9F":{"r":"G-EZEG","t":"A319"},"A2":{"r":"G-EZEJ","t":"A319"},"A3":{"r":"G-EZEK","t":"A319"},"A5":{"r":"G-PLAZ","t":"AC11"},"A7":{"r":"G-EZEF","t":"A319"},"B0":{"r":"G-GPMW","t":"P28T"},"B1":{"r":"G-SAMM","t":"C340"},"B2":{"r":"G-DIXY","t":"P28A"},"B3":{"r":"G-JACS","t":"P28A"},"B8":{"r":"G-RIGH","t":"P32R"},"BB":{"r":"G-IDAB","t":"C550"},"BC":{"r":"G-NESW","t":"PA34"},"BD":{"r":"G-JEDU","t":"DH8D"},"BE":{"r":"G-LVLV","t":"CL60"},"C1":{"r":"G-TWIZ","t":"AC11"},"C2":{"r":"G-BALN","t":"C310"},"C5":{"r":"G-OAJS"},"C9":{"r":"G-BFBU","t":"P68"},"CA":{"r":"G-UILT","t":"C303"},"CB":{"r":"G-AZID","t":"C150"},"CC":{"r":"G-ZLOJ","t":"BE36"},"D0":{"r":"G-CBTT","t":"P28A"},"D1":{"r":"G-LGNH","t":"SF34"},"D2":{"r":"G-JEDV","t":"DH8D"},"D4":{"r":"G-RVIX","t":"RV9"},"D6":{"r":"G-ATCX","t":"C182"},"D7":{"r":"G-SENX","t":"PA34"},"D8":{"r":"G-VONS","t":"P32R"},"DA":{"r":"G-OMJC","t":"PRM1"},"DD":{"r":"G-EZEN","t":"A319"},"DE":{"r":"G-EZEO","t":"A319"},"DF":{"r":"G-EZEP","t":"A319"},"E1":{"r":"G-EZET","t":"A319"},"E2":{"r":"G-EZEU","t":"A319"},"E3":{"r":"G-EZEV","t":"A319"},"E4":{"r":"G-EZEW","t":"A319"},"E7":{"r":"G-EZEZ","t":"A319"},"E9":{"r":"G-BNVE","t":"P28A"},"EA":{"r":"G-PECK","t":"PA32"},"EB":{"r":"G-DJJA","t":"P28A"},"ED":{"r":"G-OOBJ","t":"B752"},"EE":{"r":"G-OOBI","t":"B752"},"EF":{"r":"G-FAVS","t":"PA32"},"F0":{"r":"G-IKOS","t":"C550"},"F1":{"r":"G-JEMD","t":"ATP"},"F4":{"r":"G-DNOP","t":"PA46"},"F6":{"r":"G-DRFC"},"F7":{"r":"G-EZAM","t":"A319"},"F8":{"r":"G-EZDC","t":"A319"},"F9":{"r":"G-EZMH","t":"A319"},"FA":{"r":"G-EZSM","t":"A319"},"FB":{"r":"G-EUXC","t":"A321"},"FC":{"r":"G-EUXD","t":"A321"},"FD":{"r":"G-EUXE","t":"A321"},"FE":{"r":"G-EUXF","t":"A321"},"FF":{"r":"G-EUXG","t":"A321"}}