{"00":{"r":"G-CDLY","t":"SR20"},"01":{"r":"G-CTCE","t":"DA42"},"02":{"r":"G-CTCF","t":"DA42"},"03":{"r":"G-CTCG","t":"DA42"},"04":{"r":"G-JKMI","t":"DA42"},"07":{"r":"G-PVPC","t":"PC12"},"08":{"r":"G-COVB","t":"P28A"},"0B":{"r":"G-PZIZ","t":"PA31"},"0C":{"r":"G-BEJV","t":"PA34"},"0D":{"r":"G-BCVY","t":"PA34"},"0E":{"r":"G-OHLI","t":"R44"},"0F":{"r":"G-WALI","t":"R44"},"14":{"r":"G-GREY","t":"PA46"},"15":{"r":"G-BDUN","t":"PA34"},"16":{"r":"G-BHYG","t":"PA34"},"17":{"r":"G-BXRH","t":"C185"},"1A":{"r":"G-BPRJ","t":"AS55"},"1B":{"r":"G-BVLG","t":"AS55"},"1C":{"r":"G-NETR","t":"AS55"},"23":{"r":"G-CBBC","t":"BDOG"},"25":{"r":"G-BOCG","t":"PA34"},"27":{"r":"G-LSAB","t":"B752"},"29":{"r":"G-BLFI","t":"P28A"},"2D":{"r":"G-RATV","t":"P28T"},"2E":{"r":"G-OTVR","t":"PA34"},"30":{"r":"G-VWKD","t":"A346"},"36":{"r":"G-NMAK","t":"A319"},"37":{"r":"G-NFLA","t":"JS31"},"38":{"r":"G-MOOO","t":"LJ45"},"3A":{"r":"G-ATSZ","t":"PA30"},"3C":{"r":"G-OVIN","t":"AC11"},"3D":{"r":"G-SIGN"},"43":{"r":"G-LINE","t":"AS55"},"44":{"r":"G-BOPA","t":"P28A"},"45":{"r":"G-OOTT","t":"AS50"},"46":{"r":"G-MRMJ","t":"AS65"},"48":{"r":"G-CHEY","t":"PA31"},"4A":{"r":"G-CGRI","t":"A109"},"4B":{"r":"G-OOBM","t":"B763"},"4C":{"r":"G-IMAC","t":"CL60"},"4D":{"r":"G-BOUL","t":"PA34"},"4E":{"r":"G-BOWE","t":"PA34"},"4F":{"r":"G-BSRR","t":"C182"},"50":{"r":"G-TCEE","t":"H500"},"51":{"r":"G-BGPA","t":"C182"},"57":{"r":"G-VBLU","t":"A346"},"58":{"r":"G-VWIN","t":"A346"},"59":{"r":"G-SVPN","t":"P32R"},"5A":{"r":"G-DBCG","t":"A319"},"5B":{"r":"G-DBCH","t":"A319"},"5D":{"r":"G-LGKO","t":"CL60"},"5E":{"r":"G-PREI","t":"PRM1"},"60":{"r":"G-CSBD","t":"P28B"},"61":{"r":"G-OTVI","t":"R44"},"62":{"r":"G-JBIZ","t":"C550"},"63":{"r":"G-BTZN"},"64":{"r":"G-PCOP","t":"BE20"},"68":{"r":"G-VVBK","t":"PA34"},"69":{"r":"G-EZIZ","t":"A319"},"6A":{"r":"G-CDNK","t":"LJ45"},"6B":{"r":"G-GLTT","t":"PA31"},"6C":{"r":"G-WAGS","t":"R44"},"6D":{"r":"G-SHAF","t":"R44"},"6E":{"r":"G-EVEV","t":"R44"},"70":{"r":"G-OSPY","t":"SR20"},"72":{"r":"G-SEEK","t":"C210"},"74":{"r":"G-AWUZ","t":"C172"},"77":{"r":"G-FULM","t":"S76"},"78":{"r":"G-CHIP","t":"P28A"},"7B":{"r":"G-BOUM","t":"PA34"},"81":{"r":"G-OPSS","t":"SR20"},"84":{"r":"G-ELAM","t":"PA30"},"85":{"r":"G-ARRD","t":"DR10"},"86":{"r":"G-CCVM","t":"RV7"},"87":{"r":"G-TTIE","t":"A321"},"89":{"r":"G-MEDL","t":"A321"},"8A":{"r":"G-PEJM","t":"P28A"},"8B":{"r":"G-EZAA","t":"A319"},"8C":{"r":"G-EZAB","t":"A319"},"8D":{"r":"G-EZAC","t":"A319"},"8E":{"r":"G-EZAD","t":"A319"},"8F":{"r":"G-EZAE","t":"A319"},"90":{"r":"G-EZAF","t":"A319"},"91":{"r":"G-EZAG","t":"A319"},"92":{"r":"G-EZAH","t":"A319"},"93":{"r":"G-KEEF","t":"AC11"},"94":{"r":"G-NWAA","t":"EC35"},"97":{"r":"G-FPLE","t":"BE20"},"98":{"r":"G-SIRA","t":"E135"},"9A":{"r":"G-ROUS","t":"PA34"},"9B":{"r":"G-VONJ","t":"PRM1"},"9C":{"r":"G-HAFT","t":"DA42"},"9E":{"r":"G-ORZA","t":"DA42"},"9F":{"r":"G-DMND","t":"DA42"},"A0":{"r":"G-DBCI","t":"A319"},"A2":{"r":"G-NJIM","t":"P32R"},"A3":{"r":"G-ODHB","t":"R44"},"A4":{"r":"G-IFTF","t":"H25B"},"AB":{"r":"G-GDSG","t":"A109"},"AC":{"r":"G-DASA","t":"FA50"},"AD":{"r":"G-EZAI","t":"A319"},"AE":{"r":"G-EZAJ","t":"A319"},"AF":{"r":"G-EZAK","t":"A319"},"B0":{"r":"G-EZAL","t":"A319"},"B1":{"r":"G-EZAN","t":"A319"},"B2":{"r":"G-EZAO","t":"A319"},"B3":{"r":"G-EZAP","t":"A319"},"B4":{"r":"G-EZAS","t":"A319"},"B5":{"r":"G-ENHP","t":"EN48"},"B6":{"r":"G-PPLC","t":"C560"},"B8":{"r":"G-CEGR","t":"BE20"},"B9":{"r":"G-BFBR","t":"P28A"},"BA":{"r":"G-FJET","t":"C550"},"BB":{"r":"G-GOAC","t":"PA34"},"BD":{"r":"G-JANI","t":"R44"},"BE":{"r":"G-BLXA","t":"TRIN"},"C2":{"r":"G-SASC","t":"BE20"},"C3":{"r":"G-SASD","t":"BE20"},"C4":{"r":"G-RUES","t":"HR10"},"C5":{"r":"G-IINI","t":"RV9"},"C7":{"r":"G-OLFT","t":"AC11"},"C8":{"r":"G-CJAG","t":"PRM1"},"CA":{"r":"G-HDEF","t":"R44"},"CB":{"r":"G-WCCI","t":"E135"},"CE":{"r":"G-SHAR","t":"C182"},"CF":{"r":"G-CDSR","t":"LJ45"},"D0":{"r":"G-IJAG","t":"C182"},"D1":{"r":"G-SYLJ","t":"E135"},"D2":{"r":"G-MATX","t":"PC12"},"D3":{"r":"G-GRND","t":"A109"},"D4":{"r":"G-CTCD","t":"DA42"},"D5":{"r":"G-OPFR","t":"DA42"},"D8":{"r":"G-CDSF","t":"DA40"},"D9":{"r":"G-KAFT","t":"DA40"},"DA":{"r":"G-LAFT","t":"DA40"},"DB":{"r":"G-OOGA","t":"GA7"},"DC":{"r":"G-JECJ","t":"DH8D"},"DE":{"r":"G-LACI","t":"C172"},"DF":{"r":"G-CDTA"},"E0":{"r":"G-RJXM","t":"E145"},"E1":{"r":"G-TESI","t":"SIRA"},"E2":{"r":"G-JETO","t":"C550"},"E5":{"r":"G-HIJK","t":"C421"},"E6":{"r":"G-ISLB","t":"JS32"},"E7":{"r":"G-ISLC","t":"JS32"},"E8":{"r":"G-ISLD","t":"JS32"},"E9":{"r":"G-XXRS","t":"GLEX"},"EA":{"r":"G-PRKR","t":"CL60"},"EB":{"r":"G-OBSM","t":"R44"},"ED":{"r":"G-RULE","t":"R44"},"F0":{"r":"G-RMBM","t":"R44"},"F1":{"r":"G-GEMM","t":"SR20"},"F2":{"r":"G-IFTE","t":"H25B"},"F3":{"r":"G-JETA","t":"C550"},"F4":{"r":"G-VUEZ","t":"C550"},"F6":{"r":"G-JECL","t":"DH8D"},"F7":{"r":"G-JECK","t":"DH8D"},"F9":{"r":"G-VANA","t":"GA8"},"FA":{"r":"G-BXOZ","t":"P28A"},"FC":{"r":"G-EMAA","t":"EC35"},"FD":{"r":"G-CDVB","t":"A109"},"FF":{"r":"G-CDVE","t":"A109"}}