{"00":{"r":"G-JAFS","t":"P32R"},"01":{"r":"G-OTNA","t":"R44"},"02":{"r":"G-JKAY","t":"R44"},"03":{"r":"G-ECJI","t":"FA10"},"04":{"r":"G-BPKF","t":"G115"},"06":{"r":"G-MAJP","t":"JS41"},"07":{"r":"G-MAJT","t":"JS41"},"08":{"r":"G-EDCJ","t":"C525"},"09":{"r":"G-VFIT","t":"A346"},"0A":{"r":"G-WAIN","t":"C550"},"0B":{"r":"G-PGGY","t":"R44"},"0D":{"r":"G-CDPT","t":"B763"},"0F":{"r":"G-TIMC","t":"R44"},"12":{"r":"G-EZAT","t":"A319"},"13":{"r":"G-EZAU","t":"A319"},"14":{"r":"G-EZAV","t":"A319"},"15":{"r":"G-FRAD","t":"FA20"},"16":{"r":"G-CDTG","t":"DA42"},"17":{"r":"G-DSKY","t":"DA42"},"19":{"r":"G-CDTE","t":"SIRA"},"1B":{"r":"G-HILO","t":"AC11"},"1D":{"r":"G-DBLA","t":"B763"},"1E":{"r":"G-PJLO","t":"B763"},"1F":{"r":"G-OFFO","t":"E300"},"20":{"r":"G-ZXCL","t":"E300"},"21":{"r":"G-ZXEL","t":"E300"},"22":{"r":"G-ZEXL","t":"E300"},"24":{"r":"G-FBEA","t":"E190"},"25":{"r":"G-LGAR","t":"LJ60"},"29":{"r":"G-OLDW","t":"LJ45"},"2A":{"r":"G-BFZD","t":"C182"},"2C":{"r":"G-EGJA","t":"TRIN"},"2D":{"r":"G-TRAT","t":"PC12"},"2F":{"r":"G-BEAG","t":"PA34"},"30":{"r":"G-BGFT","t":"PA34"},"32":{"r":"G-BORW","t":"C172"},"33":{"r":"G-DAVD","t":"C172"},"34":{"r":"G-GGNG","t":"R44"},"37":{"r":"G-JECM","t":"DH8D"},"38":{"r":"G-JECN","t":"DH8D"},"39":{"r":"G-CELO","t":"B733"},"3A":{"r":"G-CDWK","t":"R44"},"43":{"r":"G-TUCK","t":"RV8"},"46":{"r":"G-SCOL","t":"GA8"},"48":{"r":"G-TSDS","t":"P32R"},"49":{"r":"G-CDZH","t":"B738"},"4A":{"r":"G-CDZI","t":"B738"},"4C":{"r":"G-ERFS","t":"P28A"},"4E":{"r":"G-LSAC","t":"B752"},"51":{"r":"G-MEDM","t":"A321"},"52":{"r":"G-EUNI","t":"BE20"},"55":{"r":"G-GBMR","t":"BE20"},"56":{"r":"G-GALX","t":"F900"},"59":{"r":"G-EZAW","t":"A319"},"5A":{"r":"G-EZAX","t":"A319"},"5B":{"r":"G-EZAY","t":"A319"},"5C":{"r":"G-EZAZ","t":"A319"},"5D":{"r":"G-PFFN","t":"BE20"},"5F":{"r":"G-CDJN","t":"GYRO"},"61":{"r":"G-BSXS","t":"P28A"},"62":{"r":"G-JPOT","t":"P32R"},"63":{"r":"G-CDWY","t":"A109"},"66":{"r":"G-SAMP","t":"A109"},"6B":{"r":"G-MRRR","t":"H500"},"6C":{"r":"G-PBRL","t":"R22"},"6E":{"r":"G-XLLL","t":"AS50"},"73":{"r":"G-BOMS","t":"C172"},"74":{"r":"G-VFIZ","t":"A346"},"75":{"r":"G-VYOU","t":"A346"},"77":{"r":"G-ZAPX","t":"B752"},"7A":{"r":"G-CMBS","t":"EXPL"},"7D":{"r":"G-BPUM","t":"C182"},"7E":{"r":"G-OJAZ","t":"R44"},"7F":{"r":"G-JRED","t":"R44"},"80":{"r":"G-IBMS","t":"R44"},"85":{"r":"G-DJET","t":"DA42"},"86":{"r":"G-ORDH","t":"AS55"},"8A":{"r":"G-ASIT","t":"C180"},"8C":{"r":"G-JECO","t":"DH8D"},"8F":{"r":"G-BYWL","t":"G115"},"90":{"r":"G-BYWM","t":"G115"},"91":{"r":"G-BYWN","t":"G115"},"92":{"r":"G-BYWO","t":"G115"},"93":{"r":"G-BYWP","t":"G115"},"94":{"r":"G-BYWR","t":"G115"},"95":{"r":"G-BYWS","t":"G115"},"96":{"r":"G-BYWT","t":"G115"},"97":{"r":"G-BYWU","t":"G115"},"98":{"r":"G-BYWV","t":"G115"},"9B":{"r":"G-BYWX","t":"G115"},"9C":{"r":"G-BYWY","t":"G115"},"9D":{"r":"G-BYWZ","t":"G115"},"9E":{"r":"G-BYXA","t":"G115"},"9F":{"r":"G-BYXB","t":"G115"},"A0":{"r":"G-BYXC","t":"G115"},"A1":{"r":"G-BYXD","t":"G115"},"A2":{"r":"G-BYXE","t":"G115"},"A3":{"r":"G-BYXF","t":"G115"},"A4":{"r":"G-BYXG","t":"G115"},"A5":{"r":"G-BYXH","t":"G115"},"A7":{"r":"G-BYXJ","t":"G115"},"A9":{"r":"G-BYXL","t":"G115"},"AB":{"r":"G-BYXN","t":"G115"},"AC":{"r":"G-BYXO","t":"G115"},"AD":{"r":"G-BYXP","t":"G115"},"AF":{"r":"G-BYXS","t":"G115"},"B0":{"r":"G-BYXT","t":"G115"},"B1":{"r":"G-BYXX","t":"G115"},"B2":{"r":"G-BYXY","t":"G115"},"B3":{"r":"G-BYXZ","t":"G115"},"B4":{"r":"G-BYYA","t":"G115"},"B5":{"r":"G-BYYB","t":"G115"},"B7":{"r":"G-BYWB","t":"G115"},"B9":{"r":"G-BYWD","t":"G115"},"BA":{"r":"G-BYWE","t":"G115"},"BB":{"r":"G-BYWF","t":"G115"},"BC":{"r":"G-BYWG","t":"G115"},"BD":{"r":"G-BYWH","t":"G115"},"BE":{"r":"G-BYWI","t":"G115"},"BF":{"r":"G-BYWJ","t":"G115"},"C0":{"r":"G-HURI","t":"HURI"},"C2":{"r":"G-MAJU","t":"JS41"},"C3":{"r":"G-MAJV","t":"JS41"},"C4":{"r":"G-RAMS","t":"P32R"},"C5":{"r":"G-BYUA","t":"G115"},"C6":{"r":"G-BYUB","t":"G115"},"C7":{"r":"G-BYUC","t":"G115"},"C8":{"r":"G-BYUD","t":"G115"},"C9":{"r":"G-BYUE","t":"G115"},"CA":{"r":"G-BYUF","t":"G115"},"CB":{"r":"G-BYUG","t":"G115"},"CC":{"r":"G-BYUH","t":"G115"},"CD":{"r":"G-BYUI","t":"G115"},"CE":{"r":"G-BYUJ","t":"G115"},"CF":{"r":"G-BYUK","t":"G115"},"D1":{"r":"G-BYUM","t":"G115"},"D2":{"r":"G-BYUN","t":"G115"},"D3":{"r":"G-BYUO","t":"G115"},"D4":{"r":"G-BYUP","t":"G115"},"D5":{"r":"G-BYUR","t":"G115"},"D6":{"r":"G-BYUS","t":"G115"},"D8":{"r":"G-BYUU","t":"G115"},"DA":{"r":"G-BYUW","t":"G115"},"DB":{"r":"G-BYUX","t":"G115"},"DC":{"r":"G-BYUY","t":"G115"},"DD":{"r":"G-BYUZ","t":"G115"},"DE":{"r":"G-BYVA","t":"G115"},"DF":{"r":"G-BYVB","t":"G115"},"E0":{"r":"G-BYVC","t":"G115"},"E1":{"r":"G-BYVD","t":"G115"},"E2":{"r":"G-BYVE","t":"G115"},"E3":{"r":"G-BYVF","t":"G115"},"E4":{"r":"G-BYVG","t":"G115"},"E6":{"r":"G-BYVI","t":"G115"},"E7":{"r":"G-BYVJ","t":"G115"},"E8":{"r":"G-BYVK","t":"G115"},"E9":{"r":"G-BYVL","t":"G115"},"EA":{"r":"G-BYVM","t":"G115"},"EC":{"r":"G-BYVO","t":"G115"},"ED":{"r":"G-BYVP","t":"G115"},"EE":{"r":"G-BYVR","t":"G115"},"EF":{"r":"G-BYVS","t":"G115"},"F0":{"r":"G-BYVT","t":"G115"},"F1":{"r":"G-BYVU","t":"G115"},"F2":{"r":"G-BYVV","t":"G115"},"F3":{"r":"G-BYVW","t":"G115"},"F4":{"r":"G-BYVX","t":"G115"},"F6":{"r":"G-BYVZ","t":"G115"},"F9":{"r":"G-JURG","t":"AC11"},"FB":{"r":"G-EZBA","t":"A319"},"FC":{"r":"G-EZBB","t":"A319"},"FD":{"r":"G-EZBC","t":"A319"},"FE":{"r":"G-EZBD","t":"A319"},"FF":{"r":"G-EZBE","t":"A319"}}