{"000":{"r":"G-VBUG","t":"A346"},"001":{"r":"G-MRTN","t":"TOBA"},"002":{"r":"G-UTSY","t":"P28A"},"003":{"r":"G-LGEZ","t":"LGEZ"},"004":{"r":"G-BABG","t":"P28A"},"005":{"r":"G-TEBZ","t":"P28A"},"006":{"r":"G-BNNX","t":"P28R"},"007":{"r":"G-GFCB","t":"P28A"},"009":{"r":"G-RRAZ","t":"E135"},"00A":{"r":"G-JECR","t":"DH8D"},"00B":{"r":"G-EDCK","t":"C525"},"00F":{"r":"G-BWNM","t":"P28R"},"013":{"r":"G-OFST","t":"B06"},"014":{"r":"G-BGWC","t":"DR40"},"015":{"r":"G-ISST","t":"EC55"},"01B":{"r":"G-HBBH","t":"C42"},"01D":{"r":"G-POPW","t":"C182"},"023":{"r":"G-ETOU","t":"A109"},"024":{"r":"G-HOSS","t":"BE33"},"028":{"r":"G-BJGX","t":"S76"},"033":{"r":"G-DTFF","t":"C182"},"034":{"r":"G-MARF","t":"R44"},"037":{"r":"G-MDDT","t":"R44"},"039":{"r":"G-DWCE","t":"R44"},"03A":{"r":"G-BBBN","t":"P28A"},"03B":{"r":"G-OCDP","t":"FDCT"},"03C":{"r":"G-TVCO","t":"GA8"},"03D":{"r":"G-GOTF","t":"C208"},"040":{"r":"G-KIII","t":"E300"},"042":{"r":"G-JECS","t":"DH8D"},"043":{"r":"G-GBTL","t":"C172"},"045":{"r":"G-OBCC","t":"C560"},"046":{"r":"G-WCCP","t":"BE20"},"049":{"r":"G-ZAPZ","t":"B733"},"04B":{"r":"G-OODM","t":"C25A"},"04C":{"r":"G-OHMS","t":"AS50"},"04D":{"r":"G-BARP","t":"B06"},"04F":{"r":"G-THOP","t":"B733"},"050":{"r":"G-JECT","t":"DH8D"},"051":{"r":"G-ROCH","t":"C303"},"054":{"r":"G-OZOI","t":"C182"},"056":{"r":"G-JETF","t":"F2TH"},"057":{"r":"G-TAYC","t":"GLF4"},"058":{"r":"G-LXRS","t":"GLEX"},"05A":{"r":"G-LECA","t":"AS50"},"05B":{"r":"G-MFMF","t":"B06"},"05C":{"r":"G-AVGA","t":"PA24"},"05D":{"r":"G-BCCF","t":"P28A"},"05F":{"r":"G-MAFF","t":"BN2T"},"062":{"r":"G-OCCO","t":"DA40"},"063":{"r":"G-OCCP","t":"DA40"},"065":{"r":"G-OCCS","t":"DA40"},"066":{"r":"G-OCCT","t":"DA40"},"067":{"r":"G-OCCU","t":"DA40"},"068":{"r":"G-GFDA","t":"DA42"},"06A":{"r":"G-OMKA","t":"R44"},"06B":{"r":"G-ROAD","t":"R44"},"06F":{"r":"G-CEFV","t":"C182"},"070":{"r":"G-IMEC","t":"PA31"},"071":{"r":"G-RVNK","t":"P68"},"072":{"r":"G-XJCB","t":"S76"},"074":{"r":"G-BIZF","t":"C172"},"076":{"r":"G-GPAG","t":"RV6"},"077":{"r":"G-LSAG","t":"B752"},"078":{"r":"G-LSAH","t":"B752"},"079":{"r":"G-LSAI","t":"B752"},"07A":{"r":"G-JECU","t":"DH8D"},"07E":{"r":"G-DORS","t":"EC35"},"07F":{"r":"G-ROTG","t":"R44"},"081":{"r":"G-EJRC","t":"R44"},"082":{"r":"G-VVBL","t":"R44"},"083":{"r":"G-KTWO","t":"C182"},"086":{"r":"G-POWB","t":"BE30"},"087":{"r":"G-MEGN","t":"BE20"},"088":{"r":"G-OCCR","t":"DA40"},"08B":{"r":"G-CEEW","t":"C42"},"090":{"r":"G-VONC","t":"S76"},"091":{"r":"G-HCSA","t":"C25A"},"092":{"r":"G-OJIM","t":"P28A"},"093":{"r":"G-ZZDG","t":"SR20"},"094":{"r":"G-LOYN","t":"R44"},"097":{"r":"G-OXLS","t":"C560"},"09D":{"r":"G-SEFC","t":"B737"},"09E":{"r":"G-MSJF","t":"B737"},"09F":{"r":"G-VLCN"},"0A0":{"r":"G-KIMK","t":"P68"},"0A1":{"r":"G-CITJ","t":"C525"},"0A3":{"r":"G-ITIG","t":"F2TH"},"0A5":{"r":"G-BNJR","t":"P28T"},"0A6":{"r":"G-BOKA","t":"P28A"},"0AA":{"r":"G-CEGE","t":"SW4"},"0AB":{"r":"G-TTIF","t":"A321"},"0AC":{"r":"G-EMID","t":"EC35"},"0AF":{"r":"G-BWLF","t":"C404"},"0B0":{"r":"G-FFWD","t":"C310"},"0B3":{"r":"G-WNCH","t":"BE20"},"0B7":{"r":"G-JECV","t":"DH8D"},"0BB":{"r":"G-PAMY","t":"R44"},"0BC":{"r":"G-INTO","t":"PC12"},"0BD":{"r":"G-LYDF","t":"PA31"},"0BE":{"r":"G-BKII","t":"C172"},"0C2":{"r":"G-DKEY","t":"P28A"},"0C6":{"r":"G-BCOL","t":"C172"},"0C7":{"r":"G-LADZ","t":"EN48"},"0C8":{"r":"G-JOPT","t":"C560"},"0C9":{"r":"G-FBED","t":"E190"},"0CB":{"r":"G-BLWF","t":"HR10"},"0CC":{"r":"G-STRZ","t":"B752"},"0D4":{"r":"G-VCML","t":"BE58"},"0D5":{"r":"G-BMCI","t":"C172"},"0D8":{"r":"G-RGAP","t":"C172"},"0D9":{"r":"G-MKBA","t":"B742"},"0DA":{"r":"G-EUXJ","t":"A321"},"0DB":{"r":"G-EUXK","t":"A321"},"0DC":{"r":"G-EUXL","t":"A321"},"0DD":{"r":"G-EUXM","t":"A321"},"0DE":{"r":"G-BMMK","t":"C182"},"0E1":{"r":"G-EERY","t":"R22"},"0E3":{"r":"G-EDTO","t":"C172"},"0E5":{"r":"G-SEMR","t":"C206"},"0E7":{"r":"G-MAPP","t":"C402"},"0E9":{"r":"G-EZBU","t":"A319"},"0EA":{"r":"G-EZBV","t":"A319"},"0EB":{"r":"G-EZBW","t":"A319"},"0EC":{"r":"G-EZBX","t":"A319"},"0ED":{"r":"G-EZBY","t":"A319"},"0EE":{"r":"G-EZBZ","t":"A319"},"0EF":{"r":"G-OPVM","t":"RV9"},"0F1":{"r":"G-TOYJ","t":"B733"},"0F7":{"r":"G-BOGO","t":"P32R"},"0F8":{"r":"G-PROJ","t":"R44"},"0F9":{"r":"G-POWC","t":"B733"},"0FB":{"r":"G-OASP","t":"AS50"},"0FC":{"r":"G-LVES","t":"C182"},"100":{"r":"G-CEJO","t":"B738"},"101":{"r":"G-CEJP","t":"B738"},"102":{"r":"G-CEMC","t":"R44"},"106":{"r":"G-JECW","t":"DH8D"},"109":{"r":"G-ODCC","t":"B06"},"10A":{"r":"G-GZRP","t":"PAY3"},"10C":{"r":"G-FRYI","t":"BE20"},"10D":{"r":"G-BVCM","t":"C525"},"10E":{"r":"G-JOYT","t":"P28A"},"10F":{"r":"G-CGRD","t":"SR22"},"110":{"r":"G-PDGF","t":"AS50"},"111":{"r":"G-BYCP","t":"BE20"},"112":{"r":"G-CEJD","t":"P28A"},"114":{"r":"G-HEJB","t":"SR22"},"115":{"r":"G-STOB"},"116":{"r":"G-BVJT","t":"F406"},"118":{"r":"G-TCAL","t":"R44"},"11A":{"r":"G-CEKA","t":"R44"},"11C":{"r":"G-DKNY","t":"R44"},"11D":{"r":"G-BBEB","t":"P28A"},"11E":{"r":"G-JBIS","t":"C550"},"11F":{"r":"G-MAFT","t":"DA40"},"122":{"r":"G-TOYK","t":"B733"},"127":{"r":"G-BIHO","t":"DHC6"},"128":{"r":"G-CBML","t":"DHC6"},"129":{"r":"G-CSMK","t":"EV97"},"12A":{"r":"G-BZRO","t":"PA30"},"12C":{"r":"G-FLYI","t":"PA34"},"12E":{"r":"G-WACI","t":"BE76"},"12F":{"r":"G-WACJ","t":"BE76"},"130":{"r":"G-SOHO","t":"DA40"},"132":{"r":"G-XBEL","t":"C560"},"133":{"r":"G-VIPW","t":"PA31"},"134":{"r":"G-BPXX","t":"PA34"},"136":{"r":"G-MAPR","t":"BE36"},"137":{"r":"G-CDPV","t":"PA34"},"13D":{"r":"G-KRMA","t":"C425"},"13F":{"r":"G-BAFL","t":"C182"},"141":{"r":"G-DOLF","t":"AS65"},"147":{"r":"G-ASWX","t":"P28A"},"148":{"r":"G-BPYR","t":"PA31"},"149":{"r":"G-BTGZ","t":"P28A"},"14A":{"r":"G-MOTI","t":"DR40"},"14B":{"r":"G-BFYC","t":"P32R"},"14C":{"r":"G-CEDK","t":"C750"},"14D":{"r":"G-PYPA","t":"R44"},"150":{"r":"G-JMMX","t":"F900"},"152":{"r":"G-JECX","t":"DH8D"},"153":{"r":"G-JECY","t":"DH8D"},"158":{"r":"G-BXNS","t":"B06"},"159":{"r":"G-BXNT","t":"B06"},"15B":{"r":"G-CMAF","t":"E135"},"15D":{"r":"G-BPAX","t":"C150"},"163":{"r":"G-BMUT","t":"PA34"},"164":{"r":"G-SBMM","t":"P28R"},"165":{"r":"G-HAFG","t":"C340"},"166":{"r":"G-CLOW","t":"BE20"},"167":{"r":"G-SYGA","t":"BE20"},"168":{"r":"G-SAXN","t":"BE20"},"16A":{"r":"G-OETV","t":"PA31"},"16B":{"r":"G-DERK","t":"PA46"},"16C":{"r":"G-CDOK","t":"C42"},"16D":{"r":"G-AZJN","t":"DR30"},"16E":{"r":"G-PORK","t":"AA5"},"16F":{"r":"G-FRGN","t":"P28B"},"170":{"r":"G-PWNS","t":"C525"},"171":{"r":"G-HOPE","t":"BE33"},"173":{"r":"G-PAWS","t":"AA5"},"174":{"r":"G-EURT","t":"EC55"},"175":{"r":"G-SIRO","t":"F900"},"176":{"r":"G-CTAV"},"177":{"r":"G-STUF","t":"LJ45"},"17A":{"r":"G-ONPA","t":"PA31"},"17D":{"r":"G-BACB","t":"PA34"},"17E":{"r":"G-BSER","t":"P28A"},"17F":{"r":"G-BFXW","t":"AA5"},"180":{"r":"G-EVRD","t":"PRM1"},"181":{"r":"G-JTSA","t":"R44"},"183":{"r":"G-GIBB","t":"R44"},"184":{"r":"G-TAGA","t":"CL60"},"185":{"r":"G-SIZZ","t":"JAB4"},"187":{"r":"G-MACH","t":"F260"},"18B":{"r":"G-RHYM","t":"PA31"},"18E":{"r":"G-TABS","t":"E110"},"18F":{"r":"G-RILA","t":"FDCT"},"190":{"r":"G-CBLJ","t":"YK52"},"191":{"r":"G-BTSZ","t":"C177"},"192":{"r":"G-ENCE","t":"P68"},"193":{"r":"G-CBMD","t":"YK52"},"194":{"r":"G-EMLI","t":"CL60"},"195":{"r":"G-BZLI","t":"TRIN"},"196":{"r":"G-PTRE","t":"TRIN"},"197":{"r":"G-FLYX","t":"R44"},"199":{"r":"G-BVMA","t":"BE20"},"19B":{"r":"G-BTLB","t":"WA50"},"19C":{"r":"G-EIGG","t":"JS31"},"19D":{"r":"G-AZNO","t":"C182"},"1A1":{"r":"G-CEMD","t":"P28A"},"1A3":{"r":"G-RSXL","t":"C560"},"1A4":{"r":"G-BSVP","t":"PA23"},"1A6":{"r":"G-OECM","t":"AC11"},"1AC":{"r":"G-ZINC","t":"C182"},"1AF":{"r":"G-CEGP","t":"BE20"},"1B3":{"r":"G-GAFT","t":"PA44"},"1B4":{"r":"G-FCUM","t":"R44"},"1B5":{"r":"G-BJWO","t":"BN2P"},"1B6":{"r":"G-LENI","t":"AS50"},"1B7":{"r":"G-BRNT","t":"DR40"},"1B8":{"r":"G-BBPX","t":"PA34"},"1B9":{"r":"G-BFTT","t":"C421"},"1BA":{"r":"G-BBDS","t":"PA31"},"1BB":{"r":"G-BIDF","t":"C172"},"1BD":{"r":"G-BKMA","t":"M20P"},"1BF":{"r":"G-LGOC","t":"AAT3"},"1C1":{"r":"G-CTCH","t":"DA42"},"1C2":{"r":"G-JORD","t":"R44"},"1C3":{"r":"G-SIRD","t":"R44"},"1C4":{"r":"G-TGDL","t":"R44"},"1C5":{"r":"G-HVER","t":"R44"},"1C6":{"r":"G-LMBO","t":"R44"},"1C7":{"r":"G-EMMM","t":"DA40"},"1CB":{"r":"G-ZRZZ","t":"SR22"},"1CC":{"r":"G-DHDV","t":"DOVE"},"1CD":{"r":"G-JESE","t":"AS55"},"1D0":{"r":"G-DMRA","t":"R44"},"1D2":{"r":"G-CIRI","t":"SR20"},"1D5":{"r":"G-FBEE","t":"E190"},"1D7":{"r":"G-ORED","t":"BN2T"},"1D8":{"r":"G-ECZA","t":"BN2P"},"1D9":{"r":"G-FNES","t":"F900"},"1DC":{"r":"G-PPLL","t":"RV7"},"1DE":{"r":"G-OAFF","t":"C208"},"1E0":{"r":"G-TOPC","t":"AS50"},"1E3":{"r":"G-BJAG","t":"P28A"},"1E5":{"r":"G-GFCD","t":"PA34"},"1E7":{"r":"G-OVFR","t":"C172"},"1E8":{"r":"G-PUSI","t":"C303"},"1EA":{"r":"G-AZFM","t":"P28R"},"1EB":{"r":"G-AWBC","t":"P28R"},"1EC":{"r":"G-SFLY","t":"DA40"},"1EE":{"r":"G-MDJE","t":"C208"},"1EF":{"r":"G-CGAW","t":"BE20"},"1F0":{"r":"G-OIBM","t":"AC11"},"1F1":{"r":"G-HRND","t":"C182"},"1F2":{"r":"G-TPSL","t":"C182"},"1F4":{"r":"G-SXTY","t":"LJ60"},"1F5":{"r":"G-HIRE","t":"GA7"},"1F6":{"r":"G-ECBI","t":"H269"},"1F7":{"r":"G-WINT","t":"PC12"},"1FA":{"r":"G-IFIT","t":"PA31"},"1FC":{"r":"G-SBKS","t":"C206"},"1FD":{"r":"G-ECBO"},"200":{"r":"G-OCLC","t":"HUSK"},"204":{"r":"G-GAME","t":"C303"},"205":{"r":"G-EJMG","t":"C150"},"207":{"r":"G-BDFY","t":"AA5"},"209":{"r":"G-ILUA","t":"R200"},"20A":{"r":"G-LANS","t":"C182"},"20E":{"r":"G-LRGE","t":"BALL"},"211":{"r":"G-APFV","t":"PA23"},"214":{"r":"G-OJCW","t":"P32R"},"215":{"r":"G-OLDO","t":"EC20"},"216":{"r":"G-GERY","t":"GLST"},"219":{"r":"G-ELOA","t":"C560"},"21C":{"r":"G-ILPY","t":"C172"},"21D":{"r":"G-NODE","t":"AA5"},"221":{"r":"G-OHAC","t":"C182"},"222":{"r":"G-MPRL","t":"C210"},"223":{"r":"G-MRRY","t":"R44"},"225":{"r":"G-BGVN","t":"P28T"},"229":{"r":"G-FBEF","t":"E190"},"22C":{"r":"G-WALY","t":"M7"},"22D":{"r":"G-CJDB","t":"C525"},"22E":{"r":"G-SPVK","t":"AS50"},"230":{"r":"G-AVUZ","t":"PA32"},"239":{"r":"G-DYNM","t":"WT9"},"23B":{"r":"G-JAKI","t":"M20P"},"23C":{"r":"G-RESC","t":"BK17"},"23D":{"r":"G-CYLS","t":"C303"},"23E":{"r":"G-CJMB","t":"CL60"},"23F":{"r":"G-EUUS","t":"A320"},"240":{"r":"G-EUUT","t":"A320"},"241":{"r":"G-IVII","t":"RV7"},"243":{"r":"G-MKEA","t":"B742"},"245":{"r":"G-ETFF","t":"R44"},"246":{"r":"G-MCCG","t":"R44"},"248":{"r":"G-BMIV","t":"P28A"},"24A":{"r":"G-OOSI","t":"C404"},"24B":{"r":"G-CJMD","t":"E135"},"24C":{"r":"G-JJFB","t":"EC20"},"24D":{"r":"G-XBLU","t":"C680"},"24E":{"r":"G-SPEY","t":"B06"},"24F":{"r":"G-BERI","t":"AC11"},"251":{"r":"G-EDCL","t":"C25A"},"252":{"r":"G-MELS","t":"P28A"},"255":{"r":"G-ESEX","t":"EC35"},"256":{"r":"G-BGVZ","t":"P28A"},"259":{"r":"G-HEHE","t":"EC20"},"25A":{"r":"G-KLNK","t":"EC35"},"25B":{"r":"G-ECOU","t":"AS50"},"25C":{"r":"G-BNNO","t":"P28A"},"25E":{"r":"G-ZANY","t":"DA40"},"25F":{"r":"G-ELLA","t":"P32R"},"261":{"r":"G-CMCC","t":"R44"},"262":{"r":"G-OPDG","t":"R44"},"265":{"r":"G-MKHA","t":"B742"},"266":{"r":"G-CEOD","t":"B763"},"269":{"r":"G-UFCJ","t":"C172"},"26A":{"r":"G-EICK","t":"C172"},"26B":{"r":"G-CERX","t":"H25B"},"26E":{"r":"G-MDBA","t":"F2TH"},"271":{"r":"G-BAYP","t":"C150"},"272":{"r":"G-ROWA","t":"A210"},"275":{"r":"G-MATF","t":"GLF4"},"276":{"r":"G-JTNC","t":"C500"},"278":{"r":"G-WELY","t":"A109"},"279":{"r":"G-WARP","t":"C182"},"27A":{"r":"G-CERZ","t":"SB20"},"27B":{"r":"G-CERY","t":"SB20"},"27C":{"r":"G-BZDV","t":"GAZL"},"27D":{"r":"G-RVJO","t":"RV9"},"280":{"r":"G-WTWO","t":"A210"},"281":{"r":"G-DRLH","t":"EC20"},"284":{"r":"G-RHHT","t":"P32T"},"285":{"r":"G-TASK","t":"C404"},"287":{"r":"G-AJWB","t":"MESS"},"289":{"r":"G-STRX","t":"B752"},"28A":{"r":"G-STRY","t":"B752"},"28B":{"r":"G-BSPN","t":"P28R"},"28C":{"r":"G-CEOJ","t":"EC55"},"28D":{"r":"G-FBEG","t":"E190"},"290":{"r":"G-DEFT","t":"FDCT"},"291":{"r":"G-BHWZ","t":"P28A"},"293":{"r":"G-OROO","t":"C560"},"294":{"r":"G-MROO","t":"C25A"},"296":{"r":"G-NSJS","t":"C680"},"298":{"r":"G-HOLM","t":"EC35"},"29A":{"r":"G-RVAB","t":"RV7"},"29B":{"r":"G-OHJV","t":"R44"},"29E":{"r":"G-BOYF","t":"S76"},"2A5":{"r":"G-OKTI","t":"A210"},"2A6":{"r":"G-SIVR","t":"EXPL"},"2A7":{"r":"G-GNAA","t":"EXPL"},"2AA":{"r":"G-WTEC","t":"SR22"},"2AD":{"r":"G-IMEA","t":"BE20"},"2AF":{"r":"G-RODD","t":"C310"},"2B4":{"r":"G-KASX"},"2B5":{"r":"G-LUBY","t":"JAB4"},"2B6":{"r":"G-WISE","t":"P28A"},"2B7":{"r":"G-OPUK","t":"P28A"},"2BA":{"r":"G-WFFW","t":"P28A"},"2BB":{"r":"G-VICC","t":"P28A"},"2BC":{"r":"G-CDGW","t":"P28A"},"2BD":{"r":"G-LBDC","t":"B06"},"2C0":{"r":"G-MAKI","t":"R44"},"2C1":{"r":"G-TOGO","t":"RV6"},"2C2":{"r":"G-BKBF","t":"RALL"},"2C3":{"r":"G-MASH","t":"B47G"},"2C5":{"r":"G-WONN","t":"EC35"},"2C6":{"r":"G-IFAB","t":"C182"},"2C7":{"r":"G-BDOW","t":"C150"},"2C8":{"r":"G-DIGG","t":"R44"},"2C9":{"r":"G-JONW","t":"A109"},"2CA":{"r":"G-RYNS","t":"PA32"},"2D1":{"r":"G-OJAJ","t":"F2TH"},"2D6":{"r":"G-EHMJ","t":"BE35"},"2DA":{"r":"G-CEWM","t":"DHC6"},"2DC":{"r":"G-IDEB","t":"AS55"},"2DD":{"r":"G-SDAT","t":"FDCT"},"2DE":{"r":"G-AVSB","t":"P28A"},"2DF":{"r":"G-FNEY","t":"C177"},"2E1":{"r":"G-CESI","t":"AP22"},"2E4":{"r":"G-HFLY","t":"R44"},"2E9":{"r":"G-CEHE"},"2F5":{"r":"G-CETG","t":"R200"},"2FF":{"r":"G-CEUO","t":"C550"},"305":{"r":"G-CEWL","t":"PNR2"},"32E":{"r":"G-CPRI","t":"LJ45"},"32F":{"r":"G-SPNA","t":"B763"},"330":{"r":"G-BAHJ","t":"PA24"},"33D":{"r":"G-ECAC","t":"R200"},"33E":{"r":"G-EEWS","t":"C210"},"33F":{"r":"G-EFCM","t":"P28A"},"341":{"r":"G-EGWN","t":"CH7A"},"344":{"r":"G-FBEH","t":"E190"},"345":{"r":"G-FUFU","t":"A109"},"348":{"r":"G-GSRV","t":"DR40"},"34B":{"r":"G-HGRC","t":"C25A"},"34E":{"r":"G-JECZ","t":"DH8D"},"352":{"r":"G-LEAA","t":"C510"},"353":{"r":"G-LEAI","t":"C510"},"356":{"r":"G-LWDC","t":"CL60"},"35B":{"r":"G-CEUU","t":"R44"},"370":{"r":"G-OHPC","t":"C208"},"371":{"r":"G-OIOB","t":"CP10"},"374":{"r":"G-OZBR","t":"A321"},"376":{"r":"G-RBMS","t":"SR22"},"377":{"r":"G-RCWK","t":"C182"},"381":{"r":"G-SERE","t":"DA42"},"384":{"r":"G-STGR","t":"A109"},"387":{"r":"G-TVHD","t":"AS55"},"388":{"r":"G-UKPS","t":"C208"},"389":{"r":"G-THIN","t":"C172"},"38A":{"r":"G-VBCA","t":"SR22"},"3A5":{"r":"G-BFEK","t":"C152"},"3A9":{"r":"G-LUNG","t":"GYRO"},"3AB":{"r":"G-HOTB","t":"EC55"},"3AF":{"r":"G-OZBT","t":"A321"},"3B1":{"r":"G-OZBU","t":"A321"},"3E0":{"r":"G-AFYO","t":"S10"},"3E2":{"r":"G-AFZL"},"3EB":{"r":"G-AGTM"},"42B":{"r":"G-AIYR","t":"DH89"},"45A":{"r":"G-AKVZ","t":"MESS"},"471":{"r":"G-AMEN","t":"PA18"},"473":{"r":"G-AMKU","t":"AUS5"},"47A":{"r":"G-AMUF","t":"DHC1"},"48C":{"r":"G-ANFM","t":"DH82"},"4A5":{"r":"G-ANXR","t":"PROC"},"4AB":{"r":"G-AOBX","t":"DH82"},"4CB":{"r":"G-AOTR","t":"DHC1"},"520":{"r":"G-ARDB","t":"PA24"},"52B":{"r":"G-AREL","t":"PA22"},"532":{"r":"G-ARFO","t":"C150"},"54E":{"r":"G-ARKK","t":"PA22"},"554":{"r":"G-ARLK","t":"PA24"},"55D":{"r":"G-ARMO","t":"C172"},"564":{"r":"G-ARNK","t":"PA22"},"571":{"r":"G-ARRL","t":"J1"},"572":{"r":"G-LIZI","t":"P28A"},"58E":{"r":"G-ARWS","t":"C175"},"5B4":{"r":"G-ASEO","t":"PA24"},"5B9":{"r":"G-ASFL","t":"P28A"},"5C7":{"r":"G-ASJL","t":"BE35"},"5C8":{"r":"G-ASJV","t":"SPIT"},"5ED":{"r":"G-ASRW","t":"P28A"},"5F1":{"r":"G-ASSW","t":"P28A"},"61A":{"r":"G-ATAF","t":"C172"},"61C":{"r":"G-ATAS","t":"P28A"},"622":{"r":"G-ATBI","t":"BE23"},"62A":{"r":"G-ATCC","t":"AIRD"},"633":{"r":"G-ATEF","t":"C150"},"64D":{"r":"G-ATIS","t":"P28A"},"652":{"r":"G-ATJL","t":"PA24"},"655":{"r":"G-ATJT","t":"GY80"},"65A":{"r":"G-ATKT","t":"C172"},"68E":{"r":"G-ATTK","t":"P28A"},"691":{"r":"G-ATTV","t":"P28A"},"69C":{"r":"G-ATVK","t":"P28A"},"69E":{"r":"G-ATVS","t":"P28A"},"6A3":{"r":"G-ATWJ","t":"C172"},"6A6":{"r":"G-ATXD","t":"PA30"},"6AC":{"r":"G-ATYS","t":"P28A"},"6B6":{"r":"G-OIBO","t":"P28A"},"6BC":{"r":"G-AVCM","t":"PA24"},"6C6":{"r":"G-AVEC","t":"C172"},"6D8":{"r":"G-ZZIJ","t":"P28A"},"6DC":{"r":"G-AVHH","t":"C172"},"6FC":{"r":"G-AVLC","t":"P28A"},"6FE":{"r":"G-AVLF","t":"P28A"},"705":{"r":"G-LTFB","t":"P28A"},"721":{"r":"G-AVRK","t":"P28A"},"729":{"r":"G-AVSA","t":"P28A"},"72D":{"r":"G-AVSF","t":"P28A"},"742":{"r":"G-AVWA","t":"P28A"},"744":{"r":"G-AVWI","t":"P28A"},"74B":{"r":"G-AVWT","t":"P28R"},"74E":{"r":"G-AVWY","t":"RF4"},"756":{"r":"G-AVYM","t":"P28A"},"759":{"r":"G-AVYT","t":"P28R"},"75F":{"r":"G-AVZR","t":"P28A"},"768":{"r":"G-AWAZ","t":"P28R"},"770":{"r":"G-AWBN","t":"PA30"},"774":{"r":"G-HILS","t":"C172"},"786":{"r":"G-AWEZ","t":"P28R"},"78A":{"r":"G-AWFJ","t":"P28R"},"790":{"r":"G-AWFZ","t":"BE19"},"79C":{"r":"G-AWJX","t":"Z26"},"7A5":{"r":"G-AWLI","t":"PA22"},"7B0":{"r":"G-AWMP","t":"C172"},"7CB":{"r":"G-YHPV","t":"C310"},"803":{"r":"G-AXDI","t":"C172"},"831":{"r":"G-AXLS","t":"DR10"},"83B":{"r":"G-AXNR","t":"PUP"},"856":{"r":"G-AXSZ","t":"P28A"},"857":{"r":"G-AXTA","t":"P28A"},"86C":{"r":"G-AXWV","t":"D253"},"86D":{"r":"G-AXWZ","t":"P28R"},"86F":{"r":"G-AXXV","t":"DH82"},"876":{"r":"G-AXZO","t":"C180"},"87A":{"r":"G-AYAB","t":"P28A"},"87B":{"r":"G-AYAC","t":"P28R"},"89A":{"r":"G-AYEE","t":"P28A"},"8B3":{"r":"G-AYIG","t":"P28A"},"8C7":{"r":"G-AYLC","t":"DR10"},"8CF":{"r":"G-AYMO","t":"PA23"},"8D6":{"r":"G-AYNF","t":"P28A"},"8DC":{"r":"G-AYPE","t":"B209"},"8E6":{"r":"G-AYPU","t":"P28R"},"8F4":{"r":"G-AYSX","t":"C177"},"906":{"r":"G-AYWD","t":"C182"},"908":{"r":"G-AYWM"},"917":{"r":"G-AZAJ","t":"P28R"},"929":{"r":"G-AZDD","t":"B209"},"92B":{"r":"G-SWEE","t":"BE58"},"934":{"r":"G-AZFC","t":"P28A"},"936":{"r":"G-AZFI","t":"P28R"},"937":{"r":"G-AZFR","t":"C402"},"94E":{"r":"G-AZJV","t":"C172"},"952":{"r":"G-BPRM","t":"C172"},"979":{"r":"G-AZRA","t":"B209"},"97F":{"r":"G-AZRM","t":"RF5"},"986":{"r":"G-AZSF","t":"P28R"},"987":{"r":"G-WWAL","t":"P28A"},"989":{"r":"G-AZTA","t":"B209"},"98E":{"r":"G-AZTW","t":"C177"},"99C":{"r":"G-AZVP","t":"C177"},"9B8":{"r":"G-BABK","t":"PA34"},"9C6":{"r":"G-BAEM","t":"DR40"},"9C8":{"r":"G-BAEP","t":"C150"},"9CE":{"r":"G-BAEY","t":"C172"},"9F9":{"r":"G-BAJO","t":"AA5"},"9FB":{"r":"G-BAJZ","t":"DR40"},"A0F":{"r":"G-BAMS","t":"DR40"},"A10":{"r":"G-BAMU","t":"DR40"},"A11":{"r":"G-BAMY","t":"P28A"},"A27":{"r":"G-BAPW","t":"P28R"},"A2A":{"r":"G-BARC","t":"C172"},"A33":{"r":"G-BASH","t":"AA5"},"A35":{"r":"G-BASJ","t":"P28A"},"A37":{"r":"G-BASM","t":"PA34"},"A6B":{"r":"G-ADKC","t":"ULAC"},"A7C":{"r":"G-BATN","t":"PA23"},"A7F":{"r":"G-BATV","t":"P28A"},"A88":{"r":"G-BAVO","t":"ST75"},"A8A":{"r":"G-BAWG","t":"P28A"},"AB5":{"r":"G-BBDM","t":"AA5"},"AC1":{"r":"G-BBFD","t":"P28R"},"ACB":{"r":"G-BBHK","t":"ARV1"},"ACE":{"r":"G-BBHY","t":"P28A"},"AD7":{"r":"G-BBJV","t":"C177"},"AE3":{"r":"G-BBKX","t":"P28A"},"AE9":{"r":"G-BBLU","t":"PA34"},"AEF":{"r":"G-BBMT","t":"DHC1"},"AF1":{"r":"G-BBMW","t":"DHC1"},"B03":{"r":"G-BBOR","t":"B06"},"B07":{"r":"G-BBPP","t":"P28A"},"B0B":{"r":"G-BBRC","t":"SUBA"},"B1B":{"r":"G-BBTY","t":"BE23"},"B1C":{"r":"G-TALJ","t":"AA5"},"B28":{"r":"G-BBXW","t":"P28A"},"B29":{"r":"G-NERC","t":"PA31"},"B33":{"r":"G-VICT","t":"PA31"},"B34":{"r":"G-BBZN","t":"SUBA"},"B41":{"r":"G-BCCE","t":"PA27"},"B49":{"r":"G-BCDJ","t":"P28A"},"B4B":{"r":"G-BCDY","t":"C150"},"B4E":{"r":"G-BCEE","t":"AA5"},"B50":{"r":"G-BCEN","t":"BN2P"},"B55":{"r":"G-BCEY","t":"DHC1"},"B5E":{"r":"G-BCGC","t":"DHC1"},"B61":{"r":"G-BCGJ","t":"P28A"},"B6E":{"r":"G-BCIH","t":"DHC1"},"B96":{"r":"G-BCPU","t":"DHC1"},"B9C":{"r":"G-BCRR","t":"AA5"},"B9D":{"r":"G-BCRT","t":"C150"},"BAD":{"r":"G-BCVB","t":"PA17"},"BB3":{"r":"G-BCWB","t":"C182"},"BC3":{"r":"G-BDAK","t":"AC11"},"BC9":{"r":"G-BDBF"},"BDA":{"r":"G-JDBC","t":"PA34"},"BFA":{"r":"G-BDKW","t":"AC11"},"C05":{"r":"G-BDNU","t":"C172"},"C13":{"r":"G-WBTS"},"C18":{"r":"G-BDSB","t":"P28A"},"C2C":{"r":"G-BDVB","t":"PA17"},"C39":{"r":"G-GDOG","t":"P28R"},"C44":{"r":"G-BEBN","t":"C177"},"C54":{"r":"G-BEDF"},"C56":{"r":"G-TECH","t":"AC11"},"C64":{"r":"G-BEHU","t":"PA34"},"C6F":{"r":"G-BEKN","t":"C150"},"C70":{"r":"G-BEKO","t":"C182"},"C76":{"r":"G-BEMW","t":"P28A"},"C78":{"r":"G-BENJ","t":"AC11"},"C7D":{"r":"G-BEOH","t":"P28R"},"C86":{"r":"G-BEPY","t":"AC11"},"C9B":{"r":"G-BEUX","t":"C172"},"CA4":{"r":"G-BEWO","t":"Z26"},"CA5":{"r":"G-BEWR","t":"C172"},"CA6":{"r":"G-BEWX","t":"P28R"},"CA7":{"r":"G-BEWY","t":"B06"},"CAF":{"r":"G-BEYL","t":"P28A"},"CB2":{"r":"G-BEYV","t":"C210"},"CB7":{"r":"G-BEZF","t":"AA5"},"CB9":{"r":"G-BEZH","t":"AA5"},"CBD":{"r":"G-BEZP","t":"PA32"},"CC6":{"r":"G-BFAI","t":"AC11"},"CC7":{"r":"G-BFAK","t":"RALL"},"CCC":{"r":"G-BFBA"},"CCE":{"r":"G-BFBE","t":"R200"},"CD9":{"r":"G-BFDO","t":"P28R"},"CE7":{"r":"G-BFFW","t":"C152"},"CE9":{"r":"G-BFGD","t":"C172"},"CF8":{"r":"G-BFIB","t":"PA31"},"CFC":{"r":"G-BFIG","t":"C172"},"D09":{"r":"G-BFKB","t":"C172"},"D15":{"r":"G-BFMG","t":"P28A"},"D17":{"r":"G-BFMK","t":"C152"},"D1E":{"r":"G-WNTR","t":"P28A"},"D24":{"r":"G-BFOJ","t":"AA1"},"D2D":{"r":"G-BFPO","t":"AC11"},"D31":{"r":"G-CHTA","t":"AA5"},"D35":{"r":"G-BFRS","t":"C172"},"D38":{"r":"G-BFSA","t":"C182"},"D3D":{"r":"G-BFSY","t":"P28A"},"D3E":{"r":"G-BFTC","t":"P28R"},"D47":{"r":"G-BFVS","t":"AA5"},"D51":{"r":"G-BFXS","t":"AC11"},"D52":{"r":"G-BFXX","t":"AA5"},"D5D":{"r":"G-TGER","t":"AA5"},"D5E":{"r":"G-OPAM","t":"C152"},"D61":{"r":"G-BGAA","t":"C152"},"D62":{"r":"G-BGAB","t":"C152"},"D6F":{"r":"G-LTEE","t":"C172"},"D78":{"r":"G-BGCO","t":"PA44"},"DA6":{"r":"G-MOOS","t":"PPRO"},"DAC":{"r":"G-BGKV","t":"P28A"},"DB4":{"r":"G-BGLO","t":"C172"},"DBB":{"r":"G-BGMR","t":"GY20"},"DC3":{"r":"G-BGNV","t":"GA7"},"DC6":{"r":"G-BGOG","t":"P28A"},"DC8":{"r":"G-BGOL","t":"P28R"},"DCE":{"r":"G-BGPH","t":"AA5"},"DE5":{"r":"G-BGSY","t":"GA7"},"E02":{"r":"G-BGXS","t":"P28A"},"E0E":{"r":"G-BHAD","t":"C152"},"E13":{"r":"G-BHAW","t":"C172"},"E1F":{"r":"G-BHDE","t":"TOBA"},"E20":{"r":"G-BHDM","t":"C152"},"E27":{"r":"G-BHEC","t":"C152"},"E28":{"r":"G-BHED","t":"C152"},"E2D":{"r":"G-BHEN","t":"C152"},"E2E":{"r":"G-PCAT","t":"TOBA"},"E30":{"r":"G-BHEV","t":"P28A"},"E3D":{"r":"G-BHGJ","t":"D11"},"E3F":{"r":"G-BHGO","t":"PA32"},"E51":{"r":"G-BHJF","t":"TOBA"},"E5A":{"r":"G-BHLH","t":"DR40"},"E6F":{"r":"G-BHOA","t":"DR40"},"E75":{"r":"G-BHOR","t":"P28A"},"E91":{"r":"G-OAGL","t":"B06"},"E92":{"r":"G-EGLT","t":"C310"},"E9E":{"r":"G-BHVR","t":"C172"},"EA4":{"r":"G-BHWY","t":"P28A"},"EA6":{"r":"G-BHXK","t":"P28A"},"EA8":{"r":"G-XXBH","t":"B06"},"EAF":{"r":"G-BHYP","t":"C172"},"EB0":{"r":"G-BHYR","t":"C172"},"EB3":{"r":"G-BHZE","t":"P28A"},"EB5":{"r":"G-BHZK","t":"AA5"},"EBA":{"r":"G-BIAC","t":"MS23"},"EBC":{"r":"G-IANC","t":"TOBA"},"EC1":{"r":"G-BIBA","t":"TAMP"},"ED5":{"r":"G-BICW","t":"P28A"},"EDA":{"r":"G-BIDI","t":"P28R"},"EDC":{"r":"G-BIDK","t":"PA18"},"EE9":{"r":"G-BIFY","t":"C150"},"EEB":{"r":"G-BIGJ","t":"C172"},"EF3":{"r":"G-BIHI","t":"C172"},"EF9":{"r":"G-BIIB","t":"C172"},"F08":{"r":"G-BIKE","t":"P28R"},"F11":{"r":"G-BILU","t":"C172"},"F21":{"r":"G-BIOA","t":"H500"},"F22":{"r":"G-BIOB","t":"C172"},"F2F":{"r":"G-BIPV","t":"AA5"},"F37":{"r":"G-BIRT","t":"R100"},"F4B":{"r":"G-BIUW","t":"P28A"},"F4D":{"r":"G-BIUY","t":"P28A"},"F54":{"r":"G-OSII","t":"C172"},"F7B":{"r":"G-BIZI","t":"DR40"},"F84":{"r":"G-BJAJ","t":"AA5"},"F8F":{"r":"G-BJBW","t":"P28A"},"F98":{"r":"G-BJDW","t":"C172"},"FB4":{"r":"G-BJML","t":"C120"},"FC1":{"r":"G-TALE","t":"P28A"},"FC4":{"r":"G-HEBR","t":"BN2P"},"FC6":{"r":"G-BJOV","t":"C150"},"FCF":{"r":"G-GUSS","t":"P28A"},"FEB":{"r":"G-BJWH","t":"C152"},"FEC":{"r":"G-BJWI","t":"C172"}}