{"004":{"r":"G-URSS","t":"S76"},"006":{"r":"G-SYGB","t":"BE20"},"00A":{"r":"G-TFKR","t":"GLF5"},"00D":{"r":"G-EZFI","t":"A319"},"00E":{"r":"G-EZTD","t":"A320"},"00F":{"r":"G-EZTE","t":"A320"},"010":{"r":"G-EZTF","t":"A320"},"011":{"r":"G-EZTG","t":"A320"},"012":{"r":"G-EZTH","t":"A320"},"013":{"r":"G-EZTI","t":"A320"},"014":{"r":"G-EZTJ","t":"A320"},"015":{"r":"G-EZTK","t":"A320"},"016":{"r":"G-EZTM","t":"A320"},"017":{"r":"G-EZTN","t":"A320"},"018":{"r":"G-EZTL","t":"A320"},"01A":{"r":"G-VBPM","t":"SR22"},"01F":{"r":"G-MEDU","t":"A321"},"020":{"r":"G-FRZN","t":"A109"},"02D":{"r":"G-GCDA","t":"SR20"},"02E":{"r":"G-CFVO","t":"BE20"},"02F":{"r":"G-WOOO","t":"CRUZ"},"031":{"r":"G-HMCA"},"037":{"r":"G-IOOZ","t":"A109"},"03F":{"r":"G-KUTI","t":"FDCT"},"040":{"r":"G-CNUK","t":"FA7X"},"047":{"r":"G-POLI","t":"R44"},"04B":{"r":"G-FLBA","t":"DH8D"},"04D":{"r":"G-GRVY","t":"RV8"},"05B":{"r":"G-OLEW","t":"RV7"},"05D":{"r":"G-HTML","t":"ULAC"},"062":{"r":"G-RIPA","t":"P68"},"063":{"r":"G-CFWV","t":"RV7"},"065":{"r":"G-WCKD","t":"EC30"},"06E":{"r":"G-IVIP","t":"A109"},"071":{"r":"G-OGJC","t":"R44"},"07A":{"r":"G-CTNG","t":"SR20"},"08E":{"r":"G-GDFA","t":"B733"},"08F":{"r":"G-EUNA","t":"A318"},"090":{"r":"G-EUNB","t":"A318"},"091":{"r":"G-EUYE","t":"A320"},"098":{"r":"G-LCYF","t":"E170"},"099":{"r":"G-LCYE","t":"E170"},"09A":{"r":"G-LCYD","t":"E170"},"09F":{"r":"G-JPSZ","t":"F900"},"0A0":{"r":"G-SENS","t":"EC35"},"0A4":{"r":"G-FLBB","t":"DH8D"},"0A5":{"r":"G-FLBC","t":"DH8D"},"0AC":{"r":"G-CGEC","t":"FDCT"},"0AE":{"r":"G-OSFB"},"0B9":{"r":"G-RAFU","t":"BE20"},"0BA":{"r":"G-LSMB","t":"F2TH"},"0BC":{"r":"G-JMED","t":"LJ35"},"0BE":{"r":"G-SHEF","t":"GLEX"},"0C0":{"r":"G-STUN","t":"TL20"},"0C3":{"r":"G-CFOJ","t":"EC55"},"0C8":{"r":"G-CFZM","t":"RJ85"},"0CC":{"r":"G-SKEN","t":"C182"},"0CD":{"r":"G-GOWF","t":"EC35"},"0D0":{"r":"G-CGKA","t":"G115"},"0D1":{"r":"G-CGKB","t":"G115"},"0D3":{"r":"G-CGKD","t":"G115"},"0D4":{"r":"G-CGKE","t":"G115"},"0D5":{"r":"G-CGKF","t":"G115"},"0D6":{"r":"G-CGKG","t":"G115"},"0D7":{"r":"G-CGKH","t":"G115"},"0DF":{"r":"G-CGKP","t":"G115"},"0E0":{"r":"G-CGKR","t":"G115"},"0E1":{"r":"G-CGKS","t":"G115"},"0E2":{"r":"G-CGKT","t":"G115"},"0E3":{"r":"G-CGKU","t":"G115"},"0E4":{"r":"G-CGKV","t":"G115"},"0E6":{"r":"G-CGKX","t":"G115"},"0F0":{"r":"G-RAPT","t":"R44"},"0F6":{"r":"G-SHAL","t":"CRJ2"},"0F8":{"r":"G-KOCO","t":"SR22"},"0FB":{"r":"G-CTAM","t":"SR22"},"100":{"r":"G-DCPB","t":"EC45"},"101":{"r":"G-OZIO","t":"A210"},"105":{"r":"G-MXPI","t":"R44"},"108":{"r":"G-LCYG","t":"E170"},"109":{"r":"G-LCYH","t":"E170"},"10A":{"r":"G-LBAI","t":"EC55"},"10C":{"r":"G-CIRU","t":"SR20"},"10E":{"r":"G-FLBD","t":"DH8D"},"10F":{"r":"G-FLBE","t":"DH8D"},"110":{"r":"G-KPTN","t":"FA50"},"111":{"r":"G-OTAZ","t":"H25B"},"114":{"r":"G-SUEI","t":"DA42"},"124":{"r":"G-SPTR","t":"R44"},"125":{"r":"G-STRW","t":"B752"},"127":{"r":"G-GCDB","t":"SR20"},"12B":{"r":"G-EZTO","t":"A320"},"12C":{"r":"G-EZFJ","t":"A319"},"12D":{"r":"G-EZFK","t":"A319"},"12E":{"r":"G-EZFL","t":"A319"},"12F":{"r":"G-EZFM","t":"A319"},"130":{"r":"G-EZFN","t":"A319"},"131":{"r":"G-EZFO","t":"A319"},"132":{"r":"G-EZFP","t":"A319"},"133":{"r":"G-EZFR","t":"A319"},"134":{"r":"G-EZFS","t":"A319"},"135":{"r":"G-EZFT","t":"A319"},"137":{"r":"G-NEBO","t":"A109"},"139":{"r":"G-FBKB","t":"C510"},"13A":{"r":"G-FBKC","t":"C510"},"13C":{"r":"G-WEFR","t":"PNR2"},"13D":{"r":"G-SASY","t":"EC30"},"13E":{"r":"G-HAEF","t":"EV97"},"140":{"r":"G-CGBT","t":"A109"},"141":{"r":"G-CGBM","t":"FDCT"},"142":{"r":"G-HLOB","t":"C172"},"143":{"r":"G-SOOA","t":"C172"},"145":{"r":"G-FIKI","t":"SR22"},"149":{"r":"G-BNPJ","t":"B462"},"14A":{"r":"G-CGBP","t":"DA40"},"14D":{"r":"G-EVSL"},"14E":{"r":"G-SADC","t":"GLF4"},"151":{"r":"G-CGDW","t":"CRUZ"},"153":{"r":"G-CFYT","t":"BE58"},"159":{"r":"G-CGCN","t":"MCR1"},"15B":{"r":"G-EUYF","t":"A320"},"167":{"r":"G-DRBN","t":"E50P"},"168":{"r":"G-SRBN","t":"E50P"},"16C":{"r":"G-CGEI","t":"C550"},"16D":{"r":"G-IGWT","t":"CRJ2"},"175":{"r":"G-LGKD","t":"GLF5"},"176":{"r":"G-HEOI","t":"EC35"},"178":{"r":"G-JONL","t":"CRUZ"},"17B":{"r":"G-CGEO","t":"CRUZ"},"182":{"r":"G-ZZSI","t":"EC25"},"187":{"r":"G-STRP","t":"A320"},"18B":{"r":"G-RATD","t":"RV8"},"190":{"r":"G-CGFH","t":"C82S"},"191":{"r":"G-TWLV","t":"RV12"},"194":{"r":"G-OZAT","t":"H25B"},"197":{"r":"G-OAMB","t":"C510"},"1A0":{"r":"G-JHDD","t":"CRUZ"},"1A3":{"r":"G-POWD","t":"B763"},"1A4":{"r":"G-KLAW","t":"EAGL"},"1AB":{"r":"G-PVHT","t":"FA7X"},"1AF":{"r":"G-DKTA","t":"P28B"},"1B3":{"r":"G-IMBL","t":"B407"},"1B5":{"r":"G-CPRR","t":"C680"},"1BC":{"r":"G-EDHY","t":"F2TH"},"1C0":{"r":"G-DALI","t":"ULAC"},"1C2":{"r":"G-OPYO","t":"PNR3"},"1C4":{"r":"G-KLNP","t":"EC20"},"1D0":{"r":"G-CGHE","t":"FDCT"},"1D3":{"r":"G-CHLO","t":"G109"},"1D6":{"r":"G-JBLZ","t":"C550"},"1D8":{"r":"G-CGGD","t":"AS65"},"1E2":{"r":"G-KBOJ","t":"GYRO"},"1E4":{"r":"G-CPAO","t":"EC35"},"1E6":{"r":"G-XAVB","t":"C510"},"1E7":{"r":"G-LCYI","t":"E170"},"1ED":{"r":"G-CGGI","t":"H269"},"1EE":{"r":"G-CGGJ","t":"H269"},"1F7":{"r":"G-CGGM"},"1FA":{"r":"G-SBDB","t":"ULAC"},"1FB":{"r":"G-SANL","t":"GLEX"},"1FD":{"r":"G-CGGN","t":"FA7X"},"1FE":{"r":"G-CGGS","t":"R44"},"301":{"r":"G-CGOL","t":"JAB4"},"306":{"r":"G-VVBO","t":"B06"},"30A":{"r":"G-MOGS","t":"CRUZ"},"30E":{"r":"G-PUNT","t":"R44"},"310":{"r":"G-WABB","t":"F900"},"316":{"r":"G-TWTR","t":"R44"},"319":{"r":"G-EZFU","t":"A319"},"31A":{"r":"G-EZFV","t":"A319"},"31B":{"r":"G-EZFW","t":"A319"},"31C":{"r":"G-EZFX","t":"A319"},"31D":{"r":"G-EZFY","t":"A319"},"31E":{"r":"G-EZFZ","t":"A319"},"31F":{"r":"G-EZGA","t":"A319"},"320":{"r":"G-EZGB","t":"A319"},"321":{"r":"G-EZGC","t":"A319"},"322":{"r":"G-EZGD","t":"A319"},"326":{"r":"G-JKEL","t":"RV7"},"32A":{"r":"G-YAAZ","t":"GLF5"},"32C":{"r":"G-DBOD","t":"C172"},"32D":{"r":"G-NXOE","t":"C172"},"330":{"r":"G-RGSG","t":"H25B"},"334":{"r":"G-URRU","t":"CL60"},"33D":{"r":"G-CGOO","t":"ULAC"},"33E":{"r":"G-SWIG","t":"R44"},"33F":{"r":"G-GDFB","t":"B733"},"341":{"r":"G-LFPT","t":"C510"},"345":{"r":"G-CGNY","t":"C340"},"34B":{"r":"G-CGMB","t":"E135"},"34C":{"r":"G-CGMC","t":"E135"},"351":{"r":"G-MGNE","t":"E55P"},"356":{"r":"G-RAAL","t":"E50P"},"35C":{"r":"G-OXRS","t":"GLEX"},"35D":{"r":"G-GMCM","t":"AS50"},"35E":{"r":"G-MEGP","t":"CL30"},"36D":{"r":"G-CGMY","t":"P28A"},"36F":{"r":"G-CGND","t":"R44"},"370":{"r":"G-CGNE","t":"R44"},"371":{"r":"G-CGMV","t":"NG4"},"372":{"r":"G-ERIE","t":"BE40"},"379":{"r":"G-RMMA","t":"F900"},"37C":{"r":"G-RMCM"},"37E":{"r":"G-RBNS","t":"E135"},"381":{"r":"G-DGFD","t":"R44"},"38A":{"r":"G-PBWR","t":"A109"},"38F":{"r":"G-TECI","t":"SIRA"},"391":{"r":"G-LHER","t":"CRUZ"},"393":{"r":"G-PALI","t":"CRUZ"},"398":{"r":"G-MRVK","t":"CRUZ"},"39C":{"r":"G-OOEX","t":"SR22"},"39D":{"r":"G-CPAS","t":"EC35"},"3A1":{"r":"G-SRZZ","t":"SR22"},"3A8":{"r":"G-GTVM","t":"BE58"},"3A9":{"r":"G-NAAL","t":"CL60"},"3AB":{"r":"G-CGNC","t":"GYRO"},"3AE":{"r":"G-LALE","t":"E135"},"3B0":{"r":"G-CGPR","t":"CRUZ"},"3B1":{"r":"G-CJSA","t":"CJ6"},"3B2":{"r":"G-GIBP","t":"Z26"},"3B3":{"r":"G-GCDD","t":"SR20"},"3B5":{"r":"G-TYPH","t":"B462"},"3B6":{"r":"G-TMAX","t":"EVSS"},"3BC":{"r":"G-CZOS","t":"SR20"},"3BD":{"r":"G-CGSO","t":"ULAC"},"3BE":{"r":"G-CGNP","t":"E50P"},"3C1":{"r":"G-CGNT","t":"RJ1H"},"3C2":{"r":"G-CGJR","t":"E135"},"3C3":{"r":"G-LCYN","t":"E190"},"3C5":{"r":"G-GAEA"},"3C6":{"r":"G-GAEB"},"3CE":{"r":"G-CGNZ","t":"EUPA"},"3DA":{"r":"G-OOUK","t":"SR22"},"3DE":{"r":"G-EUYJ","t":"A320"},"3DF":{"r":"G-CGSJ","t":"GLEX"},"3E3":{"r":"G-OARS","t":"C172"},"3E6":{"r":"G-VSXY","t":"A333"},"3E7":{"r":"G-VKSS","t":"A333"},"3F0":{"r":"G-CGPT","t":"F900"},"3F6":{"r":"G-IIIK","t":"E300"},"3FA":{"r":"G-TIFG","t":"C42"},"3FD":{"r":"G-RBND","t":"E135"},"400":{"r":"G-GSSF","t":"B748"},"401":{"r":"G-GSSD","t":"B748"},"402":{"r":"G-GSSE","t":"B748"},"40C":{"r":"G-GEIR","t":"E55P"},"40F":{"r":"G-CGRB","t":"FDCT"},"411":{"r":"G-VILP","t":"E135"},"412":{"r":"G-PEPE","t":"C56X"},"413":{"r":"G-VITA","t":"FA7X"},"415":{"r":"G-PACO","t":"S76"},"416":{"r":"G-DCAM","t":"AS55"},"417":{"r":"G-WEBI","t":"H500"},"419":{"r":"G-LNCT","t":"EXPL"},"41C":{"r":"G-GPAT","t":"BE76"},"41D":{"r":"G-VLUV","t":"A333"},"422":{"r":"G-GABY","t":"GLEX"},"42A":{"r":"G-CGPP","t":"B738"},"42C":{"r":"G-IMPS","t":"ULAC"},"42F":{"r":"G-KTIA","t":"H25B"},"432":{"r":"G-ORYX","t":"H25B"},"436":{"r":"G-RVIW","t":"RV9"},"439":{"r":"G-SUGA","t":"E135"},"43A":{"r":"G-EZTZ","t":"A320"},"43B":{"r":"G-EZTY","t":"A320"},"43C":{"r":"G-EZUA","t":"A320"},"43D":{"r":"G-EZUC","t":"A320"},"43E":{"r":"G-EZUD","t":"A320"},"43F":{"r":"G-EZUE","t":"A320"},"440":{"r":"G-EZUF","t":"A320"},"441":{"r":"G-EZUG","t":"A320"},"442":{"r":"G-EZGE","t":"A319"},"443":{"r":"G-EZGF","t":"A319"},"444":{"r":"G-EZGG","t":"A319"},"445":{"r":"G-EZGH","t":"A319"},"446":{"r":"G-EZGI","t":"A319"},"44D":{"r":"G-CGSM","t":"RJ85"},"44E":{"r":"G-PROO","t":"HA4T"},"459":{"r":"G-TCBB","t":"B752"},"45A":{"r":"G-TCBC","t":"B752"},"461":{"r":"G-DLAL","t":"BE9L"},"462":{"r":"G-HFRH","t":"DHC1"},"468":{"r":"G-SDEC","t":"BL8"},"469":{"r":"G-RUCK","t":"B06"},"46B":{"r":"G-FNAV","t":"PA31"},"470":{"r":"G-PGBR","t":"P68"},"471":{"r":"G-FDZT","t":"B738"},"473":{"r":"G-ROOB","t":"E50P"},"474":{"r":"G-RUBO","t":"E50P"},"478":{"r":"G-OTAG","t":"CL60"},"47B":{"r":"G-CGRL","t":"R44"},"47F":{"r":"G-FDZW","t":"B738"},"480":{"r":"G-FCFC","t":"GLEX"},"487":{"r":"G-CGUY","t":"CDUS"},"48F":{"r":"G-CGSB","t":"C25A"},"496":{"r":"G-MUDD","t":"H500"},"49D":{"r":"G-CGSG","t":"C421"},"49F":{"r":"G-EUYK","t":"A320"},"4A1":{"r":"G-FDZU","t":"B738"},"4A4":{"r":"G-FDZX","t":"B738"},"4A6":{"r":"G-ENXA","t":"F900"},"4A9":{"r":"G-SVEY","t":"P68"},"4AC":{"r":"G-DZZY","t":"BL8"},"4AD":{"r":"G-DMBO","t":"RV7"},"4AE":{"r":"G-CGTM","t":"C172"},"4B0":{"r":"G-DDDJ","t":"LJ45"},"4B1":{"r":"G-HSAR","t":"A109"},"4B2":{"r":"G-OFTC","t":"A109"},"4B4":{"r":"G-TEKK","t":"P06T"},"4B7":{"r":"G-FBKD","t":"C510"},"4BB":{"r":"G-GDFC","t":"B738"},"4BD":{"r":"G-CGTC"},"4C3":{"r":"G-MOSJ","t":"BE9L"},"4CC":{"r":"G-FLBF","t":"DH8D"},"4D4":{"r":"G-TAGE","t":"CL60"},"4D7":{"r":"G-UMKA","t":"FA7X"},"4D9":{"r":"G-COTH","t":"EXPL"},"4DB":{"r":"G-LEGC","t":"E135"},"4DF":{"r":"G-PLIP","t":"DA40"},"4E8":{"r":"G-HLEL","t":"SHIP"},"4E9":{"r":"G-CGTN","t":"BE9L"},"4EE":{"r":"G-TRJB","t":"BE36"},"4F3":{"r":"G-YAGT","t":"CL60"},"4F6":{"r":"G-TAGF","t":"F900"},"4F8":{"r":"G-OLSA","t":"BREZ"},"505":{"r":"G-CGTP","t":"RJ85"},"50B":{"r":"G-LCYO","t":"E190"},"516":{"r":"G-TSHO","t":"C42"},"51B":{"r":"G-GIPC","t":"P32R"},"531":{"r":"G-EUYL","t":"A320"},"532":{"r":"G-EUYM","t":"A320"},"533":{"r":"G-RVGO","t":"RV10"},"539":{"r":"G-EZGJ","t":"A319"},"53A":{"r":"G-EZGK","t":"A319"},"53B":{"r":"G-EZGL","t":"A319"},"53C":{"r":"G-EZGM","t":"A319"},"53D":{"r":"G-EZGN","t":"A319"},"53E":{"r":"G-EZGO","t":"A319"},"53F":{"r":"G-EZGP","t":"A319"},"540":{"r":"G-EZGR","t":"A319"},"541":{"r":"G-EZUH","t":"A320"},"542":{"r":"G-EZUI","t":"A320"},"543":{"r":"G-EZUJ","t":"A320"},"544":{"r":"G-EZUK","t":"A320"},"55A":{"r":"G-ZXLL","t":"E300"},"55B":{"r":"G-GDFD","t":"B738"},"55D":{"r":"G-VINE","t":"A333"},"55F":{"r":"G-OAWL","t":"A139"},"560":{"r":"G-SVNX","t":"FA7X"},"561":{"r":"G-ISLF","t":"AT45"},"562":{"r":"G-CGUZ","t":"C25A"},"566":{"r":"G-CGTR","t":"ULAC"},"569":{"r":"G-FLBG","t":"DH8D"},"570":{"r":"G-YUMN","t":"F2TH"},"575":{"r":"G-CGVC","t":"P28A"},"57A":{"r":"G-CGWP","t":"AP22"},"584":{"r":"G-FBJL","t":"F2TH"},"585":{"r":"G-OVIV","t":"BREZ"},"58A":{"r":"G-LCYP","t":"E190"},"590":{"r":"G-STBD","t":"B77W"},"591":{"r":"G-STBE","t":"B77W"},"59A":{"r":"G-FBJA","t":"E170"},"59B":{"r":"G-JACI","t":"B06"},"59C":{"r":"G-JTJT","t":"R44"},"59D":{"r":"G-HMCD","t":"ULAC"},"59E":{"r":"G-HMCE","t":"ULAC"},"5A6":{"r":"G-GRZD","t":"GLF5"},"5A8":{"r":"G-GDFE","t":"B733"},"5AB":{"r":"G-PAFF","t":"MT"},"5AF":{"r":"G-DIGA","t":"R66"},"5B2":{"r":"G-SEHK","t":"C182"},"5B3":{"r":"G-FLBH","t":"DH8D"},"5B5":{"r":"G-NIME","t":"C206"},"5B6":{"r":"G-CGVX","t":"EUPA"},"5B7":{"r":"G-TECT","t":"P06T"},"5BE":{"r":"G-CGWJ","t":"RJ85"},"5C1":{"r":"G-VYGA","t":"A332"},"5C7":{"r":"G-CGWV","t":"E145"},"5CF":{"r":"G-OKKI","t":"GLEX"},"5D2":{"r":"G-ZIPR","t":"H25B"},"5D3":{"r":"G-NORK","t":"B06"},"5D4":{"r":"G-FLBJ","t":"DH8D"},"5D5":{"r":"G-ZIPE","t":"A109"},"5DB":{"r":"G-ITIM","t":"FA7X"},"5DC":{"r":"G-CGYB","t":"EV97"},"5DE":{"r":"G-STBF","t":"B77W"},"5E0":{"r":"G-FBJB","t":"E170"},"5E2":{"r":"G-DLTC","t":"H25B"},"5E9":{"r":"G-HTFU","t":"GA8"},"5F2":{"r":"G-IIRI"},"5F6":{"r":"G-OGGM","t":"SR22"},"603":{"r":"G-SHMK","t":"SR22"},"604":{"r":"G-FBJC","t":"E170"},"605":{"r":"G-FBJD","t":"E170"},"606":{"r":"G-RADY","t":"CRJ2"},"60B":{"r":"G-CGXP","t":"G109"},"60C":{"r":"G-FDZY","t":"B738"},"60E":{"r":"G-FDZZ","t":"B738"},"60F":{"r":"G-CGZI","t":"TRIN"},"610":{"r":"G-NUDD","t":"E50P"},"617":{"r":"G-CYRL","t":"C182"},"619":{"r":"G-ENVR","t":"D228"},"61A":{"r":"G-SGRP","t":"A109"},"61B":{"r":"G-POWG","t":"C25A"},"61D":{"r":"G-TPWX","t":"BU81"},"61E":{"r":"G-JAFT","t":"DA42"},"621":{"r":"G-FURZ","t":"ULAC"},"622":{"r":"G-LISS","t":"CDUS"},"625":{"r":"G-YRON","t":"MM16"},"634":{"r":"G-SYLV","t":"C208"},"637":{"r":"G-UIMB","t":"GYRO"},"63C":{"r":"G-GIGA","t":"P68"},"648":{"r":"G-UFCM","t":"SIRA"},"650":{"r":"G-YCKF","t":"F900"},"655":{"r":"G-CGYK","t":"E145"},"656":{"r":"G-DMON","t":"XA42"},"658":{"r":"G-DMPP","t":"DA42"},"65B":{"r":"G-COBS","t":"DA42"},"65E":{"r":"G-TAWC","t":"B738"},"65F":{"r":"G-TAWB","t":"B738"},"660":{"r":"G-TAWA","t":"B738"},"661":{"r":"G-DSPY","t":"DA42"},"662":{"r":"G-EVIL","t":"E300"},"663":{"r":"G-CRSR","t":"CRUZ"},"664":{"r":"G-LENM","t":"RJ85"},"666":{"r":"G-EZUL","t":"A320"},"667":{"r":"G-EZUM","t":"A320"},"668":{"r":"G-EZUN","t":"A320"},"669":{"r":"G-EZUO","t":"A320"},"66A":{"r":"G-EZUP","t":"A320"},"66B":{"r":"G-EZUR","t":"A320"},"66C":{"r":"G-EZUS","t":"A320"},"66D":{"r":"G-EZUT","t":"A320"},"66E":{"r":"G-EZUU","t":"A320"},"66F":{"r":"G-EZUV","t":"A320"},"670":{"r":"G-EZUW","t":"A320"},"671":{"r":"G-EZUX","t":"A320"},"672":{"r":"G-EZUY","t":"A320"},"673":{"r":"G-EZUZ","t":"A320"},"674":{"r":"G-EUYN","t":"A320"},"680":{"r":"G-CMAS","t":"E135"},"682":{"r":"G-ONIC","t":"EVSS"},"685":{"r":"G-IDRO","t":"GLEX"},"689":{"r":"G-OIRP","t":"GALX"},"68A":{"r":"G-STMT","t":"FA7X"},"68B":{"r":"G-WPDA","t":"EC35"},"68C":{"r":"G-WPDB","t":"EC35"},"68E":{"r":"G-PUMR","t":"EC25"},"696":{"r":"G-TAWD","t":"B738"},"69B":{"r":"G-CHVN","t":"CL60"},"6A1":{"r":"G-UFOE","t":"G115"},"6A5":{"r":"G-RAAA","t":"GLEX"},"6AB":{"r":"G-VRAY","t":"A333"},"6AF":{"r":"G-MRAP","t":"CL30"},"6B9":{"r":"G-GDFF","t":"B738"},"6BA":{"r":"G-FBJE","t":"E170"},"6BB":{"r":"G-LTSK","t":"CL60"},"6C6":{"r":"G-PAIG","t":"G109"},"6C8":{"r":"G-CHAJ","t":"SR22"},"6CA":{"r":"G-IIRV","t":"RV7"},"6CD":{"r":"G-TAWF","t":"B738"},"6CE":{"r":"G-TAWG","t":"B738"},"6CF":{"r":"G-TAWH","t":"B738"},"6D0":{"r":"G-TAWI","t":"B738"},"6D1":{"r":"G-TAWJ","t":"B738"},"6D6":{"r":"G-CUBA","t":"PA32"},"6E5":{"r":"G-KLNE","t":"H25B"},"6ED":{"r":"G-CHFK","t":"PA32"},"6F2":{"r":"G-ROZE","t":"GYRO"},"6F6":{"r":"G-XBAL","t":"ULAC"},"6F7":{"r":"G-GDFH","t":"B733"},"6F8":{"r":"G-HCPD","t":"BALL"},"6FA":{"r":"G-GDFG","t":"B733"},"6FC":{"r":"G-MPLA","t":"C182"},"6FD":{"r":"G-MPLB","t":"C182"},"6FE":{"r":"G-KLNJ","t":"R44"},"701":{"r":"G-ZZSJ","t":"EC25"},"70D":{"r":"G-JOTB","t":"BE9L"},"716":{"r":"G-IBZA","t":"C550"},"722":{"r":"G-HACS","t":"SIRA"},"723":{"r":"G-LBAC","t":"EV97"},"727":{"r":"G-MRLS","t":"GYRO"},"72E":{"r":"G-OCOD","t":"CL60"},"735":{"r":"G-LSAN","t":"B752"},"738":{"r":"G-CHFD","t":"A109"},"73A":{"r":"G-YRKE","t":"EC25"},"73D":{"r":"G-OBSR","t":"P68"},"745":{"r":"G-FBJF","t":"E170"},"74A":{"r":"G-JOID","t":"SR20"},"74B":{"r":"G-LMAO","t":"C172"},"751":{"r":"G-DGPS","t":"DA42"},"752":{"r":"G-EZWA","t":"A320"},"753":{"r":"G-EZWB","t":"A320"},"754":{"r":"G-EZWC","t":"A320"},"755":{"r":"G-EZWD","t":"A320"},"756":{"r":"G-EZWE","t":"A320"},"757":{"r":"G-EZWF","t":"A320"},"758":{"r":"G-EZWG","t":"A320"},"75E":{"r":"G-VNYC","t":"A333"},"763":{"r":"G-RVNP","t":"P68"},"769":{"r":"G-FBJG","t":"E170"},"76A":{"r":"G-LCYR","t":"E190"},"76B":{"r":"G-POWH","t":"B752"},"76F":{"r":"G-JMCM","t":"B733"},"770":{"r":"G-TAGK","t":"F900"},"774":{"r":"G-MAOL","t":"A109"},"778":{"r":"G-MPLC","t":"C182"},"779":{"r":"G-MPLD","t":"C182"},"77A":{"r":"G-CHGE","t":"ULAC"},"787":{"r":"G-CHGI","t":"BE36"},"78E":{"r":"G-SRTT","t":"SR22"},"792":{"r":"G-RVAH","t":"RV7"},"797":{"r":"G-PWAD","t":"EC20"},"7A2":{"r":"G-DHLH","t":"B763"},"7A3":{"r":"G-DHLJ","t":"B763"},"7A4":{"r":"G-DHLK","t":"B763"},"7AD":{"r":"G-ESCI","t":"EXPL"},"7B5":{"r":"G-NYGB","t":"CL60"},"7BF":{"r":"G-HEMN","t":"EC35"},"7C4":{"r":"G-GDFL","t":"B733"},"7CD":{"r":"G-WPDC","t":"EC35"},"7CE":{"r":"G-WPDD","t":"EC35"},"7D0":{"r":"G-EPGI","t":"C56X"},"7D1":{"r":"G-RNER","t":"C510"},"7D3":{"r":"G-LBAL","t":"A139"},"7D6":{"r":"G-VGBR","t":"A333"},"7E7":{"r":"G-SSLM","t":"C510"},"7EA":{"r":"G-ITAR","t":"MM16"},"7ED":{"r":"G-GLBX","t":"GLEX"},"7EE":{"r":"G-TAWK","t":"B738"},"7EF":{"r":"G-TAWL","t":"B738"},"7F0":{"r":"G-TAWM","t":"B738"},"7F1":{"r":"G-TAWN","t":"B738"},"7F2":{"r":"G-TAWO","t":"B738"},"7F3":{"r":"G-TAWP","t":"B738"},"7F4":{"r":"G-TAWR","t":"B738"},"7F5":{"r":"G-TUIA","t":"B788"},"7F6":{"r":"G-TUIB","t":"B788"},"7F7":{"r":"G-TUIC","t":"B788"},"7F8":{"r":"G-TUID","t":"B788"},"801":{"r":"G-HCCL","t":"BE20"},"802":{"r":"G-GOHI","t":"C208"},"806":{"r":"G-NYKS","t":"C182"},"807":{"r":"G-EYUP","t":"C56X"},"808":{"r":"G-XDEA","t":"DA42"},"809":{"r":"G-ZDEA","t":"DA42"},"80E":{"r":"G-CHJK","t":"C206"},"811":{"r":"G-FBJH","t":"E170"},"812":{"r":"G-OMCH","t":"P28A"},"813":{"r":"G-SENT","t":"GLEX"},"814":{"r":"G-VGEM","t":"A333"},"817":{"r":"G-SAMC","t":"C42"},"818":{"r":"G-CHMR","t":"E145"},"819":{"r":"G-OTEN","t":"C750"},"81A":{"r":"G-ZEBS","t":"AT43"},"824":{"r":"G-DAGS","t":"C25A"},"826":{"r":"G-OPRM","t":"CL60"},"828":{"r":"G-CHJI","t":"E170"},"829":{"r":"G-CHJU","t":"E170"},"830":{"r":"G-VYGG","t":"A332"},"831":{"r":"G-UFOX","t":"EFOX"},"832":{"r":"G-VWAG","t":"A333"},"835":{"r":"G-KNYA","t":"P32R"},"839":{"r":"G-JEBS","t":"C172"},"83E":{"r":"G-VUFO","t":"A333"},"840":{"r":"G-IONX","t":"FA7X"},"848":{"r":"G-UKAL"},"84D":{"r":"G-CHOA","t":"B06"},"85C":{"r":"G-PPBA","t":"E135"},"862":{"r":"G-RCAV","t":"CL60"},"863":{"r":"G-FBJI","t":"E170"},"869":{"r":"G-UMBY","t":"H500"},"86B":{"r":"G-DEIA","t":"C56X"},"86F":{"r":"G-YDEA","t":"DA42"},"871":{"r":"G-ORKI","t":"AS50"},"883":{"r":"G-UYFI","t":"EC20"},"88A":{"r":"G-EUYO","t":"A320"},"88B":{"r":"G-XLEA","t":"A388"},"88C":{"r":"G-XLEB","t":"A388"},"88D":{"r":"G-XLEC","t":"A388"},"88E":{"r":"G-ZBJA","t":"B788"},"88F":{"r":"G-ZBJB","t":"B788"},"890":{"r":"G-ZBJC","t":"B788"},"891":{"r":"G-ZBJD","t":"B788"},"893":{"r":"G-TECA","t":"SIRA"},"894":{"r":"G-JTHU","t":"A109"},"895":{"r":"G-COLY","t":"EFOX"},"897":{"r":"G-RIDB","t":"B429"},"89A":{"r":"G-LEAZ","t":"CL30"},"8B4":{"r":"G-ZBAA","t":"A320"},"8B5":{"r":"G-ZBAB","t":"A320"},"8B6":{"r":"G-ZBAD","t":"A321"},"8B7":{"r":"G-ZBAE","t":"A321"},"8BE":{"r":"G-SHBA","t":"C152"},"8C0":{"r":"G-LCDH","t":"CL60"},"8CA":{"r":"G-ESET","t":"EC30"},"8CB":{"r":"G-GDFM","t":"B733"},"8CE":{"r":"G-FLBY","t":"ULAC"},"8D0":{"r":"G-CHOU","t":"EV97"},"8D8":{"r":"G-LUKA","t":"BE58"},"8DB":{"r":"G-KSSA","t":"EXPL"},"8E1":{"r":"G-ISSG","t":"DHC6"},"8E8":{"r":"G-NLDR","t":"AS55"},"8E9":{"r":"G-OTGL","t":"E135"},"8EE":{"r":"G-OWAY","t":"CL60"},"8F0":{"r":"G-JAGA","t":"E55P"},"8F5":{"r":"G-GDFP","t":"B738"},"8F6":{"r":"G-GDFR","t":"B738"},"8F7":{"r":"G-IASA","t":"BE20"},"8FB":{"r":"G-WWFC","t":"F2TH"},"8FE":{"r":"G-NIPL","t":"AS50"},"900":{"r":"G-GDFV","t":"B738"},"905":{"r":"G-POWI","t":"A320"},"908":{"r":"G-DASG","t":"AS29"},"909":{"r":"G-EZWH","t":"A320"},"90A":{"r":"G-EZWI","t":"A320"},"90B":{"r":"G-EZWJ","t":"A320"},"90C":{"r":"G-EZWK","t":"A320"},"90D":{"r":"G-EZWL","t":"A320"},"90E":{"r":"G-EZWM","t":"A320"},"90F":{"r":"G-EZWN","t":"A320"},"910":{"r":"G-EZWO","t":"A320"},"91A":{"r":"G-DCOI","t":"A139"},"91D":{"r":"G-KAHR","t":"CL60"},"925":{"r":"G-YEDC","t":"C25B"},"92D":{"r":"G-ISAN","t":"GL5T"},"939":{"r":"G-PCNG","t":"PC12"},"93B":{"r":"G-ECAI","t":"C56X"},"93E":{"r":"G-ISLG"},"947":{"r":"G-STBG","t":"B77W"},"948":{"r":"G-STBH","t":"B77W"},"953":{"r":"G-WIRG","t":"E135"},"954":{"r":"G-OZBZ","t":"A321"},"955":{"r":"G-OKTA","t":"ULAC"},"95A":{"r":"G-ZBAF","t":"A321"},"95B":{"r":"G-ZBAG","t":"A321"},"95D":{"r":"G-PAOL","t":"C25B"},"965":{"r":"G-VBCD","t":"BE9L"},"96E":{"r":"G-VCAN","t":"CL30"},"973":{"r":"G-PERF","t":"EC20"},"97B":{"r":"G-EUYP","t":"A320"},"97C":{"r":"G-EUYR","t":"A320"},"97E":{"r":"G-MPLF","t":"C182"},"97F":{"r":"G-MPLE","t":"C182"},"982":{"r":"G-CHUI","t":"C56X"},"984":{"r":"G-TTJF","t":"F2TH"},"98B":{"r":"G-RDNY","t":"GYRO"},"991":{"r":"G-TRDS","t":"G2CA"},"99A":{"r":"G-KLNS","t":"BE58"},"9A3":{"r":"G-CHWJ","t":"G2CA"},"9AA":{"r":"G-ORXX","t":"H25B"},"9AE":{"r":"G-VPCM","t":"F2TH"},"9B3":{"r":"G-OPEM","t":"C550"},"9B9":{"r":"G-GZOO","t":"GALX"},"9C1":{"r":"G-ZBAH","t":"A320"},"9C9":{"r":"G-YAKJ","t":"Y18T"},"9CA":{"r":"G-CICG","t":"C42"},"9D6":{"r":"G-RRVV","t":"RV8"},"9D8":{"r":"G-KAAZ","t":"EC30"},"9D9":{"r":"G-LBSB","t":"B350"},"9DA":{"r":"G-OOMC","t":"PRM1"},"9DB":{"r":"G-IOMC","t":"PRM1"},"9DC":{"r":"G-CICC","t":"C152"},"9DE":{"r":"G-NOYA","t":"GLF5"},"9E6":{"r":"G-SDRY","t":"C25C"},"9E7":{"r":"G-OSRA","t":"B722"},"9E9":{"r":"G-OWTN","t":"E145"},"9EA":{"r":"G-TCDB","t":"A321"},"9EB":{"r":"G-TCDC","t":"A321"},"9EF":{"r":"G-ODSA","t":"B429"},"9F0":{"r":"G-FLCN","t":"F900"},"9FD":{"r":"G-SUEO","t":"DA40"},"A01":{"r":"G-JMCO","t":"B733"},"A02":{"r":"G-EUYS","t":"A320"},"A03":{"r":"G-XLED","t":"A388"},"A04":{"r":"G-XLEE","t":"A388"},"A05":{"r":"G-XLEF","t":"A388"},"A0A":{"r":"G-PEPI","t":"E135"},"A1A":{"r":"G-DRIL","t":"PC12"},"A1B":{"r":"G-UCAN","t":"SIRA"},"A1E":{"r":"G-MRLX","t":"GLF5"},"A24":{"r":"G-LHTB","t":"AS50"},"A27":{"r":"G-ISLH","t":"AT43"},"A2E":{"r":"G-GMAD","t":"B350"},"A34":{"r":"G-STBI","t":"B77W"},"A35":{"r":"G-STBJ","t":"B77W"},"A36":{"r":"G-ZNSF","t":"GLF5"},"A3D":{"r":"G-EUYT","t":"A320"},"A3E":{"r":"G-EUYU","t":"A320"},"A4F":{"r":"G-FBJJ","t":"E170"},"A50":{"r":"G-FBJK","t":"E170"},"A59":{"r":"G-GDFS","t":"B738"},"A62":{"r":"G-GDFX","t":"B738"},"A63":{"r":"G-GDFW","t":"B738"},"A6F":{"r":"G-OLFY","t":"BREZ"},"A74":{"r":"G-OENA","t":"A189"},"A7B":{"r":"G-XLTV","t":"C56X"},"A7C":{"r":"G-STEL","t":"NG5"},"A86":{"r":"G-SNCA","t":"PA34"},"A8F":{"r":"G-TORO","t":"SKYR"},"A91":{"r":"G-EZWP","t":"A320"},"A92":{"r":"G-EZWR","t":"A320"},"A93":{"r":"G-EZWS","t":"A320"},"A94":{"r":"G-EZWT","t":"A320"},"A95":{"r":"G-EZWU","t":"A320"},"A98":{"r":"G-OXFA","t":"PA34"},"A99":{"r":"G-OXFB","t":"PA34"},"A9A":{"r":"G-OXFC","t":"PA34"},"A9B":{"r":"G-OXFD","t":"PA34"},"A9C":{"r":"G-ZBJE","t":"B788"},"A9D":{"r":"G-ZBJF","t":"B788"},"A9E":{"r":"G-ZBJG","t":"B788"},"A9F":{"r":"G-ZBJH","t":"B788"},"AA7":{"r":"G-OXFE","t":"PA34"},"AA8":{"r":"G-OXFF","t":"PA34"},"AA9":{"r":"G-OXFG","t":"PA34"},"AB7":{"r":"G-OENB","t":"A189"},"ABB":{"r":"G-TFRA","t":"C525"},"ABD":{"r":"G-TECB","t":"P06T"},"AC2":{"r":"G-JMCP","t":"B733"},"AC3":{"r":"G-GDFY","t":"B738"},"AC4":{"r":"G-GDFZ","t":"B738"},"AC5":{"r":"G-MUZZ","t":"A109"},"AC9":{"r":"G-DJSM","t":"AS50"},"ACE":{"r":"G-ISLI","t":"AT75"},"AD1":{"r":"G-OJER","t":"C56X"},"AD2":{"r":"G-VSOZ","t":"Y18T"},"AD3":{"r":"G-VOUS","t":"C172"},"AD5":{"r":"G-SASF","t":"SF25"},"AD7":{"r":"G-ZZOO","t":"GALX"},"ADA":{"r":"G-JSMH","t":"DR40"},"ADD":{"r":"G-TCDD","t":"A321"},"ADE":{"r":"G-TCDE","t":"A321"},"ADF":{"r":"G-TCDF","t":"A321"},"AE0":{"r":"G-TCDG","t":"A321"},"AE1":{"r":"G-XCJM","t":"E135"},"AE2":{"r":"G-EUYV","t":"A320"},"AE3":{"r":"G-EUYW","t":"A320"},"AE8":{"r":"G-TAWS","t":"B738"},"AE9":{"r":"G-TAWU","t":"B738"},"AEB":{"r":"G-IILL","t":"RV7"},"AEC":{"r":"G-GOYA","t":"GLEX"},"AF2":{"r":"G-ZBAI","t":"A321"},"AF3":{"r":"G-ZBAJ","t":"A321"},"AF6":{"r":"G-MAXA","t":"PA32"},"AF8":{"r":"G-CIDJ","t":"EC35"},"AFC":{"r":"G-SMTD","t":"AS50"},"B04":{"r":"G-CLME","t":"GLID"},"B05":{"r":"G-STBL","t":"B77W"},"B0A":{"r":"G-STBK","t":"B77W"},"B12":{"r":"G-TUIE","t":"B788"},"B13":{"r":"G-TUIF","t":"B788"},"B1F":{"r":"G-SPRE","t":"C550"},"B20":{"r":"G-XLEG","t":"A388"},"B21":{"r":"G-XLEH","t":"A388"},"B22":{"r":"G-XLEI","t":"A388"},"B23":{"r":"G-CIDZ","t":"EV97"},"B24":{"r":"G-CIIM","t":"C172"},"B2D":{"r":"G-CIEC","t":"SB20"},"B31":{"r":"G-OSEM","t":"R44"},"B3F":{"r":"G-ZBAO","t":"A321"},"B40":{"r":"G-ZBAM","t":"A321"},"B41":{"r":"G-ZBAL","t":"A321"},"B42":{"r":"G-ZBAK","t":"A321"},"B43":{"r":"G-LGNO","t":"SB20"},"B48":{"r":"G-VAHH","t":"B789"},"B49":{"r":"G-VNEW","t":"B789"},"B4A":{"r":"G-VOOH","t":"B789"},"B4B":{"r":"G-REFO","t":"GLF6"},"B4D":{"r":"G-NIAA","t":"BE20"},"B58":{"r":"G-GATH","t":"A320"},"B59":{"r":"G-GATJ","t":"A320"},"B5A":{"r":"G-GATK","t":"A320"},"B5B":{"r":"G-GATL","t":"A320"},"B5C":{"r":"G-GATM","t":"A320"},"B62":{"r":"G-EUYX","t":"A320"},"B65":{"r":"G-CTSL","t":"ULAC"},"B66":{"r":"G-ITOR","t":"R44"},"B6C":{"r":"G-LCYS","t":"E190"},"B6D":{"r":"G-LCYT","t":"E190"},"B71":{"r":"G-EGLK","t":"CRUZ"},"B75":{"r":"G-OGLE","t":"AS50"},"B76":{"r":"G-UMBL","t":"G2CA"},"B7E":{"r":"G-SUGR","t":"E135"},"B80":{"r":"G-GATN","t":"A320"},"B82":{"r":"G-GATP","t":"A320"},"B84":{"r":"G-GATS","t":"A320"},"B88":{"r":"G-JMCR","t":"B734"},"B8E":{"r":"G-EZWV","t":"A320"},"B8F":{"r":"G-EZWW","t":"A320"},"B90":{"r":"G-EZWX","t":"A320"},"B91":{"r":"G-EZWY","t":"A320"},"B9D":{"r":"G-FLXS","t":"F2TH"},"B9E":{"r":"G-ZBAR","t":"A320"},"B9F":{"r":"G-RANN","t":"B350"},"BA1":{"r":"G-SKFY","t":"R44"},"BA6":{"r":"G-CWCD","t":"BE20"},"BAE":{"r":"G-LGNR","t":"SB20"},"BB1":{"r":"G-PTFE","t":"ULAC"},"BB4":{"r":"G-NSEY","t":"E190"},"BB7":{"r":"G-CJHB","t":"CRUZ"},"BBB":{"r":"G-EUYY","t":"A320"},"BC6":{"r":"G-XXEC","t":"A109"},"BC7":{"r":"G-CSHB","t":"CRUZ"},"BCE":{"r":"G-IDYL","t":"CLON"},"BD8":{"r":"G-LGNP","t":"SB20"},"BDF":{"r":"G-JNNH","t":"R66"},"BE6":{"r":"G-EPYW","t":"P28A"},"BFD":{"r":"G-GXLS","t":"C56X"},"C01":{"r":"G-YRTE","t":"A109"},"C08":{"r":"G-SKBD","t":"BE40"},"C17":{"r":"G-VIPE","t":"A109"},"C1E":{"r":"G-ERSE","t":"B350"},"C27":{"r":"G-NSEV","t":"R66"},"C28":{"r":"G-CIGZ","t":"S92"},"C35":{"r":"G-TECD","t":"P06T"},"C39":{"r":"G-VWHO","t":"B789"},"C3A":{"r":"G-VYUM","t":"B789"},"C3B":{"r":"G-VZIG","t":"B789"},"C43":{"r":"G-LCYU","t":"E190"},"C4C":{"r":"G-LOMN","t":"C152"},"C50":{"r":"G-HMCF","t":"EV97"},"C56":{"r":"G-WVEN","t":"E200"},"C57":{"r":"G-SSCA","t":"DA42"},"C60":{"r":"G-LSCW","t":"GLF5"},"C62":{"r":"G-RBEN","t":"GLEX"},"C6D":{"r":"G-TUIG","t":"B788"},"C71":{"r":"G-EZOA","t":"A320"},"C72":{"r":"G-EZWZ","t":"A320"},"C76":{"r":"G-JMCU","t":"B733"},"C80":{"r":"G-JZHB","t":"B738"},"C81":{"r":"G-JZHC","t":"B738"},"C8A":{"r":"G-XSTV","t":"C56X"},"CA0":{"r":"G-HEMC","t":"EC45"},"CA2":{"r":"G-HKCC","t":"R66"},"CA3":{"r":"G-POWK","t":"A320"},"CA9":{"r":"G-SCAR","t":"CL30"},"CAA":{"r":"G-GDFU","t":"B738"},"CAB":{"r":"G-JZHA","t":"B738"},"CAC":{"r":"G-FLYO","t":"EV97"},"CB7":{"r":"G-CIJP","t":"BT36"},"CBC":{"r":"G-WLTS","t":"B429"},"CC8":{"r":"G-TCDW","t":"A321"},"CC9":{"r":"G-TCDY","t":"A321"},"CCD":{"r":"G-LARD","t":"R66"},"CCE":{"r":"G-EZOB","t":"A320"},"CCF":{"r":"G-EZOC","t":"A320"},"CD0":{"r":"G-EZOD","t":"A320"},"CD1":{"r":"G-EZOE","t":"A320"},"CD2":{"r":"G-EZOF","t":"A320"},"CD4":{"r":"G-GIBI","t":"A109"},"CDA":{"r":"G-YROD","t":"MM24"},"CDD":{"r":"G-POWM","t":"A320"},"CDF":{"r":"G-JNSH","t":"R22"},"CE5":{"r":"G-JSFC","t":"P208"},"CE6":{"r":"G-CIKM","t":"DA42"},"CEB":{"r":"G-HCOM","t":"A109"},"CF2":{"r":"G-HWKW","t":"H500"},"CFB":{"r":"G-CIKG","t":"CDUS"},"D09":{"r":"G-JFJC","t":"CL60"},"D24":{"r":"G-LCFC","t":"A109"},"D34":{"r":"G-NPTV","t":"AS55"},"D37":{"r":"G-TCDH","t":"A321"},"D38":{"r":"G-TCDJ","t":"A321"},"D39":{"r":"G-TCDK","t":"A321"},"D47":{"r":"G-CLON","t":"GLID"},"D4C":{"r":"G-VCRU","t":"B789"},"D59":{"r":"G-SCCA","t":"C510"},"D69":{"r":"G-RAJG","t":"B734"},"D6F":{"r":"G-TUIH","t":"B788"},"D70":{"r":"G-TUII","t":"B788"},"D73":{"r":"G-TCXB","t":"A332"},"D78":{"r":"G-ZBKB","t":"B789"},"D7F":{"r":"G-CPLH","t":"G2CA"},"D8C":{"r":"G-EZOG","t":"A320"},"D8D":{"r":"G-EZOH","t":"A320"},"D8E":{"r":"G-EZOI","t":"A320"},"D8F":{"r":"G-EZOJ","t":"A320"},"D90":{"r":"G-EZOK","t":"A320"},"D91":{"r":"G-EZOL","t":"A320"},"D92":{"r":"G-EZOM","t":"A320"},"D93":{"r":"G-EZON","t":"A320"},"D94":{"r":"G-EZOO","t":"A320"},"D95":{"r":"G-EZOP","t":"A320"},"D96":{"r":"G-PRPL","t":"DH8D"},"D97":{"r":"G-PRPA","t":"DH8D"},"D98":{"r":"G-PRPB","t":"DH8D"},"D99":{"r":"G-PRPC","t":"DH8D"},"DB2":{"r":"G-HRDB","t":"A109"},"DB8":{"r":"G-HOTY","t":"CL60"},"DBD":{"r":"G-FPEH","t":"G2CA"},"DCC":{"r":"G-RGBY","t":"C25B"},"DCE":{"r":"G-HUET","t":"AT45"},"DD3":{"r":"G-ZBAS","t":"A321"},"DFA":{"r":"G-GLSA","t":"EV97"},"E06":{"r":"G-TSFC","t":"P208"},"E0A":{"r":"G-FBKE","t":"C510"},"E0B":{"r":"G-FBKF","t":"C510"},"E0C":{"r":"G-FBKG","t":"C510"},"E1C":{"r":"G-LGNS","t":"SB20"},"E23":{"r":"G-VVBZ","t":"G2CA"},"E27":{"r":"G-DIDO","t":"A109"},"E2E":{"r":"G-JZHD","t":"B738"},"E43":{"r":"G-RSIX","t":"R66"},"E45":{"r":"G-OZON","t":"P32R"},"E60":{"r":"G-CIOY","t":"BE36"},"E64":{"r":"G-EZOR","t":"A320"},"E65":{"r":"G-EZOT","t":"A320"},"E66":{"r":"G-EZOU","t":"A320"},"E73":{"r":"G-JMCZ","t":"B734"},"E75":{"r":"G-CIRB","t":"EV97"},"E8B":{"r":"G-MCLN","t":"SR20"},"E92":{"r":"G-CIPY","t":"C152"},"E95":{"r":"G-PULA","t":"F2TH"},"EAC":{"r":"G-CITF","t":"EV97"},"ED9":{"r":"G-FBXA","t":"AT75"},"EFF":{"r":"G-KIAN"},"F1C":{"r":"G-FBXB","t":"AT76"},"children":["4062"]}