{"04":{"r":"G-LATE","t":"F2TH"},"06":{"r":"G-RSCU","t":"A109"},"08":{"r":"G-HEMZ","t":"A109"},"0B":{"r":"G-MACN","t":"SR22"},"0E":{"r":"G-CGGU","t":"CL60"},"10":{"r":"G-EDEO","t":"BE24"},"12":{"r":"G-EGVO","t":"F900"},"17":{"r":"G-DLAA","t":"C208"},"1A":{"r":"G-CGGW","t":"MT"},"1B":{"r":"G-STBA","t":"B77W"},"1C":{"r":"G-STBB","t":"B77W"},"1D":{"r":"G-STBC","t":"B77W"},"1E":{"r":"G-RIZA","t":"PRM1"},"22":{"r":"G-LCYJ","t":"E190"},"25":{"r":"G-HCFC","t":"A109"},"28":{"r":"G-EZTP","t":"A320"},"29":{"r":"G-EZTR","t":"A320"},"2A":{"r":"G-EZTS","t":"A320"},"2B":{"r":"G-EZTT","t":"A320"},"2C":{"r":"G-EZTU","t":"A320"},"2D":{"r":"G-EZTV","t":"A320"},"2E":{"r":"G-EZTW","t":"A320"},"2F":{"r":"G-EZTX","t":"A320"},"30":{"r":"G-LCYK","t":"E190"},"31":{"r":"G-LCYL","t":"E190"},"37":{"r":"G-TSLS","t":"GL5T"},"38":{"r":"G-JOEB","t":"SR22"},"39":{"r":"G-DTFL","t":"P46T"},"3A":{"r":"G-PBAT","t":"CRUZ"},"3E":{"r":"G-OMSA","t":"FDCT"},"3F":{"r":"G-CGJT","t":"CRUZ"},"40":{"r":"G-MCAN","t":"A109"},"41":{"r":"G-SHSI","t":"E135"},"43":{"r":"G-LUEK","t":"C182"},"45":{"r":"G-JONT","t":"SR22"},"48":{"r":"G-CGHD","t":"C172"},"4E":{"r":"G-EUYG","t":"A320"},"4F":{"r":"G-EUYH","t":"A320"},"50":{"r":"G-EUYI","t":"A320"},"54":{"r":"G-CGID","t":"PA31"},"55":{"r":"G-CGHI","t":"F2TH"},"66":{"r":"G-LEAX","t":"C56X"},"67":{"r":"G-SONE","t":"C25A"},"6B":{"r":"G-HUBY","t":"E135"},"6D":{"r":"G-CGHW","t":"CRUZ"},"6E":{"r":"G-GKRC","t":"C180"},"70":{"r":"G-ROKO","t":"NG4"},"78":{"r":"G-CGHY","t":"H25B"},"79":{"r":"G-LCYM","t":"E190"},"7A":{"r":"G-YROZ","t":"CDUS"},"7D":{"r":"G-OMSV","t":"BE20"},"80":{"r":"G-CGLR","t":"CRUZ"},"87":{"r":"G-HAYY","t":"CRUZ"},"89":{"r":"G-ISCD","t":"CRUZ"},"8C":{"r":"G-JOHA","t":"SR20"},"8F":{"r":"G-COBM","t":"BE30"},"90":{"r":"G-COBI","t":"B350"},"92":{"r":"G-CGIL","t":"CRUZ"},"95":{"r":"G-EMSA","t":"CRUZ"},"A3":{"r":"G-OOBP","t":"B752"},"A4":{"r":"G-OOBN","t":"B752"},"A6":{"r":"G-PLAR","t":"RV9"},"B0":{"r":"G-REAF","t":"JAB4"},"B1":{"r":"G-EVPH"},"B6":{"r":"G-XCRJ","t":"RV9"},"B7":{"r":"G-KANL","t":"GLEX"},"B8":{"r":"G-PVEL","t":"GL5T"},"B9":{"r":"G-WINR","t":"R22"},"BA":{"r":"G-CKSC","t":"CRUZ"},"BF":{"r":"G-DAVM","t":"CP10"},"C0":{"r":"G-CGJA","t":"CL60"},"C1":{"r":"G-CGLZ","t":"ULAC"},"C9":{"r":"G-ZMED","t":"LJ35"},"CD":{"r":"G-CGJH","t":"ULAC"},"D1":{"r":"G-KUIP","t":"CRUZ"},"D2":{"r":"G-POLA","t":"EC35"},"D4":{"r":"G-CGMF","t":"C56X"},"D5":{"r":"G-LSAK","t":"B752"},"D8":{"r":"G-TVHB","t":"EC35"},"DC":{"r":"G-CGJS","t":"CRUZ"},"E0":{"r":"G-OBOF","t":"GX"},"E1":{"r":"G-RMMA","t":"GL5T"},"E2":{"r":"G-CGJN","t":"RV7"},"E3":{"r":"G-VKGO","t":"E50P"},"E5":{"r":"G-LOOC","t":"C172"},"E9":{"r":"G-CGKY","t":"C182"},"EC":{"r":"G-SCVF","t":"CRUZ"},"EF":{"r":"G-XXZZ","t":"LJ60"},"F3":{"r":"G-CGMP","t":"CRUZ"},"F6":{"r":"G-JDRD","t":"ULAC"},"FF":{"r":"G-ZOOG","t":"P06T"}}