{"BE80":{"r":"VP-BPZ","t":"B721"},"BE81":{"r":"VP-BED","t":"A319"},"BE83":{"r":"VP-BCO","t":"GLF5"},"BE84":{"r":"VP-BVJ","t":"CRJ2"},"BE85":{"r":"VP-BPV","t":"A320"},"BE86":{"r":"VP-BPU","t":"A320"},"BE87":{"r":"VP-BZO","t":"A320"},"BE88":{"r":"VP-BZP","t":"A320"},"BE89":{"r":"VP-BZQ","t":"A320"},"BE8A":{"r":"VP-BZR","t":"A320"},"BE8B":{"r":"VP-BZS","t":"A320"},"BE8C":{"r":"VP-BEQ","t":"A320"},"BE8F":{"r":"VP-BOD","t":"LJ60"},"E716":{"r":"M-ICRO","t":"C25A"},"E717":{"r":"M-ELON","t":"C25B"},"E718":{"r":"M-BWFC","t":"C56X"},"E719":{"r":"M-ERRY","t":"S76"},"E71A":{"r":"M-XONE","t":"C25A"},"E71B":{"r":"M-AGIC","t":"C680"},"E71C":{"r":"M-ANIN","t":"TRIN"},"E71D":{"r":"M-MANX","t":"C421"},"E71E":{"r":"M-HDAM","t":"H25B"},"E71F":{"r":"M-YNJC","t":"E135"},"E720":{"r":"M-YSKY","t":"PRM1"},"E721":{"r":"M-GULF","t":"GLF4"},"E722":{"r":"M-SAIR","t":"F900"},"E723":{"r":"M-NEWT","t":"CL30"},"E724":{"r":"M-FALC","t":"F900"},"E726":{"r":"M-ICKY","t":"PC12"},"E727":{"r":"M-IDAS","t":"A109"},"E728":{"r":"M-ACPT","t":"H25C"},"E72A":{"r":"M-SKSM","t":"GL5T"},"E72B":{"r":"M-RURU","t":"F900"},"E72D":{"r":"M-CHEM","t":"F2TH"},"E72E":{"r":"M-HAWK","t":"H25B"},"E730":{"r":"M-OTOR","t":"BE9L"},"E731":{"r":"M-ERIT","t":"A139"},"E732":{"r":"M-FLYI","t":"B350"},"E733":{"r":"M-DASO","t":"FA50"},"E734":{"r":"M-NINE","t":"BE55"},"E735":{"r":"M-BIGG","t":"CL60"},"E736":{"r":"M-AJDM","t":"C25A"},"E73D":{"r":"M-RLIV","t":"CL60"},"E73E":{"r":"M-YEDT","t":"ASTR"},"E73F":{"r":"M-IFES","t":"CL60"},"E742":{"r":"M-GLRS","t":"LJ45"},"E743":{"r":"M-YJET","t":"F2TH"},"E744":{"r":"M-JETI","t":"H25B"},"E747":{"r":"M-EIRE","t":"CL60"},"E748":{"r":"M-WMWM","t":"C25A"},"E749":{"r":"M-USCA","t":"TBM8"},"E74A":{"r":"M-EGGA","t":"BE20"},"E74B":{"r":"M-LEKT","t":"DR40"},"E74C":{"r":"M-YAIR","t":"PRM1"},"E74D":{"r":"M-STCO","t":"F2TH"},"E74E":{"r":"M-JMMM","t":"F900"},"E74F":{"r":"M-LJGI","t":"F2TH"},"E750":{"r":"M-AJOR","t":"H25B"},"E751":{"r":"M-INOR","t":"H25B"},"E752":{"r":"M-SMJJ","t":"C414"},"E753":{"r":"M-USHY","t":"C441"},"E755":{"r":"M-TEAM","t":"C525"},"E756":{"r":"M-IFLY","t":"PC12"},"E757":{"r":"M-ALUN","t":"H25B"},"E758":{"r":"M-NOEL","t":"CL30"},"E75B":{"r":"M-FIVE","t":"B350"},"E75E":{"r":"M-ONTY","t":"S76"},"E75F":{"r":"M-NATH","t":"E135"},"E760":{"r":"M-TSRI","t":"BE9L"},"E764":{"r":"M-FZMH","t":"CRJ2"},"E769":{"r":"M-FMHG","t":"GLF4"},"E76A":{"r":"M-GPIK","t":"FA50"},"E76B":{"r":"M-URUS","t":"B737"},"E76C":{"r":"M-AXIM","t":"C206"},"E76D":{"r":"M-MIKE","t":"C25B"},"E76E":{"r":"M-GBAL","t":"GLEX"},"E76F":{"r":"M-GLAS","t":"BE9L"},"E770":{"r":"M-YGTS","t":"SR20"},"E777":{"r":"M-SKZL","t":"CL60"},"E778":{"r":"M-SHEP","t":"TBM8"},"E77A":{"r":"M-IABU","t":"A343"},"E77D":{"r":"M-OLTT","t":"PC12"},"E77E":{"r":"M-HARP","t":"PC12"},"E781":{"r":"M-ONAV","t":"H25B"},"E782":{"r":"M-AMND","t":"F2TH"},"E783":{"r":"M-PRVT","t":"C750"},"E785":{"r":"M-OSPB","t":"GALX"},"E787":{"r":"M-SSSV","t":"LJ60"},"E788":{"r":"M-LNDN","t":"EC55"},"E789":{"r":"M-WOOD","t":"C550"},"E78A":{"r":"M-DSCL","t":"E135"},"E78B":{"r":"M-JANP","t":"GLEX"},"E78C":{"r":"M-HOIL","t":"LJ60"},"E78D":{"r":"M-ABCD","t":"FA20"},"E78E":{"r":"M-OODY","t":"C25B"},"E78F":{"r":"M-BLUE","t":"GL5T"},"E790":{"r":"M-LEAR","t":"LJ31"},"E792":{"r":"M-ALRV","t":"F2TH"},"E793":{"r":"M-ONEM","t":"GLF5"},"E794":{"r":"M-IKEY","t":"AS65"},"E795":{"r":"M-CRVS","t":"GLEX"},"E797":{"r":"M-WLLM","t":"BE9L"},"E798":{"r":"M-ISLE","t":"C680"},"E799":{"r":"M-SMKM","t":"SR20"},"E79A":{"r":"M-LAOR","t":"H25A"},"E79B":{"r":"M-FINK","t":"H25C"},"E79C":{"r":"M-SALE","t":"GL5T"},"E7A0":{"r":"M-ARTY","t":"PC12"},"E7A1":{"r":"M-KARN","t":"CL60"},"E7A2":{"r":"M-ROWL","t":"F2TH"},"E7A3":{"r":"M-OOUN","t":"H25B"},"E7A4":{"r":"M-VRNY","t":"GLF5"},"E7A5":{"r":"M-FOUR","t":"BE36"},"E7A6":{"r":"M-ISLA","t":"CRJ2"},"E7A7":{"r":"M-NGSN","t":"PC12"},"E7A8":{"r":"M-ONTI","t":"BE9L"},"E7A9":{"r":"M-AZAG","t":"H25B"},"E7AA":{"r":"M-MSGG","t":"GALX"},"E7AB":{"r":"M-RBUS","t":"A319"},"E7AE":{"r":"M-BFLY","t":"CL30"},"E7AF":{"r":"M-INXY","t":"E50P"},"E7B0":{"r":"M-AIRS","t":"LJ60"},"E7B1":{"r":"M-TRIX","t":"CL60"},"E7B2":{"r":"M-GZOO","t":"GALX"},"E7B3":{"r":"M-LION","t":"H25B"},"E7B4":{"r":"M-CLAA","t":"H25B"},"E7B5":{"r":"M-ROLL","t":"FA7X"},"E7B6":{"r":"M-PRIT","t":"PC12"},"E7B7":{"r":"M-HSNT","t":"CL30"},"E7B9":{"r":"M-YBUB","t":"PC12"},"E7BA":{"r":"M-KATE","t":"A319"},"E7BB":{"r":"M-TOPI","t":"CL60"},"E7BC":{"r":"M-FPIA","t":"GLF5"},"E7BD":{"r":"M-ILES","t":"F2TH"},"E7BE":{"r":"M-NHOI","t":"CL60"},"E7BF":{"r":"M-AGGY","t":"C550"},"E7C4":{"r":"M-YGIV","t":"GLF4"},"E7C5":{"r":"M-SPEX","t":"B350"},"E7C6":{"r":"M-OLEG","t":"E135"},"E7C7":{"r":"M-DINO","t":"C525"},"E7C9":{"r":"M-TOMS","t":"C208"},"E7CA":{"r":"M-ANTA","t":"CRJ2"},"E7CB":{"r":"M-FAHD","t":"B721"},"E7CC":{"r":"M-AKAK","t":"E135"},"E7CD":{"r":"M-ASRI","t":"GLEX"},"E7CE":{"r":"M-ODKZ","t":"F900"},"E7CF":{"r":"M-FRZN","t":"H25B"},"E7D0":{"r":"M-TSGP","t":"C25A"},"E7D1":{"r":"M-ZUMO","t":"PC12"},"E7D2":{"r":"M-WHAT","t":"EC35"},"E7D3":{"r":"M-SAIL","t":"PC12"},"E7D4":{"r":"M-ABCL","t":"A319"},"E7D5":{"r":"M-IIII","t":"F2TH"},"E7D6":{"r":"M-JOLY","t":"H25B"},"E7D8":{"r":"M-EANS","t":"CL30"},"E7D9":{"r":"M-VBPO","t":"PRM1"},"E7DA":{"r":"M-VBBQ","t":"PRM1"},"E7DB":{"r":"M-GYQM","t":"GLEX"},"E7DC":{"r":"M-MMAS","t":"GLEX"},"E7DD":{"r":"M-SPEC","t":"B350"},"E7DE":{"r":"M-ARIE","t":"CL60"},"E7DF":{"r":"M-KELY","t":"E50P"},"E7E0":{"r":"M-MHMH","t":"C25B"},"E7E1":{"r":"M-UPCO","t":"C25B"},"E7E2":{"r":"M-ALCB","t":"PC12"},"E7E3":{"r":"M-JSTA","t":"CL60"},"E7E4":{"r":"M-SVGN","t":"C680"},"E7E6":{"r":"M-YONE","t":"CL60"},"E7E7":{"r":"M-MHDH","t":"C510"},"E7E9":{"r":"M-NICO","t":"H25B"},"E7EA":{"r":"M-VSSK","t":"CL60"},"E7EB":{"r":"M-YBBJ","t":"B737"},"E7EC":{"r":"M-YHOP","t":"A109"},"E7ED":{"r":"M-JJTL","t":"PC12"},"E7EE":{"r":"M-CLAB","t":"CL30"},"E7EF":{"r":"M-ATAK","t":"GL5T"},"E7F0":{"r":"M-USTG","t":"C510"},"E7F1":{"r":"M-JCPO","t":"H25B"},"E7F3":{"r":"M-NLYY","t":"PAY4"},"E7F4":{"r":"M-OPAL","t":"PC12"},"E7F5":{"r":"M-YBST","t":"CL60"},"E7F6":{"r":"M-JACK","t":"BE20"},"E7F7":{"r":"M-APWC","t":"LJ60"},"E7F8":{"r":"M-FRED","t":"C560"},"E7FA":{"r":"M-IPHS","t":"GLF5"},"E7FB":{"r":"M-EMLI","t":"CL60"},"E7FD":{"r":"M-FROG","t":"PRM1"},"E7FE":{"r":"M-YTOY","t":"E50P"},"E7FF":{"r":"M-ABCM","t":"CL30"},"E80A":{"r":"M-KENF","t":"HA4T"},"E80B":{"r":"M-SGCR","t":"C550"},"E80C":{"r":"M-IGHT","t":"LJ60"},"E80D":{"r":"M-YAAA","t":"GLEX"},"E80E":{"r":"M-YFLY","t":"CL30"},"E80F":{"r":"M-AGER","t":"FA50"},"E810":{"r":"M-ETIS","t":"B722"},"E811":{"r":"M-PAUL","t":"HA4T"},"E812":{"r":"M-LVIA","t":"AS65"},"E815":{"r":"M-ABAK","t":"F2TH"},"E816":{"r":"M-COOL","t":"C510"},"E818":{"r":"M-VQBI","t":"GLEX"},"E819":{"r":"M-YRGL","t":"E170"},"E81B":{"r":"M-YRGN","t":"E170"},"E81D":{"r":"M-ASRY","t":"C25B"},"E81E":{"r":"M-YGLK","t":"GLF4"},"E820":{"r":"M-IRNE","t":"H25B"},"E821":{"r":"M-JSMN","t":"GL5T"},"E822":{"r":"M-YSAI","t":"GL5T"},"E825":{"r":"M-NOLA","t":"CL60"},"E826":{"r":"M-RACE","t":"H25B"},"E827":{"r":"M-UKHA","t":"H25B"},"E828":{"r":"M-ABCT","t":"GLF4"},"E829":{"r":"M-AFAJ","t":"F900"},"E82A":{"r":"M-EILA","t":"PC12"},"E82B":{"r":"M-MACH","t":"E50P"},"E82C":{"r":"M-SBAH","t":"E190"},"E82E":{"r":"M-NYJT","t":"CL30"},"E830":{"r":"M-YNNS","t":"FA7X"},"E831":{"r":"M-YUNI","t":"CL60"},"E832":{"r":"M-CIRU","t":"SR20"},"E833":{"r":"M-EXPL","t":"AS55"},"E834":{"r":"M-ISKY","t":"C550"},"E835":{"r":"M-NICK","t":"FA50"},"E836":{"r":"M-ABCU","t":"CL60"},"E83B":{"r":"M-OOSE","t":"P46T"},"E83C":{"r":"M-KICK","t":"E50P"},"E83D":{"r":"M-TAKE","t":"CRJ2"},"E83E":{"r":"M-SCMG","t":"FA7X"},"E83F":{"r":"M-GVSP","t":"GLF5"},"E84C":{"r":"M-KRRR","t":"LJ55"},"E84E":{"r":"M-AKVI","t":"CL30"},"E851":{"r":"M-BEST","t":"C750"},"E852":{"r":"M-TNTJ","t":"LJ55"},"E853":{"r":"M-OLLE","t":"H25B"},"E854":{"r":"M-IVSP","t":"GLF4"},"E855":{"r":"M-URKA","t":"S76"},"E856":{"r":"M-OZZA","t":"CL30"},"E857":{"r":"M-LRJT","t":"LJ45"},"E858":{"r":"M-JNJL","t":"GLEX"},"E859":{"r":"M-SPOR","t":"BE20"},"E85A":{"r":"M-RCCG","t":"E135"},"E85B":{"r":"M-DEJB","t":"FA20"},"E85C":{"r":"M-GRAN","t":"GL5T"},"E85D":{"r":"M-AKAR","t":"S76"},"E85E":{"r":"M-ERCI","t":"CL60"},"E85F":{"r":"M-YWAY","t":"GLF4"},"E860":{"r":"M-KPCO","t":"E135"},"E861":{"r":"M-ANGO","t":"CL60"},"E862":{"r":"M-HOTB","t":"GLF5"},"E863":{"r":"M-VANG","t":"GLEX"},"E864":{"r":"M-SRNE","t":"EC45"},"E865":{"r":"M-TFKR","t":"GLF5"},"E86B":{"r":"M-ALMA","t":"FA7X"},"E86C":{"r":"M-XHEC","t":"EC55"},"E86D":{"r":"M-OUSE","t":"C510"},"E86F":{"r":"M-AAAD","t":"CL60"},"E871":{"r":"M-ARIE","t":"PC12"},"E872":{"r":"M-FBVZ","t":"CL60"},"E873":{"r":"M-ATOS","t":"F900"},"E874":{"r":"M-ESGR","t":"E135"},"E875":{"r":"M-CEXL","t":"C56X"},"E876":{"r":"M-SNAP","t":"C56X"},"E877":{"r":"M-EDOK","t":"CL30"},"E878":{"r":"M-WING","t":"F2TH"},"E879":{"r":"M-DADI","t":"F900"},"E87A":{"r":"M-PBKI","t":"GLF4"},"E87B":{"r":"M-SYGB","t":"BE20"},"E87E":{"r":"M-ONEY","t":"A109"},"E87F":{"r":"M-AIRU","t":"CL60"},"E880":{"r":"M-ERIL","t":"PC12"},"E881":{"r":"M-HELI","t":"EC55"},"E884":{"r":"M-MNAA","t":"GLEX"},"E885":{"r":"M-MNBB","t":"FA7X"},"E886":{"r":"M-MNDD","t":"F900"},"E887":{"r":"M-MNCC","t":"FA7X"},"E888":{"r":"M-ALEX","t":"LJ60"},"E889":{"r":"M-MOMO","t":"GLF5"},"E88A":{"r":"M-GLOB","t":"GLEX"},"E88B":{"r":"M-UNIS","t":"GLEX"},"E88C":{"r":"M-HNOY","t":"CL60"},"E88E":{"r":"M-GOLX","t":"F2TH"},"E88F":{"r":"M-AMAN","t":"PC12"},"E890":{"r":"M-MRBB","t":"LJ45"},"E891":{"r":"M-RUAT","t":"GLEX"},"E892":{"r":"M-MDDE","t":"CL60"},"E895":{"r":"M-GLEX","t":"GLEX"},"E898":{"r":"M-EAGL","t":"F900"},"E89A":{"r":"M-IKEL","t":"F2TH"},"E89B":{"r":"M-VICA","t":"CL60"},"E89C":{"r":"M-RIDE","t":"GL5T"},"E89E":{"r":"M-RONE","t":"F2TH"},"E8A0":{"r":"M-YZZT","t":"SR22"},"E8A1":{"r":"M-ABDL","t":"HA4T"},"E8A2":{"r":"M-MTPO","t":"CL60"},"E8A4":{"r":"M-AUTO","t":"LJ60"},"E8A5":{"r":"M-RSKL","t":"GLEX"},"E8A7":{"r":"M-INXS","t":"H25B"},"E8A8":{"r":"M-ARRJ","t":"GLEX"},"E8A9":{"r":"M-CCCP","t":"GL5T"},"E8AA":{"r":"M-ABDN","t":"C25B"},"E8AB":{"r":"M-DARA","t":"F2TH"},"E8AC":{"r":"M-BETS","t":"AC95"},"E8AE":{"r":"M-LEYS","t":"BE9L"},"E8AF":{"r":"M-RWGW","t":"LJ45"},"E8B1":{"r":"M-CELT","t":"FA7X"},"E8B2":{"r":"M-YCUP","t":"E135"},"E8B3":{"r":"M-EVAN","t":"CL30"},"E8B5":{"r":"M-ABDP","t":"H25B"},"E8B6":{"r":"M-ABDO","t":"B738"},"E8B8":{"r":"M-ROWL","t":"F2TH"},"E8BA":{"r":"M-IKAT","t":"F2TH"},"E8BB":{"r":"M-RKAY","t":"PRM1"},"E8BC":{"r":"M-DKVL","t":"GLF4"},"E8BD":{"r":"M-TOMS","t":"PC12"},"E8BE":{"r":"M-BTLT","t":"CL30"},"E8BF":{"r":"M-ICRO","t":"C25A"},"E8C0":{"r":"M-BXRH","t":"C185"},"E8C3":{"r":"M-RLDR","t":"PC12"},"E8C5":{"r":"M-OMOO","t":"S76"},"E8C6":{"r":"M-TANA","t":"F2TH"},"E8C7":{"r":"M-YBJK","t":"GLF5"},"E8C8":{"r":"M-ARIE","t":"PC12"},"E8CA":{"r":"M-PREI","t":"PRM1"},"E8CB":{"r":"M-KING","t":"BE9L"},"E8CC":{"r":"M-YULI","t":"GLEX"},"E8CF":{"r":"M-SAPT","t":"H25B"},"E8D0":{"r":"M-MIDO","t":"H25B"},"E8D1":{"r":"M-NICE","t":"GALX"},"E8D5":{"r":"M-POWR","t":"BE9L"},"E8D9":{"r":"M-AJWA","t":"GL5T"},"E8DA":{"r":"M-ASHI","t":"CL60"},"E8DB":{"r":"M-ECJI","t":"FA10"},"E8DC":{"r":"M-AAES","t":"CL60"},"E8DE":{"r":"M-JETZ","t":"F2TH"},"E8E2":{"r":"M-ATPS","t":"GLF5"},"E8E3":{"r":"M-ARIA","t":"H25B"},"E8E5":{"r":"M-ABEB","t":"F900"},"E8E7":{"r":"M-IMAK","t":"E135"},"E8E8":{"r":"M-DAVE","t":"PC12"},"E8EA":{"r":"M-ABEE","t":"A321"},"E8EB":{"r":"M-LIFE","t":"CL30"},"E8EC":{"r":"M-ABEC","t":"E135"},"E8EE":{"r":"M-ROMA","t":"LJ45"},"E8F4":{"r":"M-NIKO","t":"F2TH"},"E8F8":{"r":"M-OMAN","t":"FA7X"},"E8FB":{"r":"M-ABCD","t":"F2TH"},"E8FC":{"r":"M-JIGG","t":"GLF5"},"E8FE":{"r":"M-OUTH","t":"DA42"},"E900":{"r":"M-WING","t":"F900"},"E901":{"r":"M-STEP","t":"G150"},"E905":{"r":"M-SFAM","t":"MD87"},"E906":{"r":"M-ANGA","t":"E135"},"E907":{"r":"M-TSRI","t":"BE9L"},"E908":{"r":"M-DRIL","t":"PC12"},"E90C":{"r":"M-XJOB","t":"F2TH"},"E90D":{"r":"M-ABEU","t":"LJ45"},"E90E":{"r":"M-ABES","t":"B735"},"E90F":{"r":"M-ILTD","t":"GALX"},"E910":{"r":"M-FASH","t":"F900"},"E913":{"r":"M-PZPZ","t":"GLF4"},"E914":{"r":"M-LENR","t":"BE20"},"E918":{"r":"M-YCEF","t":"H25B"},"E91B":{"r":"M-ARCH","t":"C750"},"E91C":{"r":"M-RISE","t":"B752"},"E921":{"r":"M-NSJS","t":"C25C"},"E924":{"r":"M-NALE","t":"GLEX"},"E925":{"r":"M-GDRS","t":"PRM1"},"E926":{"r":"M-DMMH","t":"C680"},"E927":{"r":"M-APLE","t":"E55P"},"E928":{"r":"M-MNAA","t":"GLEX"},"E92D":{"r":"M-WINT","t":"PC12"},"E92E":{"r":"M-ORAD","t":"F2TH"},"E92F":{"r":"M-HHHH","t":"A318"},"E931":{"r":"M-AKOL","t":"FA7X"},"E934":{"r":"M-EMCT","t":"C560"},"E935":{"r":"M-PMPM","t":"E135"},"E938":{"r":"M-DWSF","t":"B430"},"E939":{"r":"M-BTAR","t":"GLEX"},"E93B":{"r":"M-ARKZ","t":"CL60"},"E93E":{"r":"M-SAPL","t":"CL60"},"E93F":{"r":"M-ARAE","t":"GLF4"},"E941":{"r":"M-IWPS","t":"C25A"},"E942":{"r":"M-ABFM","t":"FA7X"},"E943":{"r":"M-SSSR","t":"GLEX"},"E945":{"r":"M-SEAS","t":"GL5T"},"E946":{"r":"M-WATJ","t":"BE20"},"E947":{"r":"M-LWSA","t":"GLEX"},"E94E":{"r":"M-ABFL","t":"A332"},"E94F":{"r":"M-LOOK","t":"CL60"},"E950":{"r":"M-AAAL","t":"GLEX"},"E951":{"r":"M-SWAN","t":"GALX"},"E956":{"r":"M-MDMH"},"E957":{"r":"M-STCO","t":"F2TH"},"E958":{"r":"M-USBA","t":"GLF5"},"E959":{"r":"M-CKDM","t":"G150"},"E95A":{"r":"M-VGIN","t":"FA50"},"E95B":{"r":"M-AYRU","t":"CL60"},"E95C":{"r":"M-SNSS","t":"FA50"},"E95F":{"r":"M-YTAF","t":"BE36"},"E961":{"r":"M-SITM","t":"H25B"},"E964":{"r":"M-ABFO","t":"BE40"},"E968":{"r":"M-IGWT","t":"GL5T"},"E969":{"r":"M-KBBG","t":"GLF4"},"E96A":{"r":"M-BISA","t":"PC12"},"E96F":{"r":"M-YBLS","t":"PC12"},"E971":{"r":"M-AQUA","t":"GL5T"},"E972":{"r":"M-CDZT","t":"BE20"},"E974":{"r":"M-ALAY","t":"GLF5"},"E975":{"r":"M-ALEN","t":"E135"},"E978":{"r":"M-OIWA","t":"CL30"},"E97A":{"r":"M-ABFR","t":"GLEX"},"E97C":{"r":"M-USIC","t":"GLF5"},"E97D":{"r":"M-YORK","t":"FA7X"},"E97E":{"r":"M-IMOR","t":"C680"},"E97F":{"r":"M-CTLX","t":"C25A"},"E982":{"r":"M-AHAH","t":"GLEX"},"E984":{"r":"M-FRED","t":"P180"},"E985":{"r":"M-DTBP","t":"FA7X"},"E989":{"r":"M-ARIA","t":"C680"},"E98A":{"r":"M-MNDG","t":"GLF4"},"E98B":{"r":"M-SAID","t":"GL5T"},"E98C":{"r":"M-CDFY","t":"BE20"},"E990":{"r":"M-AVOS","t":"GLF4"},"E991":{"r":"M-UGIC","t":"GLF5"},"E992":{"r":"M-WFAM","t":"CL60"},"E994":{"r":"M-LJGI","t":"FA7X"},"E997":{"r":"M-WING","t":"F900"},"E998":{"r":"M-BRRB","t":"GL5T"},"E999":{"r":"M-CARA","t":"C525"},"E99D":{"r":"M-GLFZ","t":"LJ60"},"E9A3":{"r":"M-INTS","t":"E135"},"E9A4":{"r":"M-CESA","t":"C56X"},"E9A6":{"r":"M-ARDI","t":"GLF5"},"E9A7":{"r":"M-SAWO","t":"GLF5"},"E9AA":{"r":"M-ARRH","t":"CL30"},"E9AB":{"r":"M-ABGG","t":"CL60"},"E9AD":{"r":"M-ASIK","t":"G280"},"E9AF":{"r":"M-EDIA","t":"FA7X"},"E9B1":{"r":"M-GSIX","t":"GLF6"},"E9B3":{"r":"M-FLYI","t":"C25C"},"E9B5":{"r":"M-FRZN","t":"CL60"},"E9B7":{"r":"M-CESC","t":"C56X"},"E9B9":{"r":"M-GLFV","t":"GLF5"},"E9BC":{"r":"M-MDBD","t":"GLEX"},"E9BE":{"r":"M-NELS","t":"GLF4"},"E9C1":{"r":"M-AZIA","t":"C25C"},"E9C2":{"r":"M-OEPL","t":"F900"},"E9C6":{"r":"M-EBRB","t":"F900"},"E9CA":{"r":"M-PPBA","t":"E135"},"E9CB":{"r":"M-MNVN","t":"GLF4"},"E9CC":{"r":"M-IIII","t":"GLEX"},"E9CD":{"r":"M-KSSN","t":"GLF6"},"E9CE":{"r":"M-USIK","t":"GLF6"},"E9CF":{"r":"M-ARIE","t":"BE20"},"E9D1":{"r":"M-OBIL","t":"C25C"},"E9D3":{"r":"M-BAEP","t":"CL60"},"E9D4":{"r":"M-ABGZ","t":"F900"},"E9D5":{"r":"M-JCBB","t":"GLF6"},"E9D7":{"r":"M-ABGS","t":"CL60"},"E9DC":{"r":"M-TINK","t":"F2TH"},"E9DE":{"r":"M-AAKV","t":"E135"},"E9DF":{"r":"M-JCBC","t":"S76"},"E9E3":{"r":"M-ELON","t":"E55P"},"E9E8":{"r":"M-IUNI","t":"GL5T"},"E9E9":{"r":"M-SSYS","t":"C25C"},"E9F2":{"r":"M-CCCV","t":"PC12"},"E9F6":{"r":"M-PDCS","t":"F2TH"},"E9FD":{"r":"M-NNNN","t":"GLF6"},"E9FE":{"r":"M-AGIK","t":"F900"},"E9FF":{"r":"M-YFTA","t":"GLEX"},"EA02":{"r":"M-OBLA","t":"H25B"},"EA04":{"r":"M-ZZOO","t":"GALX"},"EA05":{"r":"M-YUMN","t":"F2TH"},"EA06":{"r":"M-ABGV","t":"LJ45"},"EA0A":{"r":"M-YSKY","t":"GLEX"},"EA0B":{"r":"M-ATEX","t":"F900"},"EA0C":{"r":"M-OTOR","t":"BE20"},"EA10":{"r":"M-ANAP","t":"E55P"},"EA11":{"r":"M-AKAL","t":"C56X"},"EA14":{"r":"M-CTEM","t":"H25B"},"EA15":{"r":"M-GSIR","t":"F900"},"EA16":{"r":"M-LVNA","t":"EC55"},"EA19":{"r":"M-WIND","t":"GLF6"},"EA1B":{"r":"M-BASH","t":"CL60"},"EA1D":{"r":"M-YULI","t":"GLEX"},"EA1F":{"r":"M-FALZ","t":"FA7X"},"EA20":{"r":"M-HOME","t":"GLEX"},"EA21":{"r":"M-IBID","t":"GL5T"},"EA28":{"r":"M-JMIA","t":"CL60"},"EA2F":{"r":"M-BRVO","t":"C550"},"EA34":{"r":"M-HRPN","t":"B429"},"EA40":{"r":"M-SPEC","t":"B350"},"EA43":{"r":"M-SPEK","t":"B350"},"EA44":{"r":"M-GCAP","t":"P180"},"EA4E":{"r":"M-HPIN","t":"E55P"},"EA4F":{"r":"M-RLEE","t":"BE9L"},"EA51":{"r":"M-ABCC","t":"GLEX"},"EA61":{"r":"M-ABRJ","t":"GLF4"},"EB00":{"r":"2-HIGH","t":"SR20"},"EB0C":{"r":"2-BYDF","t":"S76"},"EB0D":{"r":"2-TRAV","t":"GLF4"},"EB12":{"r":"2-CHEZ","t":"P28A"},"children":["43C"]}