{"0002":{"r":"OE-LPA","t":"B772"},"0005":{"r":"OE-LFL","t":"F70"},"001A":{"r":"OE-LBN","t":"A320"},"001B":{"r":"OE-LBO","t":"A320"},"001C":{"r":"OE-LBP","t":"A320"},"001E":{"r":"OE-LAY","t":"B763"},"001F":{"r":"OE-LNJ","t":"B738"},"0020":{"r":"OE-LPB","t":"B772"},"0023":{"r":"OE-LFJ","t":"F70"},"0024":{"r":"OE-FGI","t":"C525"},"0025":{"r":"OE-LFI","t":"F70"},"0028":{"r":"OE-GPS","t":"C550"},"0039":{"r":"OE-LBD","t":"A321"},"003A":{"r":"OE-LBE","t":"A321"},"003E":{"r":"OE-LNK","t":"B738"},"003F":{"r":"OE-LAZ","t":"B763"},"0040":{"r":"OE-LKA","t":"D328"},"0046":{"r":"OE-GKK","t":"C550"},"0047":{"r":"OE-HTJ","t":"D328"},"004B":{"r":"OE-LNL","t":"B736"},"004C":{"r":"OE-LNM","t":"B736"},"004F":{"r":"OE-LBQ","t":"A320"},"0050":{"r":"OE-LBR","t":"A320"},"0052":{"r":"OE-LBS","t":"A320"},"0056":{"r":"OE-GII","t":"LJ60"},"0058":{"r":"OE-LGA","t":"DH8D"},"0059":{"r":"OE-LGB","t":"DH8D"},"005A":{"r":"OE-LKD","t":"D328"},"005B":{"r":"OE-INJ","t":"CL60"},"005E":{"r":"OE-LIR","t":"D328"},"005F":{"r":"OE-ICF","t":"F900"},"0060":{"r":"OE-LAE","t":"B763"},"0063":{"r":"OE-LGC","t":"DH8D"},"0064":{"r":"OE-GME","t":"C56X"},"0068":{"r":"OE-LGD","t":"DH8D"},"0069":{"r":"OE-HMS","t":"D328"},"006A":{"r":"OE-GLS","t":"C650"},"006B":{"r":"OE-HTG","t":"J328"},"006C":{"r":"OE-LBT","t":"A320"},"006D":{"r":"OE-LBF","t":"A321"},"006E":{"r":"OE-LBU","t":"A320"},"0071":{"r":"OE-LNN","t":"B737"},"0072":{"r":"OE-LNO","t":"B737"},"007C":{"r":"OE-LPC","t":"B772"},"007D":{"r":"OE-GHM","t":"BE40"},"0081":{"r":"OE-LPD","t":"B772"},"0082":{"r":"OE-GPH","t":"C560"},"008A":{"r":"OE-LNP","t":"B738"},"008F":{"r":"OE-GCB","t":"C560"},"0092":{"r":"OE-LNQ","t":"B738"},"0093":{"r":"OE-GPA","t":"C56X"},"0098":{"r":"OE-FSS","t":"C525"},"0099":{"r":"OE-GHU","t":"H25B"},"009A":{"r":"OE-LJR","t":"J328"},"009B":{"r":"OE-FPS","t":"C25A"},"009F":{"r":"OE-GNW","t":"C56X"},"00A5":{"r":"OE-IEL","t":"GLEX"},"00AC":{"r":"OE-IVY","t":"GLF5"},"00B0":{"r":"OE-GLL","t":"C550"},"00B2":{"r":"OE-LDA","t":"A319"},"00B3":{"r":"OE-LDB","t":"A319"},"00BA":{"r":"OE-FGD","t":"C525"},"00BD":{"r":"OE-GAA","t":"C560"},"00C1":{"r":"OE-FCY","t":"C25A"},"00C3":{"r":"OE-LDC","t":"A319"},"00C5":{"r":"OE-EPC","t":"PC12"},"00C7":{"r":"OE-IDM","t":"F900"},"00CA":{"r":"OE-LVA","t":"F100"},"00CB":{"r":"OE-LVB","t":"F100"},"00CF":{"r":"OE-HGG","t":"C750"},"00D0":{"r":"OE-GBD","t":"ASTR"},"00D9":{"r":"OE-IGS","t":"GLEX"},"00DB":{"r":"OE-LVC","t":"F100"},"00E0":{"r":"OE-DID","t":"C182"},"00E1":{"r":"OE-GIL","t":"C550"},"00E2":{"r":"OE-GBA","t":"C550"},"00EA":{"r":"OE-HAC","t":"C750"},"00EE":{"r":"OE-GEG","t":"C56X"},"00F6":{"r":"OE-LVD","t":"F100"},"00F7":{"r":"OE-LVE","t":"F100"},"00F8":{"r":"OE-LVG","t":"F100"},"00F9":{"r":"OE-LVF","t":"F100"},"00FA":{"r":"OE-IVV","t":"GLF5"},"00FB":{"r":"OE-HRR","t":"CL30"},"00FC":{"r":"OE-IIA","t":"GLF5"},"00FE":{"r":"OE-FMA","t":"C525"},"0102":{"r":"OE-IKP","t":"CL60"},"0107":{"r":"OE-GYG","t":"LJ60"},"010C":{"r":"OE-LVH","t":"F100"},"010D":{"r":"OE-LDD","t":"A319"},"0110":{"r":"OE-LGI","t":"DH8D"},"011A":{"r":"OE-LNR","t":"B738"},"011D":{"r":"OE-GCP","t":"C560"},"011E":{"r":"OE-LVI","t":"F100"},"0120":{"r":"OE-GTM","t":"BE40"},"0122":{"r":"OE-FDS","t":"PAY2"},"0127":{"r":"OE-FBS","t":"C551"},"0129":{"r":"OE-FKG","t":"PAY2"},"012F":{"r":"OE-LDE","t":"A319"},"0130":{"r":"OE-LDF","t":"A319"},"0133":{"r":"OE-LNS","t":"B738"},"0135":{"r":"OE-GMM","t":"C680"},"0140":{"r":"OE-GCE","t":"H25B"},"0148":{"r":"OE-GGL","t":"LJ60"},"014F":{"r":"OE-HPZ","t":"CL30"},"0156":{"r":"OE-LVJ","t":"F100"},"0157":{"r":"OE-HPK","t":"CL30"},"015B":{"r":"OE-INI","t":"CL60"},"015C":{"r":"OE-LEA","t":"A320"},"016A":{"r":"OE-FMK","t":"C501"},"016B":{"r":"OE-LDG","t":"A319"},"016C":{"r":"OE-GFA","t":"LJ60"},"017E":{"r":"OE-HFC","t":"GALX"},"0187":{"r":"OE-GRB","t":"C550"},"018C":{"r":"OE-HAF","t":"F2TH"},"018D":{"r":"OE-GTK","t":"C56X"},"0190":{"r":"OE-IRK","t":"E135"},"0193":{"r":"OE-LEO","t":"A320"},"0194":{"r":"OE-GCA","t":"C56X"},"0196":{"r":"OE-EMC","t":"PC12"},"019C":{"r":"OE-LIC","t":"DH8C"},"01A0":{"r":"OE-GNB","t":"C680"},"01A1":{"r":"OE-GMJ","t":"LJ35"},"01A3":{"r":"OE-FGL","t":"C25A"},"01AA":{"r":"OE-INC","t":"GL5T"},"01B1":{"r":"OE-IIC","t":"F100"},"01B2":{"r":"OE-IID","t":"F100"},"01B3":{"r":"OE-IIB","t":"F100"},"01B4":{"r":"OE-FLI","t":"C340"},"01B5":{"r":"OE-LNT","t":"B738"},"01B8":{"r":"OE-LEE","t":"A320"},"01BA":{"r":"OE-HKY","t":"F2TH"},"01C4":{"r":"OE-FSG","t":"C25A"},"01D1":{"r":"OE-IDX","t":"F900"},"01D5":{"r":"OE-HAL","t":"C750"},"01D6":{"r":"OE-FII","t":"C25A"},"01D7":{"r":"OE-HJA","t":"C750"},"01D8":{"r":"OE-FKW","t":"PRM1"},"01DA":{"r":"OE-LVK","t":"F100"},"01E1":{"r":"OE-ILX","t":"B738"},"01E2":{"r":"OE-LEX","t":"A320"},"01E3":{"r":"OE-LEU","t":"A320"},"01E6":{"r":"OE-HVA","t":"F2TH"},"01E7":{"r":"OE-INX","t":"CL60"},"01EA":{"r":"OE-GCI","t":"C550"},"01EB":{"r":"OE-IPH","t":"H25B"},"01EF":{"r":"OE-GNF","t":"LJ60"},"01F0":{"r":"OE-IKB","t":"MD83"},"01F3":{"r":"OE-LVL","t":"F100"},"01F8":{"r":"OE-GRS","t":"H25B"},"01FE":{"r":"OE-INY","t":"CL60"},"0208":{"r":"OE-IDG","t":"CL60"},"020C":{"r":"OE-GRF","t":"H25B"},"0211":{"r":"OE-HII","t":"CL30"},"0216":{"r":"OE-FMU","t":"C525"},"0217":{"r":"OE-FUX","t":"C25A"},"021B":{"r":"OE-GPO","t":"C25B"},"0226":{"r":"OE-GZK","t":"C56X"},"0229":{"r":"OE-IRP","t":"GLEX"},"022A":{"r":"OE-FCU","t":"C25A"},"022C":{"r":"OE-GCG","t":"C56X"},"0236":{"r":"OE-FLG","t":"C525"},"0237":{"r":"OE-FYH","t":"C25A"},"023B":{"r":"OE-LGS","t":"A319"},"023C":{"r":"OE-FOA","t":"C25A"},"0244":{"r":"OE-GRA","t":"C25B"},"0248":{"r":"OE-HNL","t":"CL30"},"024C":{"r":"OE-FRC","t":"PRM1"},"024E":{"r":"OE-LVM","t":"F100"},"0250":{"r":"OE-FLP","t":"C25A"},"0251":{"r":"OE-FMI","t":"C525"},"0254":{"r":"OE-GPN","t":"C56X"},"025B":{"r":"OE-IDB","t":"E135"},"026D":{"r":"OE-FMH","t":"C340"},"0289":{"r":"OE-IRG","t":"GLF5"},"028B":{"r":"OE-IMK","t":"GLEX"},"028C":{"r":"OE-ISS","t":"GLF5"},"028F":{"r":"OE-LVN","t":"F100"},"02A1":{"r":"OE-ISA","t":"CRJ2"},"02A6":{"r":"OE-GNY","t":"H25B"},"02AA":{"r":"OE-ILI","t":"CRJ2"},"02B3":{"r":"OE-FHH","t":"C501"},"02BC":{"r":"OE-FGB","t":"C25A"},"02C0":{"r":"OE-INB","t":"F900"},"02C1":{"r":"OE-KVK","t":"DA40"},"02C4":{"r":"OE-HUB","t":"C750"},"02CB":{"r":"OE-IFB","t":"CL60"},"02CC":{"r":"OE-ILY","t":"CRJ2"},"02D3":{"r":"OE-FIX","t":"C525"},"02D5":{"r":"OE-IFG","t":"GL5T"},"02D9":{"r":"OE-ITH","t":"CL60"},"02E1":{"r":"OE-FLB","t":"C25A"},"02E8":{"r":"OE-GEH","t":"C56X"},"02EA":{"r":"OE-FID","t":"C510"},"02EF":{"r":"OE-HEM","t":"F2TH"},"02F0":{"r":"OE-FVB","t":"C25A"},"02F1":{"r":"OE-FOI","t":"C525"},"02F3":{"r":"OE-GLX","t":"LJ60"},"02F4":{"r":"OE-GLY","t":"LJ60"},"0302":{"r":"OE-III","t":"GL5T"},"0303":{"r":"OE-FMC","t":"PRM1"},"030B":{"r":"OE-LXR","t":"GLEX"},"030D":{"r":"OE-FOE","t":"C25A"},"0311":{"r":"OE-FWM","t":"C525"},"0315":{"r":"OE-GSP","t":"C56X"},"0316":{"r":"OE-ICH","t":"GLF4"},"0318":{"r":"OE-LES","t":"A321"},"031A":{"r":"OE-FGK","t":"C525"},"031B":{"r":"OE-ISM","t":"F900"},"0320":{"r":"OE-GAK","t":"C680"},"0325":{"r":"OE-GBR","t":"C56X"},"032F":{"r":"OE-IKG","t":"CRJ2"},"0331":{"r":"OE-GRZ","t":"C25B"},"0333":{"r":"OE-FHA","t":"C510"},"0338":{"r":"OE-GSZ","t":"C56X"},"033D":{"r":"OE-FFB","t":"C510"},"033F":{"r":"OE-HMR","t":"F2TH"},"0344":{"r":"OE-GVX","t":"LJ40"},"0346":{"r":"OE-FKO","t":"C25A"},"0347":{"r":"OE-FEM","t":"C421"},"0348":{"r":"OE-LVO","t":"F100"},"034E":{"r":"OE-GAL","t":"C550"},"0360":{"r":"OE-IBC","t":"GL5T"},"0362":{"r":"OE-GBY","t":"C680"},"0366":{"r":"OE-ILV","t":"CRJ2"},"036B":{"r":"OE-GVL","t":"C56X"},"0387":{"r":"OE-HAZ","t":"GALX"},"038C":{"r":"OE-FLR","t":"C510"},"038F":{"r":"OE-IBC","t":"GL5T"},"0394":{"r":"OE-FWW","t":"PRM1"},"0398":{"r":"OE-VFT","t":"DA42"},"039B":{"r":"OE-GKE","t":"C56X"},"039C":{"r":"OE-HRM","t":"CL30"},"03A0":{"r":"OE-ILZ","t":"CRJ2"},"03A3":{"r":"OE-HVJ","t":"CL30"},"03A4":{"r":"OE-INP","t":"CL60"},"03A5":{"r":"OE-INN","t":"CL60"},"03A9":{"r":"OE-FMZ","t":"C510"},"03AA":{"r":"OE-FMY","t":"C510"},"03AC":{"r":"OE-IBR","t":"E135"},"03AE":{"r":"OE-GHG","t":"C25B"},"03B3":{"r":"OE-FYB","t":"DA42"},"03B4":{"r":"OE-GLG","t":"C550"},"03B9":{"r":"OE-HRJ","t":"J328"},"03BD":{"r":"OE-IIS","t":"GLF5"},"03BF":{"r":"OE-GVM","t":"LJ45"},"03C0":{"r":"OE-FHC","t":"C25A"},"03C9":{"r":"OE-FWH","t":"C510"},"03CE":{"r":"OE-INS","t":"CL60"},"03D0":{"r":"OE-GKM","t":"C56X"},"03D1":{"r":"OE-IKM","t":"GLEX"},"03D3":{"r":"OE-GVA","t":"LJ40"},"03DD":{"r":"OE-GVT","t":"LJ60"},"03DE":{"r":"OE-GVJ","t":"LJ60"},"03DF":{"r":"OE-HAB","t":"CL30"},"03E1":{"r":"OE-INT","t":"CL60"},"03E2":{"r":"OE-HAS","t":"GALX"},"03E4":{"r":"OE-FIM","t":"PRM1"},"03E9":{"r":"OE-GLF","t":"G150"},"03EC":{"r":"OE-FCB","t":"C510"},"03ED":{"r":"OE-IHA","t":"E190"},"03EE":{"r":"OE-IHB","t":"E190"},"03F0":{"r":"OE-FOG","t":"DA42"},"03F6":{"r":"OE-GET","t":"C25B"},"03FB":{"r":"OE-GNA","t":"C25B"},"03FF":{"r":"OE-GWV","t":"C56X"},"0400":{"r":"OE-HAP","t":"CL30"},"0403":{"r":"OE-HAA","t":"CL30"},"0404":{"r":"OE-IEX","t":"F900"},"0405":{"r":"OE-FPK","t":"C25A"},"0406":{"r":"OE-IOE","t":"F900"},"040E":{"r":"OE-GVV","t":"LJ60"},"0414":{"r":"OE-LET","t":"A321"},"041A":{"r":"OE-IPA","t":"GLEX"},"0426":{"r":"OE-GVD","t":"LJ60"},"042C":{"r":"OE-HDV","t":"CL30"},"042D":{"r":"OE-GPD","t":"C25B"},"042F":{"r":"OE-HOO","t":"CL30"},"0430":{"r":"OE-IOO","t":"GL5T"},"0431":{"r":"OE-ISU","t":"CL60"},"0432":{"r":"OE-GGG","t":"C56X"},"043A":{"r":"OE-LGK","t":"DH8D"},"0440":{"r":"OE-GMZ","t":"C25B"},"0444":{"r":"OE-GAS","t":"G150"},"0448":{"r":"OE-GMZ","t":"C25B"},"044D":{"r":"OE-GAG","t":"BE40"},"044E":{"r":"OE-HSB","t":"GALX"},"0465":{"r":"OE-HCA","t":"CL30"},"0467":{"r":"OE-FNS","t":"DA42"},"046B":{"r":"OE-GXX","t":"LJ40"},"046C":{"r":"OE-IBN","t":"F900"},"046E":{"r":"OE-IGG","t":"GLEX"},"046F":{"r":"OE-AEF","t":"DV20"},"0472":{"r":"OE-IPZ","t":"CL60"},"0474":{"r":"OE-HEO","t":"CL30"},"0475":{"r":"OE-HTO","t":"F2TH"},"0480":{"r":"OE-IVA","t":"FA7X"},"0481":{"r":"OE-GPK","t":"C25B"},"0484":{"r":"OE-FKK","t":"PRM1"},"0489":{"r":"OE-GJM","t":"C680"},"048A":{"r":"OE-IMI","t":"F900"},"048C":{"r":"OE-HSN","t":"GALX"},"0494":{"r":"OE-INA","t":"CL60"},"0497":{"r":"OE-HAK","t":"C750"},"049A":{"r":"OE-FMF","t":"DA42"},"049C":{"r":"OE-LLL","t":"FA7X"},"049D":{"r":"OE-GEM","t":"C680"},"049F":{"r":"OE-GES","t":"C56X"},"04AF":{"r":"OE-ERM","t":"PC12"},"04B4":{"r":"OE-LEB","t":"A320"},"04B5":{"r":"OE-LAF","t":"GLEX"},"04B6":{"r":"OE-FAM","t":"E50P"},"04B8":{"r":"OE-GGC","t":"LJ40"},"04BA":{"r":"OE-IND","t":"CL60"},"04C1":{"r":"OE-IRM","t":"GLEX"},"04C2":{"r":"OE-IHC","t":"E190"},"04C3":{"r":"OE-IHD","t":"E190"},"04CC":{"r":"OE-LGL","t":"DH8D"},"04D4":{"r":"OE-LGN","t":"DH8D"},"04D9":{"r":"OE-LGX","t":"GLEX"},"04DB":{"r":"OE-FAT","t":"P06T"},"04DC":{"r":"OE-GVE","t":"LJ60"},"04E0":{"r":"OE-LEC","t":"A320"},"04E1":{"r":"OE-LEF","t":"A320"},"04ED":{"r":"OE-HCB","t":"F2TH"},"04F2":{"r":"OE-FAN","t":"C441"},"04FD":{"r":"OE-GYB","t":"H25B"},"0502":{"r":"OE-DDC","t":"DA40"},"050E":{"r":"OE-HMK","t":"CL30"},"0512":{"r":"OE-FYE","t":"DA42"},"051D":{"r":"OE-IDH","t":"E135"},"0520":{"r":"OE-FCP","t":"C510"},"0529":{"r":"OE-IHE","t":"E190"},"052D":{"r":"OE-FHK","t":"C510"},"0536":{"r":"OE-GIE","t":"C25B"},"0546":{"r":"OE-GXL","t":"C56X"},"0549":{"r":"OE-LBV","t":"A320"},"054D":{"r":"OE-INE","t":"CL60"},"054E":{"r":"OE-IZM","t":"GLF5"},"0550":{"r":"OE-INK","t":"CL60"},"0551":{"r":"OE-LEG","t":"A320"},"0552":{"r":"OE-LEH","t":"A320"},"0553":{"r":"OE-LEW","t":"A321"},"0554":{"r":"OE-FRM","t":"C510"},"0558":{"r":"OE-LEZ","t":"A321"},"055D":{"r":"OE-IHF","t":"E190"},"055E":{"r":"OE-FVJ","t":"C525"},"0562":{"r":"OE-HLL","t":"CL30"},"0565":{"r":"OE-HGE","t":"GALX"},"0567":{"r":"OE-HGO","t":"GALX"},"0570":{"r":"OE-LMK","t":"E170"},"0571":{"r":"OE-IMZ","t":"GLF4"},"0572":{"r":"OE-IDV","t":"CL60"},"0573":{"r":"OE-GGP","t":"C56X"},"0574":{"r":"OE-IHG","t":"E190"},"0575":{"r":"OE-IAP","t":"B734"},"0576":{"r":"OE-ICE","t":"A318"},"0579":{"r":"OE-IAU","t":"B733"},"057A":{"r":"OE-GSC","t":"LJ60"},"0588":{"r":"OE-IAQ","t":"B734"},"058F":{"r":"OE-FZA","t":"C510"},"0590":{"r":"OE-FZB","t":"C510"},"0591":{"r":"OE-FZC","t":"C510"},"0592":{"r":"OE-FZD","t":"C510"},"0593":{"r":"OE-FZE","t":"C510"},"059A":{"r":"OE-GOA","t":"H25B"},"05A0":{"r":"OE-INH","t":"CL60"},"05A1":{"r":"OE-ING","t":"CL60"},"05A3":{"r":"OE-IAR","t":"B734"},"05A5":{"r":"OE-IZZ","t":"CRJ2"},"05A8":{"r":"OE-IAT","t":"B734"},"05A9":{"r":"OE-IAS","t":"B734"},"05AA":{"r":"OE-HPG","t":"CL30"},"05AF":{"r":"OE-IBA","t":"B733"},"05B0":{"r":"OE-FAI","t":"DA42"},"05BB":{"r":"OE-ILM","t":"FA7X"},"05C9":{"r":"OE-GHF","t":"LJ40"},"05CC":{"r":"OE-GVF","t":"LJ60"},"05CD":{"r":"OE-GVG","t":"LJ60"},"05CE":{"r":"OE-GVH","t":"LJ60"},"05CF":{"r":"OE-GVN","t":"LJ60"},"05D0":{"r":"OE-GVP","t":"LJ60"},"05D1":{"r":"OE-GVQ","t":"LJ60"},"05DA":{"r":"OE-FWF","t":"C510"},"05DB":{"r":"OE-HBA","t":"CL30"},"05DD":{"r":"OE-LUX","t":"A318"},"05ED":{"r":"OE-ILA","t":"CRJ2"},"05EE":{"r":"OE-ILB","t":"CRJ2"},"05F3":{"r":"OE-LXX","t":"GLEX"},"05F6":{"r":"OE-HZP","t":"CL30"},"05FA":{"r":"OE-HGL","t":"CL30"},"05FB":{"r":"OE-HCL","t":"CL30"},"060D":{"r":"OE-IDO","t":"GLEX"},"060E":{"r":"OE-GTH","t":"B350"},"061F":{"r":"OE-LAI","t":"GLF4"},"062C":{"r":"OE-IWG","t":"F900"},"062D":{"r":"OE-INM","t":"CL60"},"062E":{"r":"OE-IBH","t":"A320"},"062F":{"r":"OE-IBF","t":"A320"},"063C":{"r":"OE-IRN","t":"GLEX"},"0641":{"r":"OE-GUN","t":"C56X"},"0643":{"r":"OE-GVB","t":"C25B"},"0644":{"r":"OE-IRA","t":"GLEX"},"0648":{"r":"OE-GKA","t":"G150"},"0651":{"r":"OE-IRL","t":"F900"},"0654":{"r":"OE-IRT","t":"GLEX"},"0658":{"r":"OE-GTI","t":"C25C"},"065B":{"r":"OE-LBW","t":"A320"},"065C":{"r":"OE-LBX","t":"A320"},"065F":{"r":"OE-HDT","t":"CL30"},"0665":{"r":"OE-LBI","t":"A320"},"0666":{"r":"OE-LBJ","t":"A320"},"0667":{"r":"OE-LBK","t":"A320"},"0668":{"r":"OE-LBL","t":"A320"},"0669":{"r":"OE-LBM","t":"A320"},"066A":{"r":"OE-GMG","t":"C650"},"066B":{"r":"OE-LEL","t":"A320"},"066D":{"r":"OE-IPD","t":"CL60"},"0674":{"r":"OE-LPN","t":"GLF5"},"0675":{"r":"OE-GDA","t":"C560"},"0685":{"r":"OE-INL","t":"GL5T"},"0688":{"r":"OE-LEY","t":"A320"},"068A":{"r":"OE-EGO","t":"PC12"},"068B":{"r":"OE-IPG","t":"CL60"},"068E":{"r":"OE-FXM","t":"C25A"},"069B":{"r":"OE-IBQ","t":"A320"},"06A0":{"r":"OE-FXE","t":"C25A"},"06A1":{"r":"OE-IBZ","t":"B734"},"06A3":{"r":"OE-IEO","t":"GLEX"},"06A6":{"r":"OE-LPZ","t":"GL5T"},"06AB":{"r":"OE-IEN","t":"F2TH"},"06AD":{"r":"OE-ISF","t":"CRJ2"},"06B1":{"r":"OE-GJL","t":"H25B"},"06BA":{"r":"OE-IBV","t":"A320"},"06C0":{"r":"OE-GGK","t":"C56X"},"06C2":{"r":"OE-GXB","t":"C25C"},"06C3":{"r":"OE-GWB","t":"C25C"},"06CA":{"r":"OE-LOV","t":"A319"},"06CB":{"r":"OE-HEY","t":"F2TH"},"06D1":{"r":"OE-IXX","t":"GL5T"},"06D3":{"r":"OE-HNG","t":"GALX"},"06D9":{"r":"OE-HBG","t":"F2TH"},"06DE":{"r":"OE-LPE","t":"B772"},"06E3":{"r":"OE-IBS","t":"B733"},"070E":{"r":"OE-ICA","t":"GL5T"},"0711":{"r":"OE-GSV","t":"LJ60"},"0720":{"r":"OE-GJP","t":"C25B"},"0725":{"r":"OE-ICT","t":"A320"},"0728":{"r":"OE-FAR","t":"DA42"},"0730":{"r":"OE-LZM","t":"GLF6"},"073F":{"r":"OE-GMD","t":"LJ60"},"0751":{"r":"OE-HCZ","t":"CL30"},"0755":{"r":"OE-LOK","t":"GLF5"},"0760":{"r":"OE-IBW","t":"B734"},"0765":{"r":"OE-HRS","t":"CL35"},"0770":{"r":"OE-IDP","t":"A320"},"0778":{"r":"OE-LGP","t":"DH8D"},"077A":{"r":"OE-LGR","t":"DH8D"},"077E":{"r":"OE-GWS","t":"C56X"},"0786":{"r":"OE-HGM","t":"F2TH"},"0794":{"r":"OE-GEC","t":"LJ75"},"0799":{"r":"OE-HHH","t":"CL30"},"07B9":{"r":"OE-LFB","t":"B752"},"07CD":{"r":"OE-HUG","t":"CL35"},"0809":{"r":"OE-IVG","t":"GLEX"},"0BB7":{"r":"OE-LAW","t":"B763"},"0BB8":{"r":"OE-LAX","t":"B763"},"0C6F":{"r":"OE-HIT","t":"FA50"},"0C71":{"r":"OE-LFG","t":"F70"},"0C7B":{"r":"OE-LFH","t":"F70"},"0C7F":{"r":"OE-LFK","t":"F70"},"0C84":{"r":"OE-LFP","t":"F70"},"0C87":{"r":"OE-LAT","t":"B763"},"0C8C":{"r":"OE-LBA","t":"A321"},"0C8D":{"r":"OE-LBB","t":"A321"},"0C8E":{"r":"OE-LBC","t":"A321"},"0C9B":{"r":"OE-LFQ","t":"F70"},"0C9C":{"r":"OE-LFR","t":"F70"},"0CB4":{"r":"OE-FME","t":"BE30"},"0CC2":{"r":"OE-GBB","t":"D328"},"7D01":{"r":"8T-CB","t":"C130"},"7D02":{"r":"8T-CC","t":"C130"},"8421":{"t":"FA7X"},"8443":{"t":"FA7X"},"8463":{"t":"C25A"},"846F":{"t":"C510"},"8474":{"t":"F900"},"84CD":{"t":"BE9L"},"8525":{"t":"C56X"},"858B":{"t":"R44"},"8598":{"t":"C680"},"85B2":{"t":"C25A"},"8649":{"t":"EC30"},"866C":{"t":"BE20"},"8C83":{"t":"DA40"},"8CA8":{"t":"C56X"},"8CAA":{"t":"C525"},"8CAF":{"t":"R44"},"8D36":{"t":"C25A"},"8D50":{"t":"C414"},"8D98":{"t":"C560"},"8E64":{"t":"DR40"},"9081":{"t":"C25A"},"90C7":{"t":"F2TH"},"90CA":{"t":"M20P"},"9122":{"t":"A30B"},"9123":{"t":"A30B"},"9128":{"t":"A30B"},"912A":{"t":"A30B"},"914A":{"t":"B462"},"914B":{"t":"RJ85"},"914C":{"t":"RJ85"},"914E":{"t":"RJ85"},"914F":{"t":"RJ85"},"9150":{"t":"RJ85"},"9151":{"t":"RJ85"},"9152":{"t":"RJ85"},"9153":{"t":"RJ85"},"9154":{"t":"RJ85"},"9156":{"t":"RJ85"},"9157":{"t":"RJ85"},"9158":{"t":"RJ85"},"9159":{"t":"RJ85"},"915A":{"t":"RJ85"},"9183":{"t":"A30B"},"9184":{"t":"A30B"},"9185":{"t":"A30B"},"9187":{"t":"A30B"},"9189":{"t":"A30B"},"918A":{"t":"B752"},"918E":{"t":"B752"},"9190":{"t":"B752"},"9191":{"t":"B752"},"9194":{"t":"A30B"},"9195":{"t":"A30B"},"9197":{"t":"A30B"},"9202":{"t":"B752"},"9206":{"t":"B752"},"920A":{"t":"B752"},"920B":{"t":"B752"},"920D":{"t":"B752"},"920E":{"t":"B752"},"920F":{"t":"B752"},"92E1":{"t":"RJ1H"},"92E2":{"t":"RJ1H"},"92E3":{"t":"RJ1H"},"92E4":{"t":"RJ1H"},"92E5":{"t":"RJ1H"},"92E6":{"t":"RJ1H"},"92E7":{"t":"RJ1H"},"92E8":{"t":"RJ1H"},"92E9":{"t":"RJ1H"},"92EA":{"t":"RJ1H"},"92EB":{"t":"RJ1H"},"92EC":{"t":"RJ1H"},"9445":{"t":"C56X"},"9496":{"t":"C25B"},"94AA":{"t":"F260"},"94C3":{"t":"SR22"},"9541":{"t":"FA7X"},"9586":{"t":"DA42"},"9589":{"t":"D328"},"95B0":{"t":"B407"},"95E4":{"t":"BE33"},"9615":{"t":"LJ45"},"9644":{"t":"BE76"},"9730":{"t":"EC20"},"9887":{"t":"F2TH"},"998D":{"t":"P28A"},"998E":{"t":"C25A"},"99E9":{"t":"F900"},"9A01":{"t":"C56X"},"9A02":{"t":"C550"},"9A03":{"t":"C25B"},"9A05":{"t":"C25B"},"9A93":{"t":"C56X"},"9B27":{"t":"C550"},"9B33":{"t":"C525"},"9CA5":{"t":"PC12"},"9D05":{"t":"F2TH"},"9D0D":{"t":"PA34"},"9D50":{"t":"E50P"},"9DA3":{"t":"PA34"},"9DAA":{"t":"B350"},"9DAC":{"t":"F2TH"},"9DE1":{"t":"AC90"},"A077":{"t":"AS50"},"A207":{"t":"E50P"},"A210":{"t":"EC20"},"A42C":{"t":"BE9L"},"A485":{"t":"C525"},"A499":{"t":"FA7X"},"A5CE":{"t":"BE20"},"A821":{"t":"B738"},"A822":{"t":"P28A"},"A824":{"t":"B738"},"A826":{"t":"B738"},"A828":{"t":"B738"},"A82D":{"t":"B734"},"A82E":{"t":"B737"},"A82F":{"t":"B737"},"A830":{"t":"B763"},"A831":{"t":"B738"},"A832":{"t":"B737"},"A833":{"t":"B737"},"A834":{"t":"B735"},"A835":{"t":"B738"},"A836":{"t":"B738"},"A838":{"t":"B738"},"A839":{"t":"B738"},"A847":{"t":"B738"},"A856":{"t":"B738"},"A882":{"t":"PA46"},"A88B":{"t":"C525"},"A88C":{"t":"B788"},"A8A2":{"t":"E190"},"A8A6":{"t":"B738"},"A8B4":{"t":"P28A"},"A8D4":{"t":"SR20"},"A96D":{"t":"BE33"},"A98F":{"t":"B738"},"A9F3":{"t":"B737"},"AA14":{"t":"B738"},"AC21":{"t":"BE36"},"AC81":{"t":"SR20"},"AD44":{"t":"LJ45"},"ADAE":{"t":"R44"},"AE43":{"t":"CL60"},"B023":{"t":"BE20"},"B0B4":{"t":"BE20"},"B0CE":{"t":"LJ45"},"B0D3":{"t":"LJ45"},"B125":{"t":"C525"},"B1A7":{"t":"FA7X"},"B28D":{"t":"B733"},"B433":{"t":"E50P"},"B46A":{"t":"R44"},"B476":{"t":"E50P"},"B545":{"t":"B462"},"B587":{"t":"C560"},"B5ED":{"t":"AC11"},"B66E":{"t":"C310"},"B824":{"t":"FA7X"},"B8E9":{"t":"E190"},"B965":{},"B9B5":{"t":"PA46"},"BB46":{"t":"P28A"},"BC61":{"t":"B350"},"BCD0":{"t":"F2TH"},"BE64":{"t":"C25A"},"BE67":{"t":"GALX"},"BE95":{"t":"E50P"},"C069":{"t":"PC12"},"C0E7":{"t":"C56X"},"C102":{"t":"B190"},"C109":{"t":"C525"},"C24D":{"t":"C510"},"C30C":{"t":"P68"},"C82D":{"t":"C510"},"C9E2":{"t":"AC90"},"CC36":{"t":"C56X"},"CC94":{"t":"B350"},"CC95":{"t":"B350"},"CCCD":{"t":"A333"},"CCCE":{"t":"A333"},"CCCF":{"t":"A333"},"CCD5":{"t":"A332"},"CCD6":{"t":"A333"},"CCD7":{"t":"A333"},"CCD9":{"t":"A332"},"CCDA":{"t":"A332"},"CD61":{"t":"C25A"},"CD6D":{"t":"BE20"},"CD70":{"t":"C550"},"CD76":{"t":"C560"},"CD79":{"t":"C25A"},"CD8D":{"t":"C56X"},"CDC1":{"t":"A320"},"CDC2":{"t":"A320"},"CDC3":{"t":"A320"},"CDC4":{"t":"A320"},"CDC6":{"t":"A320"},"CDC7":{"t":"A320"},"CE61":{"t":"A319"},"CE62":{"t":"A319"},"CE63":{"t":"A319"},"CE64":{"t":"A319"},"CE65":{"t":"A319"},"CE66":{"t":"A319"},"CE67":{"t":"A319"},"CE68":{"t":"A319"},"CE6B":{"t":"A319"},"CE6D":{"t":"A319"},"CE6E":{"t":"A319"},"CE70":{"t":"A319"},"CE71":{"t":"A319"},"CE72":{"t":"A319"},"CE75":{"t":"A319"},"CE76":{"t":"A319"},"CE77":{"t":"A319"},"CE85":{"t":"C525"},"D021":{"t":"B463"},"D024":{"t":"B463"},"D025":{"t":"B463"},"D026":{"t":"B463"},"D028":{"t":"B463"},"D02A":{"t":"B463"},"D02B":{"t":"B463"},"D031":{"t":"B462"},"D032":{"t":"B462"},"D033":{"t":"B463"},"D035":{"t":"B462"},"D037":{"t":"B462"},"D039":{"t":"B462"},"D03A":{"t":"B462"},"D04D":{"t":"TBM7"},"D068":{"t":"A320"},"D069":{"t":"A320"},"D06A":{"t":"A320"},"D06E":{"t":"A320"},"D06F":{"t":"A320"},"D070":{"t":"A320"},"D072":{"t":"A320"},"D073":{"t":"A319"},"D0C1":{"t":"B752"},"D101":{"t":"B744"},"D102":{"t":"B744"},"D103":{"t":"B744"},"D104":{"t":"B744"},"D182":{"t":"DA42"},"D1C1":{"t":"B733"},"D1C2":{"t":"B733"},"D1C3":{"t":"B733"},"D1C5":{"t":"B733"},"D1C6":{"t":"B733"},"D1C7":{"t":"B733"},"D1C8":{"t":"B737"},"D1C9":{"t":"B737"},"D1CA":{"t":"B733"},"D1CB":{"t":"B733"},"D1CC":{"t":"B733"},"D1CE":{"t":"B734"},"D1CF":{"t":"B734"},"D1D0":{"t":"B734"},"D1D1":{"t":"B734"},"D1E9":{"t":"FA7X"},"D261":{"t":"B77L"},"D262":{"t":"B77L"},"D263":{"t":"B77L"},"D2A3":{"t":"B763"},"D2A7":{"t":"PA25"},"D342":{"t":"A30B"},"D344":{"t":"A30B"},"D823":{"t":"B738"},"D833":{"t":"B738"},"D852":{"t":"B734"},"D86C":{"t":"C152"},"D876":{"t":"C177"},"D8A7":{"t":"B733"},"D8A8":{"t":"B733"},"D8AA":{"t":"B734"},"D8AB":{"t":"B734"},"D8AE":{"t":"B733"},"D8B0":{"t":"B734"},"D8B3":{"t":"B734"},"D8B4":{"t":"B734"},"D8B8":{"t":"B733"},"D916":{},"D985":{"t":"F50"},"D986":{"t":"F50"},"D989":{"t":"F50"},"D98A":{"t":"F50"},"D98B":{"t":"F50"},"D98C":{"t":"F50"},"D98D":{"t":"F50"},"D98E":{"t":"F50"},"D98F":{"t":"F50"},"D990":{"t":"F50"},"D991":{"t":"F50"},"D992":{"t":"F50"},"D993":{"t":"F50"},"D996":{"t":"F50"},"D998":{"t":"F50"},"D999":{"t":"F50"},"D99A":{"t":"F50"},"D9A9":{"t":"F900"},"DA4F":{"t":"F2TH"},"DC32":{"t":"P28A"},"E193":{"t":"C56X"},"E9C2":{"t":"GLID"},"F022":{"r":"FB-12","t":"F16"},"F024":{"r":"FB-14","t":"F16"},"F027":{"r":"FB-17","t":"F16"},"F041":{"r":"FB-21","t":"F16"},"F103":{"r":"FA-83","t":"F16"},"F104":{"r":"FA-84","t":"F16"},"F106":{"r":"FA-86","t":"F16"},"F109":{"r":"FA-89","t":"F16"},"F121":{"r":"FA-91","t":"F16"},"F125":{"r":"FA-95","t":"F16"},"F160":{"r":"FA-110","t":"F16"},"F188":{"r":"FA-128","t":"F16"},"F421":{"r":"CH-01","t":"C130"},"F423":{"r":"CH-03","t":"C130"},"F424":{"r":"CH-04","t":"C130"},"F425":{"r":"CH-05","t":"C130"},"F427":{"r":"CH-07","t":"C130"},"F428":{"r":"CH-08","t":"C130"},"F429":{"r":"CH-09","t":"C130"},"F42A":{"r":"CH-10","t":"C130"},"F42B":{"r":"CH-11","t":"C130"},"F42C":{"r":"CH-12","t":"C130"},"F42E":{"r":"CH-13","t":"C130"},"F481":{"r":"CD-01","t":"F900"},"F4A1":{"r":"CE-01","t":"E135"},"F4A2":{"r":"CE-02","t":"E135"},"F4A3":{"r":"CE-03","t":"E145"},"F4A4":{"r":"CE-04","t":"E145"},"F501":{"r":"CA-01","t":"A310"},"F502":{"r":"CA-02","t":"A310"},"F5A1":{"r":"CM-01","t":"FA20"},"F5A2":{"r":"CM-02","t":"FA20"},"F649":{"r":"H-35","t":"A109"},"F670":{"r":"ST-27","t":"F260"}}