{"1C0D":{"r":"LZ-TRH","t":"LJ60"},"1C24":{"r":"LZ-ASP","t":"P180"},"1C29":{"r":"LZ-VBD","t":"CL60"},"1C30":{"r":"LZ-FIA","t":"GLF5"},"1C31":{"r":"LZ-YUR","t":"CL60"},"1C32":{"r":"LZ-FNB","t":"C25A"},"1C34":{"r":"LZ-GMV","t":"C550"},"1C35":{"r":"LZ-FNA","t":"C525"},"1C36":{"r":"LZ-YUP","t":"CL60"},"1C3E":{"r":"LZ-DIN","t":"C525"},"1C42":{"r":"LZ-OOI","t":"F2TH"},"1C48":{"r":"LZ-BHD","t":"A320"},"1C61":{"r":"LZ-ABV","t":"C550"},"1C67":{"r":"LZ-FIB","t":"GALX"},"1C6C":{"r":"LZ-BVV","t":"LJ60"},"1C72":{"r":"LZ-YUN","t":"CL60"},"1C78":{"r":"LZ-BVE","t":"LJ60"},"1CC1":{"r":"LZ-PLO","t":"E190"},"1CC2":{"r":"LZ-ABR","t":"AN26"},"1D85":{"r":"LZ-SOF","t":"E190"},"1D86":{"r":"LZ-VAR","t":"E190"},"1D87":{"r":"LZ-BHG","t":"A320"},"1D88":{"r":"LZ-BHH","t":"A320"},"1D8C":{"r":"LZ-BUR","t":"E190"},"1D8F":{"r":"LZ-EVB","t":"PRM1"},"1D99":{"r":"LZ-CGS","t":"B734"},"1DA0":{"r":"LZ-AWA","t":"A332"},"1DA8":{"r":"LZ-FLL","t":"AN26"},"1DB0":{"r":"LZ-BHI","t":"A320"},"1E1F":{"r":"LZ-BOQ","t":"B735"},"1E21":{"r":"LZ-BOT","t":"B733"},"1E22":{"r":"LZ-HVB","t":"B733"},"1E23":{"r":"LZ-BOU","t":"B733"},"1E24":{"r":"LZ-BOV","t":"B733"},"1E25":{"r":"LZ-BOW","t":"B733"},"1E27":{"r":"LZ-CGO","t":"B733"},"1E28":{"r":"LZ-CGP","t":"B733"},"1E29":{"r":"LZ-CGQ","t":"B733"},"1E2B":{"r":"LZ-CGR","t":"B734"},"1E81":{"r":"LZ-BHB","t":"A320"},"1E82":{"r":"LZ-BHC","t":"A320"},"1E83":{"r":"LZ-WZA","t":"A320"},"1E84":{"r":"LZ-MDA","t":"A320"},"1E85":{"r":"LZ-MDM","t":"A320"},"1E86":{"r":"LZ-MDT","t":"A320"},"1E87":{"r":"LZ-BHE","t":"A320"},"1E89":{"r":"LZ-MDB","t":"A320"},"1E8A":{"r":"LZ-WZB","t":"A320"},"1E8B":{"r":"LZ-FBA","t":"A319"},"1E8C":{"r":"LZ-FBB","t":"A319"},"1E8D":{"r":"LZ-FBC","t":"A320"},"1E8E":{"r":"LZ-FBD","t":"A320"},"1E8F":{"r":"LZ-FBF","t":"A319"},"1E90":{"r":"LZ-FBE","t":"A320"},"1E91":{"r":"LZ-AOA","t":"A319"},"1E92":{"r":"LZ-AOB","t":"A319"},"1E93":{"r":"LZ-MDC","t":"A320"},"1E94":{"r":"LZ-MDD","t":"A320"},"1E95":{"r":"LZ-WZC","t":"A320"},"1E96":{"r":"LZ-BHF","t":"A320"},"1E97":{"r":"LZ-MDR","t":"A320"},"1E98":{"r":"LZ-WOW","t":"A320"},"1F04":{"r":"LZ-LDK","t":"MD82"},"1F06":{"r":"LZ-LDC","t":"MD82"},"1F0F":{"r":"LZ-LDP","t":"MD82"},"1F85":{"r":"LZ-HBE","t":"B463"},"1F89":{"r":"LZ-TIM","t":"RJ70"},"1F8A":{"r":"LZ-BPS","t":"ATP"},"860D":{"t":"GLF4"},"8906":{"t":"PA31"},"8A9A":{"t":"PA31"},"8AD7":{"t":"BE20"},"8C6A":{"t":"LJ35"},"8CB6":{"t":"C500"},"8D14":{"t":"AT43"},"8D2A":{"t":"AT45"},"8D2B":{"t":"AT45"},"8D2C":{"t":"AT45"},"8D2E":{"t":"AT72"},"8D32":{"t":"AT43"},"8D35":{},"8D4E":{"t":"BE40"},"8D66":{"t":"F2TH"},"8D68":{"t":"F2TH"},"8D69":{"t":"F2TH"},"8D6A":{"t":"C560"},"8D6B":{"t":"C56X"},"8D6E":{"t":"F2TH"},"8D70":{"t":"BE20"},"8D73":{"t":"BN2P"},"8D74":{"t":"C560"},"8D8E":{"t":"F2TH"},"8D90":{"t":"C650"},"8D93":{"t":"FA7X"},"8F36":{"t":"C550"},"90C4":{"t":"M20P"},"9156":{"t":"P68"},"9490":{"t":"C650"},"9544":{"t":"F2TH"},"9563":{"t":"FA7X"},"9573":{"t":"CL30"},"96CF":{"t":"C550"},"9934":{"t":"GL5T"},"9AEF":{"t":"FA7X"},"9C42":{"t":"CL60"},"9CA6":{"t":"BE20"},"9D63":{"t":"C56X"},"9D6A":{"t":"F2TH"},"9E4E":{"t":"A332"},"9E61":{"t":"PC12"},"9E62":{"t":"PC12"},"9EC7":{"t":"GLF4"},"9EC9":{"t":"GL5T"},"9EEB":{"t":"F2TH"},"A142":{"t":"EC55"},"A587":{"t":"GLEX"},"A6CB":{"t":"F900"},"A829":{"t":"C500"},"A84A":{"t":"H25B"},"A885":{"t":"FA7X"},"A941":{"t":"H25B"},"A942":{"t":"J328"},"A94F":{"t":"BE40"},"A9A3":{"t":"C525"},"AA0A":{"t":"C650"},"AA55":{"t":"MD87"},"AA59":{},"AA81":{"t":"B733"},"AA82":{"t":"B733"},"AA83":{"t":"B733"},"AA84":{"t":"B733"},"AA85":{"t":"B733"},"AA86":{"t":"B733"},"AA88":{"t":"B733"},"AA89":{"t":"B734"},"AA8A":{"t":"B733"},"AA8B":{"t":"B734"},"AA8C":{"t":"B734"},"AA8D":{"t":"B734"},"AA93":{"t":"B737"},"AA94":{"t":"B737"},"AA95":{"t":"B737"},"AA96":{"t":"B737"},"AA97":{"t":"B737"},"AA99":{"t":"B737"},"AA9A":{"t":"B737"},"AC2C":{"t":"A320"},"AC2D":{"t":"A320"},"AC2E":{"t":"A320"},"AC2F":{"t":"A320"},"AC30":{"t":"A320"},"AC32":{"t":"A320"},"AC33":{"t":"A320"},"AC34":{"t":"A320"},"AC35":{"t":"A320"},"AC37":{"t":"A320"},"AC39":{"t":"A320"},"AC41":{"t":"A343"},"AC42":{"t":"A321"},"AC43":{"t":"A343"},"AC44":{"t":"A343"},"AC45":{"t":"A321"},"AC46":{"t":"A321"},"AC48":{"t":"A321"},"AC49":{"t":"A343"},"AC4B":{"t":"A321"},"AC4C":{"t":"A321"},"AC4D":{"t":"A343"},"AC4E":{"t":"A333"},"AC4F":{"t":"A319"},"AC50":{"t":"A319"},"AC52":{"t":"A319"},"AC54":{"t":"A319"},"ACC1":{"t":"CRJ9"},"ACC2":{"t":"CRJ9"},"ACC3":{"t":"CRJ9"},"ACC4":{"t":"CRJ9"},"ACC5":{"t":"CRJ9"},"ACC6":{"t":"CRJ9"},"ACC7":{"t":"CRJ9"},"ACC8":{"t":"CRJ9"},"ACC9":{"t":"CRJ9"},"ACCB":{"t":"CRJ9"},"ACCC":{"t":"CRJ9"},"ACF4":{"t":"MD82"},"AD03":{"t":"MD82"},"AD05":{"t":"MD82"},"AD07":{"t":"MD82"},"AD0D":{"t":"MD82"},"AD0E":{"t":"MD81"},"AD10":{"t":"MD81"},"AD15":{"t":"MD87"},"AD73":{"t":"B736"},"AD87":{"t":"C560"},"AED0":{"t":"LJ45"},"B0E9":{"t":"GLEX"},"B103":{"t":"AT73"},"B14A":{"t":"LJ45"},"B1C1":{"t":"GLEX"},"B215":{"t":"C510"},"B2AB":{"t":"GLEX"},"B449":{"t":"CRJ2"},"B44A":{"t":"CRJ2"},"B454":{"t":"CRJ2"},"B4AE":{"t":"B350"},"B4EF":{"t":"F2TH"},"B501":{"t":"F2TH"},"B50D":{"t":"FA7X"},"B524":{"t":"PC12"},"B5AD":{"t":"CL60"},"B645":{"t":"B737"},"B646":{"t":"B737"},"B647":{"t":"B737"},"B648":{"t":"B737"},"B653":{"t":"B737"},"B655":{"t":"B737"},"B669":{"t":"GLEX"},"B824":{"t":"CL60"},"B833":{"t":"SR22"},"B864":{"t":"D328"},"B865":{"t":"D328"},"B86C":{"t":"J328"},"B86D":{"t":"J328"},"B86E":{"t":"J328"},"B86F":{"t":"J328"},"B870":{"t":"J328"},"B872":{"t":"J328"},"B874":{"t":"J328"},"B875":{"t":"J328"},"B890":{"t":"C25A"},"B956":{"t":"PA31"},"B981":{"t":"C650"},"B9C1":{"t":"CRJ2"},"BA02":{"t":"SW4"},"BA04":{"t":"SW4"},"BA05":{"t":"SW4"},"BA95":{"t":"B737"},"BD6B":{"t":"F900"},"C06D":{"t":"BE9L"},"C10B":{"t":"P28A"},"C1CF":{"t":"F2TH"},"C213":{"t":"PA34"},"C261":{"t":"B738"},"C262":{"t":"B738"},"C263":{"t":"B738"},"C264":{"t":"B738"},"C265":{"t":"B738"},"C266":{"t":"B737"},"C267":{"t":"B737"},"C268":{"t":"B738"},"C2EF":{"t":"P180"},"C821":{"t":"H25B"},"C861":{"t":"B462"},"C862":{"t":"B462"},"C863":{"t":"RJ1H"},"C864":{"t":"RJ85"},"C865":{"t":"RJ85"},"C867":{"t":"A319"},"C868":{"t":"A319"},"C869":{"t":"A319"},"C877":{"t":"B462"},"C941":{"t":"CRJ2"},"C942":{"t":"CRJ2"},"C943":{"t":"CRJ2"},"C944":{"t":"CRJ2"},"C945":{"t":"CRJ2"},"C946":{"t":"CRJ2"},"C947":{"t":"CRJ2"},"C948":{"t":"CRJ2"},"C949":{"t":"CRJ2"},"C94A":{"t":"CRJ2"},"CA65":{"t":"PC12"},"CA83":{"t":"AT72"},"CA86":{"t":"AT72"},"CAA2":{"t":"AT72"},"CAA4":{"t":"AT72"},"CAA5":{"t":"MD83"},"CC69":{"t":"PC12"},"CCE3":{"t":"GL5T"},"CD32":{"t":"F2TH"},"CD6C":{"t":"F2TH"},"CDAC":{"t":"C525"},"CDCB":{"t":"F2TH"},"CDD5":{"t":"SR22"},"CDDA":{"t":"FA7X"},"CE46":{"t":"B762"},"CE47":{"t":"B762"},"CE48":{"t":"B762"},"CE49":{"t":"B762"},"CE4A":{"t":"B762"},"CE4B":{"t":"B762"},"CE4C":{"t":"B762"},"CE4D":{"t":"B762"},"CE4E":{"t":"B762"},"CE4F":{"t":"B762"},"CE50":{"t":"B762"},"CE53":{"t":"B763"},"CEAE":{"t":"C402"},"CEEF":{"t":"F2TH"},"D064":{"t":"A321"},"D065":{"t":"A321"},"D066":{"t":"A321"},"D067":{"t":"A321"},"D068":{"t":"A321"},"D069":{"t":"A321"},"D081":{"t":"B738"},"D082":{"t":"B738"},"D09A":{"t":"B737"},"D146":{"t":"F2TH"},"D190":{"t":"P180"},"D261":{"t":"C25B"},"D2EF":{"t":"PC12"},"D461":{"t":"C25A"},"D8A7":{"t":"CRJ2"},"D8E1":{"t":"CRJ2"},"D92B":{"t":"FA7X"},"D93A":{"t":"GL5T"},"D961":{"t":"A321"},"D962":{"t":"A321"},"D963":{"t":"A321"},"D964":{"t":"A321"},"D965":{"t":"A321"},"D966":{"t":"A332"},"D967":{"t":"A333"},"D968":{"t":"A333"},"D969":{"t":"A333"},"D96D":{"t":"A320"},"D973":{"t":"A320"},"D974":{"t":"A321"},"DCB4":{"t":"C680"},"DD2E":{"t":"GLEX"},"EAEF":{"t":"F2TH"},"F422":{"r":"C-080","t":"CL60"},"F424":{"r":"C-168","t":"CL60"},"F425":{"r":"C-172","t":"CL60"},"F428":{"r":"B-536","t":"C30J"},"F429":{"r":"B-537","t":"C30J"},"F42A":{"r":"B-538","t":"C30J"},"F42B":{"r":"B-583","t":"C30J"},"F42D":{"r":"M-516","t":"EH10"}}