{"0042":{"r":"HA-ACO","t":"D28T"},"0D42":{"r":"HA-FAO","t":"SW4"},"134D":{"r":"HA-HIB","t":"D28D"},"161A":{"r":"HA-LOA","t":"B737"},"161B":{"r":"HA-LOB","t":"B737"},"161C":{"r":"HA-LOC","t":"B738"},"161D":{"r":"HA-LOD","t":"B736"},"161E":{"r":"HA-LOE","t":"B736"},"161F":{"r":"HA-LOF","t":"B736"},"1620":{"r":"HA-LOG","t":"B736"},"1621":{"r":"HA-LOH","t":"B738"},"1622":{"r":"HA-LOI","t":"B736"},"1623":{"r":"HA-LOJ","t":"B736"},"1624":{"r":"HA-LOK","t":"B738"},"1625":{"r":"HA-LOL","t":"B737"},"1626":{"r":"HA-LOM","t":"B738"},"1627":{"r":"HA-LON","t":"B736"},"1628":{"r":"HA-LOP","t":"B737"},"1629":{"r":"HA-LOR","t":"B737"},"162A":{"r":"HA-LOS","t":"B737"},"162B":{"r":"HA-LOU","t":"B738"},"1801":{"r":"HA-FAB","t":"F27"},"1803":{"r":"HA-FAD","t":"F27"},"1807":{"r":"HA-FAF","t":"F27"},"1808":{"r":"HA-FAH","t":"F27"},"180C":{"r":"HA-FAJ","t":"B190"},"180E":{"r":"HA-FAM","t":"B190"},"182E":{"r":"HA-JEC","t":"C650"},"1839":{"r":"HA-JEN","t":"C650"},"1C03":{"r":"HA-LKC","t":"B738"},"1D8A":{"r":"HA-LEW","t":"B732"},"1E11":{"r":"HA-LKB","t":"B738"},"1E14":{"r":"HA-LKE","t":"B738"},"1E16":{"r":"HA-LKG","t":"B738"},"1EA4":{"r":"HA-LPS","t":"A320"},"1EA5":{"r":"HA-LPT","t":"A320"},"1EA6":{"r":"HA-LPU","t":"A320"},"1EA7":{"r":"HA-LPV","t":"A320"},"1EA8":{"r":"HA-LPW","t":"A320"},"1EA9":{"r":"HA-LPX","t":"A320"},"1EAA":{"r":"HA-LPY","t":"A320"},"1EAB":{"r":"HA-LPZ","t":"A320"},"1F48":{"r":"HA-LWA","t":"A320"},"1F49":{"r":"HA-LWB","t":"A320"},"1F4A":{"r":"HA-LWC","t":"A320"},"1F4B":{"r":"HA-LWD","t":"A320"},"1F4C":{"r":"HA-LWE","t":"A320"},"1F4D":{"r":"HA-LWF","t":"A320"},"1F4E":{"r":"HA-LWG","t":"A320"},"1F4F":{"r":"HA-LWH","t":"A320"},"1F50":{"r":"HA-LWI","t":"A320"},"1F51":{"r":"HA-LWJ","t":"A320"},"1F52":{"r":"HA-LWK","t":"A320"},"1F53":{"r":"HA-LWL","t":"A320"},"1F54":{"r":"HA-LWM","t":"A320"},"1F55":{"r":"HA-LWN","t":"A320"},"1F56":{"r":"HA-LWO","t":"A320"},"1F57":{"r":"HA-LWP","t":"A320"},"1F58":{"r":"HA-LWQ","t":"A320"},"1F59":{"r":"HA-LWR","t":"A320"},"1F5A":{"r":"HA-LWS","t":"A320"},"1F5B":{"r":"HA-LWT","t":"A320"},"1F5C":{"r":"HA-LWU","t":"A320"},"1F5D":{"r":"HA-LWV","t":"A320"},"1F5F":{"r":"HA-LWX","t":"A320"},"1F60":{"r":"T7-MRD","t":"A320"},"1F61":{"r":"HA-LWZ","t":"A320"},"1F7C":{"r":"HA-LYA","t":"A320"},"1F7D":{"r":"HA-LYB","t":"A320"},"1F7E":{"r":"HA-LYC","t":"A320"},"1F7F":{"r":"HA-LYD","t":"A320"},"1F80":{"r":"HA-LYE","t":"A320"},"1F81":{"r":"HA-LYF","t":"A320"},"1F82":{"r":"HA-LYG","t":"A320"},"1F83":{"r":"HA-LYH","t":"A320"},"1F84":{"r":"HA-LYI","t":"A320"},"1F85":{"r":"HA-LYJ","t":"A320"},"1F86":{"r":"HA-LYK","t":"A320"},"1F87":{"r":"HA-LYL","t":"A320"},"1F88":{"r":"HA-LYM","t":"A320"},"1F89":{"r":"HA-LYN","t":"A320"},"1F8A":{"r":"HA-LYO","t":"A320"},"1F8B":{"r":"HA-LYP","t":"A320"},"1F8C":{"r":"HA-LYQ","t":"A320"},"1F8F":{"r":"HA-LYT","t":"A320"},"2001":{"r":"HA-TCN","t":"AN26"},"2004":{"r":"HA-TCT","t":"AN26"},"2005":{"r":"HA-TCO","t":"AN26"},"2006":{"r":"HA-TCM","t":"AN26"},"2401":{"r":"HA-LKN","t":"F900"},"2887":{"r":"HA-PJB","t":"GAZL"},"303E":{"r":"HA-SHA","t":"B735"},"30C3":{"r":"HA-SMD"},"3232":{"r":"HA-TAG","t":"SF34"},"3401":{"r":"HA-LPA","t":"A320"},"3402":{"r":"HA-LPB","t":"A320"},"3403":{"r":"HA-LPC","t":"A320"},"3404":{"r":"HA-LPD","t":"A320"},"3405":{"r":"HA-LPE","t":"A320"},"3406":{"r":"HA-LPF","t":"A320"},"3408":{"r":"HA-LPH","t":"A320"},"3409":{"r":"HA-LPI","t":"A320"},"340A":{"r":"HA-LPJ","t":"A320"},"340B":{"r":"HA-LPK","t":"A320"},"340C":{"r":"HA-LPL","t":"A320"},"340D":{"r":"HA-LPM","t":"A320"},"340E":{"r":"HA-LPN","t":"A320"},"340F":{"r":"HA-LPO","t":"A320"},"3410":{"r":"HA-LPQ","t":"A320"},"3411":{"r":"HA-LPR","t":"A320"},"3601":{"r":"HA-YAJ","t":"YK18"},"38E2":{"r":"HA-VOC","t":"D28T"},"3B2E":{"r":"HA-WKS","t":"ALO2"},"3B35":{"r":"HA-WKZ","t":"ALO2"},"3C0B":{"r":"40","t":"SB39"},"3F61":{"r":"HA-YAB","t":"YK18"},"3F99":{"r":"HA-YDF","t":"SM92"},"3FEB":{"r":"HA-YFJ","t":"BE40"},"4004":{"r":"HA-YFE","t":"MU30"},"5001":{"r":"HA-TAD","t":"SF34"},"5002":{"r":"HA-TAB","t":"SF34"},"7FF1":{"r":"08-0001","t":"C17"},"7FF2":{"r":"02","t":"C17"},"7FF3":{"r":"03","t":"C17"},"7FFE":{"r":"603","t":"AN26"},"7FFF":{"r":"407","t":"AN26"},"8005":{"r":"LN-BRE","t":"B734"},"800A":{"r":"LN-BRG","t":"F900"},"800B":{"r":"LN-BRH","t":"B735"},"800C":{"r":"LN-BRI","t":"B734"},"8010":{"r":"LN-RML","t":"MD82"},"8011":{"r":"LN-RMM","t":"MD81"},"8012":{"r":"LN-BRJ","t":"B735"},"8013":{"r":"LN-BRK","t":"B735"},"8014":{"r":"LN-BRM","t":"B735"},"8016":{"r":"LN-BRO","t":"B735"},"801A":{"r":"LN-RMO","t":"MD81"},"801C":{"r":"LN-RMR","t":"MD81"},"801D":{"r":"LN-RMS","t":"MD81"},"801E":{"r":"LN-RMT","t":"MD81"},"801F":{"r":"LN-BRQ","t":"B734"},"8020":{"r":"LN-BRR","t":"B735"},"8021":{"r":"LN-BRS","t":"B735"},"8024":{"r":"LN-BRV","t":"B735"},"8028":{"r":"LN-BRX","t":"B735"},"8034":{"r":"LN-BUC","t":"B735"},"8036":{"r":"LN-RLE","t":"MD82"},"8037":{"r":"LN-RLF","t":"MD82"},"803B":{"r":"LN-RLR","t":"MD82"},"8040":{"r":"LN-RMD","t":"MD82"},"8053":{"r":"LN-OQJ","t":"S92"},"805C":{"r":"LN-BUE","t":"B735"},"805D":{"r":"LN-BUD","t":"B735"},"8064":{"r":"LN-BUF","t":"B734"},"8065":{"r":"LN-BUG","t":"B735"},"806D":{"r":"LN-RPA","t":"B736"},"806E":{"r":"LN-RPB","t":"B736"},"8075":{"r":"LN-TUA","t":"B737"},"8079":{"r":"LN-TUD","t":"B737"},"807B":{"r":"LN-TUF","t":"B737"},"809E":{"r":"LN-WFH","t":"DH8C"},"80A2":{"r":"LN-RPG","t":"B736"},"80A9":{"r":"LN-RPE","t":"B736"},"80AA":{"r":"LN-RPF","t":"B736"},"80AE":{"r":"LN-RDD","t":"DH8D"},"80AF":{"r":"LN-RPH","t":"B736"},"80B4":{"r":"LN-KKA","t":"B733"},"80B5":{"r":"LN-KKD","t":"B733"},"80B6":{"r":"LN-KKE","t":"B733"},"80BA":{"r":"LN-WFS","t":"DH8C"},"80BC":{"r":"LN-TUH","t":"B737"},"80BD":{"r":"LN-TUI","t":"B737"},"80BF":{"r":"LN-RPJ","t":"B737"},"80C0":{"r":"LN-RPK","t":"B737"},"8115":{"r":"5601","t":"C30J"},"8116":{"r":"5629","t":"C30J"},"8117":{"r":"5699","t":"C30J"},"8120":{"r":"041","t":"FA20"},"8121":{"r":"053","t":"FA20"},"8122":{"r":"0125","t":"FA20"},"831E":{"r":"LN-RPW","t":"B736"},"831F":{"r":"LN-RPX","t":"B736"},"8320":{"r":"LN-RPY","t":"B736"},"8321":{"r":"LN-RPZ","t":"B736"},"8322":{"r":"LN-ROM","t":"MD81"},"8325":{"r":"LN-ROP","t":"MD82"},"8327":{"r":"LN-ROS","t":"MD82"},"8328":{"r":"LN-ROT","t":"MD82"},"8329":{"r":"LN-ROU","t":"MD82"},"832B":{"r":"LN-ROX","t":"MD82"},"832C":{"r":"LN-ROY","t":"MD82"},"8340":{"r":"LN-RDV","t":"DH8D"},"8341":{"r":"LN-RPU","t":"B736"},"834A":{"r":"LN-TUJ","t":"B737"},"834B":{"r":"LN-TUK","t":"B737"},"834C":{"r":"LN-RPS","t":"B736"},"834D":{"r":"LN-RPT","t":"B736"},"834E":{"r":"LN-RPL","t":"B738"},"834F":{"r":"LN-RPM","t":"B738"},"8350":{"r":"LN-RPN","t":"B738"},"8351":{"r":"LN-RPO","t":"B738"},"8353":{"r":"LN-RPR","t":"B738"},"8354":{"r":"LN-RCN","t":"B738"},"835B":{"r":"LN-RCT","t":"B736"},"835C":{"r":"LN-RCU","t":"B736"},"835E":{"r":"LN-RCW","t":"B736"},"8366":{"r":"LN-RNL","t":"CRJ9"},"8368":{"r":"LN-RCX","t":"B738"},"8369":{"r":"LN-RCY","t":"B738"},"836A":{"r":"LN-RCZ","t":"B738"},"836C":{"r":"LN-RRZ","t":"B736"},"836D":{"r":"LN-RRX","t":"B736"},"836E":{"r":"LN-RRY","t":"B736"},"8370":{"r":"LN-TUL","t":"B737"},"8371":{"r":"LN-TUM","t":"B737"},"8378":{"r":"LN-RKF","t":"A343"},"8379":{"r":"LN-RKG","t":"A343"},"837A":{"r":"LN-RRS","t":"B738"},"837B":{"r":"LN-RRT","t":"B738"},"8381":{"r":"LN-RRU","t":"B738"},"8384":{"r":"LN-SUN","t":"CL60"},"8386":{"r":"LN-RKH","t":"A333"},"8387":{"r":"LN-RKI","t":"A321"},"8388":{"r":"LN-RKK","t":"A321"},"838D":{"r":"LN-KKF","t":"B733"},"838E":{"r":"LN-KKG","t":"B733"},"838F":{"r":"LN-KKH","t":"B733"},"8390":{"r":"LN-KKI","t":"B733"},"8391":{"r":"LN-KKJ","t":"B733"},"8392":{"r":"LN-KKL","t":"B733"},"8396":{"r":"LN-RRO","t":"B736"},"8397":{"r":"LN-RRP","t":"B736"},"8398":{"r":"LN-RRR","t":"B736"},"839D":{"r":"LN-RRN","t":"B737"},"83A3":{"r":"LN-KKM","t":"B733"},"83A4":{"r":"LN-KKN","t":"B733"},"83A6":{"r":"LN-SUV","t":"C550"},"83A8":{"r":"LN-RRM","t":"B737"},"83B3":{"r":"LN-KKO","t":"B733"},"83B4":{"r":"LN-KKP","t":"B733"},"83B5":{"r":"LN-KKQ","t":"B733"},"83CD":{"r":"LN-RNN","t":"B737"},"83CF":{"r":"LN-RNO","t":"B737"},"83F1":{"r":"LN-KKR","t":"B733"},"83F6":{"r":"LN-AEY","t":"PA31"},"840B":{"r":"LN-RRK","t":"B738"},"840C":{"r":"LN-RRL","t":"B738"},"840D":{"r":"LN-RRW","t":"B738"},"8423":{"r":"LN-KKS","t":"B733"},"842A":{"r":"LN-FAN","t":"JS32"},"8436":{"r":"LN-KKU","t":"B733"},"8437":{"r":"LN-KKV","t":"B733"},"8448":{"r":"LN-KKW","t":"B733"},"844A":{"r":"LN-KKX","t":"B733"},"844C":{"r":"LN-ESA","t":"H25B"},"8451":{"r":"LN-KKY","t":"B733"},"845D":{"r":"LN-KKT","t":"B733"},"8461":{"r":"LN-KKZ","t":"B733"},"8471":{"r":"LN-LTA","t":"BE20"},"8472":{"r":"LN-KKB","t":"B733"},"8473":{"r":"LN-KKC","t":"B733"},"8479":{"r":"LN-IDA","t":"BE20"},"8480":{"r":"LN-NOB","t":"B738"},"8481":{"r":"LN-NOC","t":"B738"},"8483":{"r":"LN-AKR","t":"F900"},"848E":{"r":"LN-SSS","t":"C680"},"84A0":{"r":"LN-RRA","t":"B737"},"84A1":{"r":"LN-RRB","t":"B737"},"84AD":{"r":"LN-WDE","t":"DH8D"},"84B0":{"r":"LN-MMM","t":"BE20"},"84B3":{"r":"LN-HOT","t":"C25B"},"84BC":{"r":"LN-RRC","t":"B736"},"84BD":{"r":"LN-RRD","t":"B736"},"84BE":{"r":"LN-NOH","t":"B738"},"84BF":{"r":"LN-NOG","t":"B738"},"84C0":{"r":"LN-NOF","t":"B738"},"84C1":{"r":"LN-NOE","t":"B738"},"84C2":{"r":"LN-NOD","t":"B738"},"84C3":{"r":"LN-LYY","t":"PAY4"},"84DC":{"r":"LN-IDB","t":"C560"},"84E2":{"r":"LN-SOV","t":"C680"},"84E4":{"r":"LN-RYG","t":"C525"},"84E7":{"r":"LN-RRG","t":"B738"},"84E8":{"r":"LN-RRF","t":"B738"},"84E9":{"r":"LN-RRE","t":"B738"},"84EE":{"r":"LN-KHC","t":"B733"},"84EF":{"r":"LN-KHB","t":"B733"},"84F0":{"r":"LN-KHA","t":"B733"},"8511":{"r":"LN-WDW","t":"DH8D"},"8513":{"r":"LN-WDU","t":"DH8D"},"8530":{"r":"LN-AWD","t":"B350"},"8533":{"r":"LN-DYG","t":"B738"},"8534":{"r":"LN-DYF","t":"B738"},"8535":{"r":"LN-DYE","t":"B738"},"8536":{"r":"LN-DYD","t":"B738"},"8537":{"r":"LN-DYC","t":"B738"},"8538":{"r":"LN-DYB","t":"B738"},"8539":{"r":"LN-DYA","t":"B738"},"853A":{"r":"LN-NOJ","t":"B738"},"853B":{"r":"LN-NOI","t":"B738"},"8563":{"r":"LN-FIX","t":"BE20"},"856D":{"r":"LN-BAB","t":"B350"},"858C":{"r":"LN-PLH","t":"C182"},"85BD":{"r":"LN-WDK","t":"DH8D"},"85C1":{"r":"LN-WDG","t":"DH8D"},"85DF":{"r":"LN-NOQ","t":"B738"},"85E0":{"r":"LN-NOP","t":"B738"},"85E1":{"r":"LN-NOO","t":"B738"},"85E2":{"r":"LN-NOL","t":"B738"},"85E3":{"r":"LN-NON","t":"B738"},"85E4":{"r":"LN-NOM","t":"B738"},"8662":{"r":"LN-NOS","t":"B738"},"8690":{"r":"LN-RRH","t":"B738"},"8698":{"r":"LN-RNW","t":"B737"},"8699":{"r":"LN-RNU","t":"B737"},"869A":{"r":"LN-RRJ","t":"B738"},"86DD":{"r":"LN-NOT","t":"B738"},"86FC":{"r":"LN-NOU","t":"B738"},"86FD":{"r":"LN-NOV","t":"B738"},"870C":{"r":"LN-ONG","t":"EC25"},"8717":{"r":"LN-OJB","t":"EC25"},"8718":{"r":"LN-KHD","t":"B738"},"8719":{"r":"LN-OJC","t":"EC25"},"871A":{"r":"LN-NOX","t":"B738"},"871B":{"r":"LN-NOW","t":"B738"},"8722":{"r":"LN-OJD","t":"EC25"},"8731":{"r":"LN-DYI","t":"B738"},"8732":{"r":"LN-DYH","t":"B738"},"8737":{"r":"LN-BAC","t":"C25A"},"873D":{"r":"LN-DYO","t":"B738"},"873E":{"r":"LN-DYN","t":"B738"},"873F":{"r":"LN-DYM","t":"B738"},"8740":{"r":"LN-DYL","t":"B738"},"8741":{"r":"LN-DYK","t":"B738"},"8742":{"r":"LN-DYJ","t":"B738"},"8751":{"r":"LN-HST","t":"C750"},"8754":{"r":"LN-MIX","t":"BE20"},"875A":{"r":"LN-DYT","t":"B738"},"875B":{"r":"LN-DYS","t":"B738"},"875C":{"r":"LN-DYR","t":"B738"},"875D":{"r":"LN-DYQ","t":"B738"},"875E":{"r":"LN-DYP","t":"B738"},"875F":{"r":"LN-NOZ","t":"B738"},"8760":{"r":"LN-NOY","t":"B738"},"8761":{"r":"LN-NOR","t":"B738"},"8770":{"r":"LN-DYW","t":"B738"},"8771":{"r":"LN-DYV","t":"B738"},"8772":{"r":"LN-DYU","t":"B738"},"8777":{"r":"LN-KYV","t":"B350"},"878B":{"r":"LN-DYZ","t":"B738"},"878C":{"r":"LN-DYY","t":"B738"},"878D":{"r":"LN-DYX","t":"B738"},"878E":{"r":"LN-NIA","t":"B738"},"87A0":{"r":"LN-NIB","t":"B738"},"87A7":{"r":"LN-NGC","t":"B738"},"87A8":{"r":"LN-NGB","t":"B738"},"87A9":{"r":"LN-NGA","t":"B738"},"87AC":{"r":"LN-IDC","t":"C560"},"87AF":{"r":"LN-RGA","t":"B738"},"87B0":{"r":"LN-NGG","t":"B738"},"87B1":{"r":"LN-NGF","t":"B738"},"87B2":{"r":"LN-NGE","t":"B738"},"87B3":{"r":"LN-NGD","t":"B738"},"8D42":{"r":"LN-RKR","t":"A333"},"942D":{"r":"LN-RTG","t":"F2TH"},"945C":{"r":"LN-NII","t":"B738"},"947C":{"r":"LN-NIH","t":"B738"},"94F2":{"r":"LN-NIG","t":"B738"},"94FD":{"r":"LN-NIF","t":"B738"},"956B":{"r":"LN-NIE","t":"B738"},"9573":{"r":"LN-NID","t":"B738"},"9587":{"r":"LN-NIC","t":"B738"},"9D40":{"r":"LN-NHG","t":"B738"},"9F2D":{"r":"LN-NHD","t":"B738"},"9F4F":{"r":"LN-NHC","t":"B738"},"A034":{"r":"LN-NHB","t":"B738"},"A039":{"r":"LN-NHA","t":"B738"},"A097":{"r":"LN-NGZ","t":"B738"},"A0B2":{"r":"LN-NGY","t":"B738"},"A1CF":{"r":"LN-NGX","t":"B738"},"A36A":{"r":"LN-NGW","t":"B738"},"A41B":{"r":"LN-NGV","t":"B738"},"A46E":{"r":"LN-NGU","t":"B738"},"A472":{"r":"LN-NGT","t":"B738"},"A531":{"r":"LN-NGS","t":"B738"},"A595":{"r":"LN-NGR","t":"B738"},"A5BC":{"r":"LN-NGQ","t":"B738"},"A619":{"r":"LN-NGP","t":"B738"},"A6CE":{"r":"LN-NGO","t":"B738"},"A721":{"r":"LN-NGN","t":"B738"},"A743":{"r":"LN-NGM","t":"B738"},"A776":{"r":"LN-NGL","t":"B738"},"A7A8":{"r":"LN-NGK","t":"B738"},"A7BC":{"r":"LN-NGJ","t":"B738"},"A851":{"r":"LN-NGI","t":"B738"},"A8E3":{"r":"LN-NGH","t":"B738"},"BB87":{"r":"LN-RGK","t":"B736"},"BCF4":{"r":"LN-RGI","t":"B738"},"BDA2":{"r":"LN-RGH","t":"B738"},"BDCD":{"r":"LN-RGG","t":"B738"},"BDFB":{"r":"LN-RGF","t":"B738"},"BE84":{"r":"LN-RGD","t":"B738"},"BE91":{"r":"LN-RGE","t":"B738"},"BEBB":{"r":"LN-RGC","t":"B738"},"C071":{"r":"LN-RGB","t":"B738"},"C5C6":{"r":"LN-LNC","t":"B788"},"C5C7":{"r":"LN-LND","t":"B788"},"C5CA":{"r":"LN-LNG","t":"B788"}}