{"0802":{"r":"S-419","t":"AS3B"},"0805":{"r":"S-440","t":"AS3B"},"0806":{"r":"S-441","t":"AS3B"},"0C01":{"r":"T-235","t":"DC10"},"0C02":{"r":"T-264","t":"DC10"},"0C03":{"r":"G-273","t":"C130"},"0C04":{"r":"G-275","t":"C130"},"0C05":{"r":"G-781","t":"C130"},"0C06":{"r":"G-988","t":"C130"},"0C08":{"r":"T-255","t":"DC10"},"0C18":{"r":"U-05","t":"F50"},"0C19":{"r":"U-06","t":"F50"},"0C1A":{"r":"V-11","t":"GLF4"},"4000":{"r":"PH-BFA","t":"B744"},"4001":{"r":"PH-BFB","t":"B744"},"4002":{"r":"PH-BFC","t":"B744"},"4003":{"r":"PH-BFD","t":"B744"},"4004":{"r":"PH-BFE","t":"B744"},"4005":{"r":"PH-BFF","t":"B744"},"4006":{"r":"PH-BFG","t":"B744"},"4007":{"r":"PH-BFH","t":"B744"},"4008":{"r":"PH-MCG","t":"B763"},"4009":{"r":"PH-MCH","t":"B763"},"401C":{"r":"PH-BDA","t":"B733"},"401E":{"r":"PH-BDC","t":"B733"},"401F":{"r":"PH-BDD","t":"B733"},"4026":{"r":"PH-BDN","t":"B733"},"4027":{"r":"PH-BDO","t":"B733"},"4028":{"r":"PH-BDP","t":"B733"},"4029":{"r":"PH-BDR","t":"B734"},"402A":{"r":"PH-BDS","t":"B734"},"402B":{"r":"PH-BDT","t":"B734"},"403B":{"r":"PH-BDW","t":"B734"},"403D":{"r":"PH-BFI","t":"B744"},"403E":{"r":"PH-BFK","t":"B744"},"4045":{"r":"PH-MCI","t":"B763"},"4047":{"r":"PH-MCL","t":"B763"},"4048":{"r":"PH-MCM","t":"B763"},"404E":{"r":"PH-BFL","t":"B744"},"404F":{"r":"PH-BDZ","t":"B734"},"4050":{"r":"PH-BTA","t":"B734"},"4051":{"r":"PH-BTB","t":"B734"},"4055":{"r":"PH-BFM","t":"B744"},"4056":{"r":"PH-BFN","t":"B744"},"4057":{"r":"PH-BFO","t":"B744"},"4058":{"r":"PH-BFP","t":"B744"},"4059":{"r":"PH-NLZ","t":"SW4"},"405B":{"r":"PH-BTD","t":"B733"},"405C":{"r":"PH-BTE","t":"B733"},"405D":{"r":"PH-BFR","t":"B744"},"405E":{"r":"PH-BFS","t":"B744"},"405F":{"r":"PH-KCA","t":"MD11"},"4060":{"r":"PH-KCB","t":"MD11"},"4061":{"r":"PH-KCC","t":"MD11"},"4062":{"r":"PH-KCD","t":"MD11"},"4063":{"r":"PH-KCE","t":"MD11"},"4064":{"r":"PH-KCF","t":"MD11"},"4065":{"r":"PH-KCG","t":"MD11"},"4066":{"r":"PH-KCH","t":"MD11"},"4067":{"r":"PH-KCI","t":"MD11"},"4068":{"r":"PH-KCK","t":"MD11"},"406E":{"r":"PH-KLI","t":"F100"},"406F":{"r":"PH-LAB","t":"C550"},"4071":{"r":"PH-BTF","t":"B734"},"4072":{"r":"PH-BTG","t":"B734"},"4075":{"r":"PH-MCP","t":"MD11"},"4076":{"r":"PH-MCR","t":"MD11"},"4077":{"r":"PH-MCS","t":"MD11"},"4078":{"r":"PH-MCT","t":"MD11"},"40C6":{"r":"P4-VVP","t":"E135"},"40CE":{"r":"PH-KBX","t":"F70"},"40CF":{"r":"PH-BFT","t":"B744"},"40D3":{"r":"PH-KZA","t":"F70"},"40D4":{"r":"PH-KZB","t":"F70"},"40D5":{"r":"PH-KZC","t":"F70"},"40D6":{"r":"PH-KZD","t":"F70"},"40DC":{"r":"PH-MCU","t":"MD11"},"40DE":{"r":"P4-EAS","t":"B752"},"40DF":{"r":"PH-BFU","t":"B744"},"40E0":{"r":"PH-BFV","t":"B744"},"40E2":{"r":"PH-KZE","t":"F70"},"40E3":{"r":"PH-KZF","t":"F70"},"40E4":{"r":"PH-KZG","t":"F70"},"40E5":{"r":"PH-KZH","t":"F70"},"40E6":{"r":"PH-KZI","t":"F70"},"40E7":{"r":"PH-KZK","t":"F70"},"40EC":{"r":"PH-BPB","t":"B734"},"40ED":{"r":"PH-BPC","t":"B734"},"40F4":{"r":"PH-BTH","t":"B733"},"40F5":{"r":"PH-BTI","t":"B733"},"40FB":{"r":"P4-AFK","t":"B737"},"40FC":{"r":"PH-WXA","t":"F70"},"40FD":{"r":"PH-WXC","t":"F70"},"40FE":{"r":"PH-HZA","t":"B738"},"40FF":{"r":"PH-HZB","t":"B738"},"4100":{"r":"PH-HZC","t":"B738"},"4107":{"r":"P4-VNL","t":"A320"},"4108":{"r":"PH-MCW","t":"MD11"},"410F":{"r":"PH-KVG","t":"F50"},"4110":{"r":"PH-KVH","t":"F50"},"4111":{"r":"PH-KVI","t":"F50"},"4112":{"r":"PH-KVK","t":"F50"},"4113":{"r":"PH-JXJ","t":"F50"},"4114":{"r":"PH-JXK","t":"F50"},"4118":{"r":"P4-AIM","t":"CL60"},"411A":{"r":"P4-MAF","t":"H25B"},"411B":{"r":"P4-FAY","t":"CL60"},"411C":{"r":"P4-MAK","t":"B737"},"411D":{"r":"P4-SMS","t":"E135"},"411E":{"r":"P4-ALE","t":"H25B"},"411F":{"r":"P4-ALM","t":"C56X"},"4120":{"r":"P4-UAS","t":"A320"},"4121":{"r":"P4-AVJ","t":"CL60"},"4123":{"r":"P4-KUL","t":"E35L"},"4124":{"r":"P4-TAS","t":"A320"},"4126":{"r":"P4-IKF","t":"F2TH"},"4129":{"r":"P4-KMK","t":"CL60"},"412D":{"r":"P4-JCC","t":"H25B"},"412E":{"r":"P4-GJC","t":"B737"},"4130":{"r":"PH-BXA","t":"B738"},"4131":{"r":"PH-BXB","t":"B738"},"4132":{"r":"PH-BXC","t":"B738"},"4133":{"r":"PH-BXD","t":"B738"},"4134":{"r":"PH-HZD","t":"B738"},"4135":{"r":"PH-HZE","t":"B738"},"4136":{"r":"PH-HZF","t":"B738"},"4148":{"r":"PH-ILC","t":"F900"},"414C":{"r":"PH-HZG","t":"B738"},"414D":{"r":"PH-HZI","t":"B738"},"414E":{"r":"PH-HZJ","t":"B738"},"414F":{"r":"PH-HZK","t":"B738"},"415E":{"r":"PH-BXE","t":"B738"},"415F":{"r":"PH-BXF","t":"B738"},"4160":{"r":"PH-BXG","t":"B738"},"4161":{"r":"PH-BXH","t":"B738"},"4162":{"r":"PH-BXI","t":"B738"},"4163":{"r":"PH-BXK","t":"B738"},"4164":{"r":"PH-BXL","t":"B738"},"4165":{"r":"PH-BXM","t":"B738"},"4166":{"r":"PH-BXN","t":"B738"},"416F":{"r":"PH-KZM","t":"F70"},"4170":{"r":"PH-KZL","t":"F70"},"4173":{"r":"PH-DIX","t":"PC12"},"4174":{"r":"PH-BFW","t":"B744"},"4175":{"r":"PH-BFY","t":"B744"},"4183":{"r":"PH-ECC","t":"PC12"},"4186":{"r":"PH-HZL","t":"B738"},"4187":{"r":"PH-HZM","t":"B738"},"4188":{"r":"PH-XRA","t":"B737"},"418A":{"r":"PH-BXO","t":"B739"},"418B":{"r":"PH-BXP","t":"B739"},"418C":{"r":"PH-BXR","t":"B739"},"418D":{"r":"PH-BXS","t":"B739"},"418E":{"r":"PH-DYE","t":"C550"},"418F":{"r":"PH-DYN","t":"C550"},"4197":{"r":"PH-JCH","t":"F70"},"4199":{"r":"PH-DMR","t":"DH8C"},"41A1":{"r":"PH-EDM","t":"F900"},"41A3":{"r":"PH-HMA","t":"C550"},"41A4":{"r":"PH-KZN","t":"F70"},"41A5":{"r":"PH-HZN","t":"B738"},"41A6":{"r":"PH-BXT","t":"B739"},"41A7":{"r":"PH-HZY","t":"B738"},"41A8":{"r":"PH-HZX","t":"B738"},"41A9":{"r":"PH-HZW","t":"B738"},"41AA":{"r":"PH-HZV","t":"B738"},"41AD":{"r":"PH-BQN","t":"B772"},"41AE":{"r":"PH-TSN","t":"DA42"},"41B4":{"r":"PH-VBG","t":"F2TH"},"41B7":{"r":"PH-JCT","t":"F70"},"41B8":{"r":"PH-KZO","t":"F70"},"41B9":{"r":"PH-KZP","t":"F70"},"41BA":{"r":"PH-KZR","t":"F70"},"41C3":{"r":"PH-CKA","t":"B744"},"41C4":{"r":"PH-CKB","t":"B744"},"41C5":{"r":"PH-CKC","t":"B744"},"41C8":{"r":"PH-NZS","t":"S76"},"41CD":{"r":"PH-NZZ","t":"S76"},"41D5":{"r":"PH-XRB","t":"B737"},"41D6":{"r":"PH-XRC","t":"B737"},"41D7":{"r":"PH-XRZ","t":"B737"},"41D8":{"r":"PH-XRY","t":"B737"},"41D9":{"r":"PH-XRX","t":"B737"},"41DA":{"r":"PH-XRW","t":"B737"},"41DB":{"r":"PH-XRD","t":"B737"},"4332":{"r":"PH-JXN","t":"F50"},"4334":{"r":"P4-AMH","t":"H25B"},"4337":{"r":"P4-AST","t":"CRJ2"},"4339":{"r":"P4-FAS","t":"B752"},"433A":{"r":"P4-GAS","t":"B752"},"433D":{"r":"P4-PIF","t":"GL5T"},"433E":{"r":"P4-TAK","t":"GLF4"},"4340":{"r":"P4-JAS","t":"F50"},"4343":{"r":"P4-HEC","t":"EC55"},"4344":{"r":"P4-RLA","t":"A319"},"4345":{"r":"P4-SIS","t":"E135"},"4349":{"r":"P4-SBR","t":"GLF5"},"434C":{"r":"P4-IVM","t":"E135"},"434E":{"r":"P4-SNT","t":"H25B"},"434F":{"r":"P4-MES","t":"B763"},"4350":{"r":"P4-SAI","t":"CL60"},"4351":{"r":"P4-AND","t":"C750"},"4352":{"r":"P4-AAA","t":"GLEX"},"4353":{"r":"P4-GMS","t":"GLEX"},"4354":{"r":"P4-MAS","t":"B752"},"4355":{"r":"P4-NAS","t":"A321"},"4356":{"r":"P4-OAS","t":"A321"},"4357":{"r":"P4-ABC","t":"CL60"},"4358":{"r":"P4-MLC","t":"GLEX"},"4359":{"r":"P4-ARL","t":"A319"},"435A":{"r":"P4-SCM","t":"F900"},"435B":{"r":"P4-KCU","t":"B752"},"435C":{"r":"P4-VVF","t":"GLEX"},"435D":{"r":"P4-TAJ","t":"B739"},"435E":{"r":"P4-SEN","t":"H25B"},"435F":{"r":"P4-SOM","t":"B739"},"4361":{"r":"P4-CLA","t":"B762"},"4362":{"r":"P4-KAZ","t":"B737"},"4365":{"r":"P4-PAS","t":"A320"},"4366":{"r":"PH-SOL","t":"C525"},"4367":{"r":"PH-JFS","t":"PC12"},"4368":{"r":"PH-BQA","t":"B772"},"4369":{"r":"PH-BQB","t":"B772"},"436A":{"r":"PH-BQC","t":"B772"},"436B":{"r":"PH-BQD","t":"B772"},"436C":{"r":"PH-BQE","t":"B772"},"436D":{"r":"PH-BQF","t":"B772"},"436E":{"r":"PH-BQG","t":"B772"},"436F":{"r":"PH-BQH","t":"B772"},"4370":{"r":"PH-BQI","t":"B772"},"4371":{"r":"PH-BQK","t":"B772"},"4374":{"r":"PH-MEX","t":"C650"},"437C":{"r":"PH-OFA","t":"F100"},"437D":{"r":"PH-OFB","t":"F100"},"437F":{"r":"PH-OFD","t":"F100"},"4380":{"r":"PH-OFE","t":"F100"},"4381":{"r":"PH-OFF","t":"F100"},"4382":{"r":"PH-OFG","t":"F100"},"4388":{"r":"PH-LXJ","t":"F50"},"4389":{"r":"PH-LXK","t":"F50"},"438A":{"r":"PH-LXP","t":"F50"},"438B":{"r":"PH-LXR","t":"F50"},"438C":{"r":"PH-LXT","t":"F50"},"4390":{"r":"PH-FIS","t":"C525"},"4391":{"r":"PH-MFX","t":"C650"},"4395":{"r":"PH-XRE","t":"B737"},"4397":{"r":"PH-AHX","t":"B763"},"4398":{"r":"PH-AHY","t":"B763"},"43AA":{"r":"PH-XII","t":"PC12"},"43AF":{"r":"PH-AHQ","t":"B763"},"43B1":{"r":"PH-FHG","t":"PA46"},"43B2":{"r":"PH-GWW","t":"R90R"},"43B7":{"r":"PH-CLZ","t":"TBM7"},"43BC":{"r":"PH-MCY","t":"MD11"},"43C6":{"r":"PH-WXD","t":"F70"},"43C7":{"r":"PH-TCN","t":"P180"},"43D4":{"r":"PH-AMI","t":"SR20"},"43D6":{"r":"PH-BYA","t":"BE58"},"43D7":{"r":"PH-BYB","t":"BE58"},"43D8":{"r":"PH-BYC","t":"BE58"},"43D9":{"r":"PH-XRV","t":"B737"},"43DD":{"r":"PH-SNE","t":"P28A"},"43DF":{"r":"PH-OTH","t":"PA31"},"43E3":{"r":"PH-XPI","t":"PA31"},"43E5":{"r":"PH-LAW","t":"C310"},"43E7":{"r":"PH-SVY","t":"PAY2"},"43F2":{"r":"PH-BQO","t":"B772"},"43F3":{"r":"PH-BQP","t":"B772"},"43F5":{"r":"PH-JOE","t":"C425"},"4406":{"r":"PH-CJC","t":"P28A"},"440E":{"r":"PH-UNN","t":"EC20"},"440F":{"r":"PH-AOA","t":"A332"},"4410":{"r":"PH-AOB","t":"A332"},"4411":{"r":"PH-AOC","t":"A332"},"4415":{"r":"PH-BQL","t":"B772"},"4416":{"r":"PH-BQM","t":"B772"},"4419":{"r":"PH-MSE","t":"M20P"},"441A":{"r":"PH-LGW","t":"PA34"},"4427":{"r":"PH-MCJ","t":"B763"},"4428":{"r":"PH-1340","t":"NIMB"},"442F":{"r":"PH-LBR","t":"C208"},"4437":{"r":"PH-CKD","t":"B744"},"4441":{"r":"PH-JNE","t":"C25B"},"4442":{"r":"PH-BXU","t":"B738"},"4443":{"r":"PH-AOD","t":"A332"},"4444":{"r":"PH-AOE","t":"A332"},"4445":{"r":"PH-AOF","t":"A332"},"4447":{"r":"PH-DRK","t":"C56X"},"444F":{"r":"PH-OFL","t":"F100"},"4450":{"r":"PH-OFM","t":"F100"},"4451":{"r":"PH-OFN","t":"F100"},"445D":{"r":"PH-SOX","t":"D328"},"4462":{"r":"PH-JNX","t":"C56X"},"4471":{"r":"PH-JEG","t":"SR22"},"4478":{"r":"PH-3Y8","t":"ULAC"},"448C":{"r":"P4-KCA","t":"B763"},"448F":{"r":"P4-MSG","t":"E135"},"4490":{"r":"P4-VAS","t":"A320"},"4491":{"r":"P4-GIS","t":"FA7X"},"4492":{"r":"P4-KCB","t":"B763"},"4493":{"r":"P4-SLK","t":"E135"},"4494":{"r":"P4-BBJ","t":"B737"},"4495":{"r":"P4-MIS","t":"A319"},"4498":{"r":"P4-CBA","t":"GLEX"},"449B":{"r":"P4-MMM","t":"GL5T"},"449C":{"r":"P4-ANG","t":"H25B"},"449D":{"r":"P4-JET","t":"FA50"},"449E":{"r":"P4-GJL","t":"CRJ2"},"449F":{"r":"P4-MIV","t":"E135"},"44A0":{"r":"P4-PET","t":"H25B"},"44A1":{"r":"P4-WAS","t":"A320"},"44A2":{"r":"P4-ALA","t":"H25B"},"44A3":{"r":"P4-XAS","t":"A320"},"44A5":{"r":"P4-BUS","t":"C750"},"44A8":{"r":"P4-TPS","t":"GLF5"},"44A9":{"r":"P4-SVM","t":"E135"},"44AA":{"r":"P4-PAM","t":"E135"},"44AB":{"r":"P4-ADD","t":"GALX"},"44AE":{"r":"P4-GAZ","t":"CRJ1"},"44AF":{"r":"P4-VIP","t":"CRJ1"},"44B1":{"r":"P4-SNS","t":"FA50"},"44B2":{"r":"P4-NGK","t":"B737"},"44B3":{"r":"P4-PRT","t":"H25B"},"44B4":{"r":"P4-SAT","t":"CL60"},"44B6":{"r":"P4-ASL","t":"B737"},"44B7":{"r":"P4-UNI","t":"CL60"},"44B8":{"r":"P4-LIG","t":"B737"},"44BC":{"r":"P4-AEG","t":"E135"},"44BE":{"r":"PH-VMA","t":"P32R"},"44C6":{"r":"PH-BXV","t":"B738"},"44D2":{"r":"PH-3Z7","t":"ECHO"},"44D5":{"r":"PH-COM","t":"PA30"},"44D9":{"r":"PH-TAK","t":"DA42"},"44DB":{"r":"PH-TWP","t":"P28T"},"44DF":{"r":"PH-OFO","t":"F100"},"44E0":{"r":"PH-OFP","t":"F100"},"44E2":{"r":"PH-HRK","t":"P180"},"44E4":{"r":"PH-ACI","t":"C303"},"44E6":{"r":"PH-AOH","t":"A332"},"44E7":{"r":"PH-AOK","t":"A332"},"44E8":{"r":"PH-AOI","t":"A332"},"44EE":{"r":"PH-MPR","t":"B744"},"4500":{"r":"PH-FHB","t":"P46T"},"4502":{"r":"PH-KBB","t":"BE9L"},"4504":{"r":"PH-EVY","t":"D328"},"4506":{"r":"PH-HZO","t":"B738"},"450F":{"r":"PH-DEZ","t":"C501"},"4515":{"r":"PH-SVP","t":"P28A"},"451B":{"r":"PH-KDN","t":"C172"},"452A":{"r":"PH-JUR","t":"P32R"},"452D":{"r":"PH-UKK","t":"TBM8"},"4534":{"r":"PH-MLK","t":"TRIN"},"4538":{"r":"PH-MLR","t":"TOBA"},"4539":{"r":"PH-MLS","t":"TOBA"},"453C":{"r":"PH-VSX","t":"P28A"},"4540":{"r":"PH-AXS","t":"BE9L"},"4542":{"r":"PH-JVD","t":"TRIN"},"454B":{"r":"PH-SGH","t":"RF6"},"4550":{"r":"PH-NDD","t":"TRIN"},"4554":{"r":"PH-LCG","t":"F900"},"4555":{"r":"PH-BXW","t":"B738"},"4556":{"r":"PH-BXY","t":"B738"},"4557":{"r":"PH-BXZ","t":"B738"},"4558":{"r":"PH-BGA","t":"B738"},"4559":{"r":"PH-BGB","t":"B738"},"455A":{"r":"PH-BGC","t":"B738"},"455B":{"r":"PH-BGD","t":"B737"},"455C":{"r":"PH-BGE","t":"B737"},"455D":{"r":"PH-BGF","t":"B737"},"455E":{"r":"PH-BVA","t":"B77W"},"455F":{"r":"PH-BVB","t":"B77W"},"4560":{"r":"PH-BVC","t":"B77W"},"4561":{"r":"PH-BVD","t":"B77W"},"4567":{"r":"PH-LSV","t":"FA50"},"4572":{"r":"PH-ILS","t":"TOBA"},"4576":{"r":"PH-963","t":"GLID"},"457C":{"r":"PH-1381","t":"VENT"},"457E":{"r":"PH-GGG","t":"P28T"},"45A5":{"r":"PH-ZZF","t":"C07T"},"45AC":{"r":"PH-AOL","t":"A332"},"45AE":{"r":"PH-DON","t":"C172"},"45B6":{"r":"PH-RVS","t":"P68"},"45B7":{"r":"PH-1300","t":"DUOD"},"45C4":{"r":"PH-ANR","t":"COY2"},"45DD":{"r":"PH-VDS","t":"M20T"},"45EB":{"r":"PH-TFA","t":"B738"},"4607":{"r":"PH-CGN","t":"D228"},"4615":{"r":"PH-ANO","t":"C56X"},"4618":{"r":"PH-CHT","t":"F2TH"},"462B":{"r":"PH-AIL","t":"S208"},"462C":{"r":"PH-SKC","t":"C172"},"462D":{"r":"PH-SKE","t":"C172"},"4638":{"r":"PH-1037","t":"GLID"},"4646":{"r":"PH-CGC","t":"D228"},"4649":{"r":"PH-1277","t":"GLID"},"4652":{"r":"PH-PIX","t":"SW3"},"4678":{"r":"PH-SMA","t":"C172"},"4684":{"r":"PH-TJA","t":"TBM8"},"4694":{"r":"PH-1194","t":"DISC"},"4703":{"r":"PH-NDK","t":"F900"},"4719":{"r":"PH-1409","t":"VENT"},"4722":{"r":"PH-1295","t":"NIMB"},"472A":{"r":"PH-STY","t":"P28T"},"472F":{"r":"PH-ISL","t":"C172"},"4730":{"r":"PH-VRW","t":"C150"},"4734":{"r":"PH-EAH","t":"P28A"},"4759":{"r":"PH-443","t":"GLID"},"475B":{"r":"PH-1310","t":"VENT"},"4766":{"r":"PH-4C8","t":"ECHO"},"4767":{"r":"PH-3D5","t":"ULAC"},"476A":{"r":"PH-1401","t":"GLID"},"478F":{"r":"PH-585","t":"GLID"},"4790":{"r":"PH-1274","t":"GLID"},"4791":{"r":"PH-1365","t":"GLID"},"4792":{"r":"PH-1119","t":"GLID"},"47C6":{"r":"PH-CIJ","t":"C680"},"47DD":{"r":"PH-495","t":"GLID"},"4815":{"r":"PH-RCV","t":"TOBA"},"481A":{"r":"PH-KBY","t":"C172"},"482B":{"r":"PH-1412","t":"VENT"},"4844":{"r":"PH-1186","t":"SF25"},"484C":{"r":"PH-GYS","t":"C172"},"4859":{"r":"PH-1341","t":"VENT"},"4863":{"r":"PH-1245","t":"GLID"},"4879":{"r":"PH-1273","t":"GLID"},"489B":{"r":"PH-STU","t":"C172"},"48C2":{"r":"PH-JSA","t":"C182"},"48DF":{"r":"PH-TXA","t":"C510"},"48E3":{"r":"PH-1171","t":"GLID"},"4909":{"r":"PH-LUX","t":"P46T"},"4928":{"r":"PH-AAX","t":"A320"},"494D":{"r":"PH-ADE","t":"C172"},"4966":{"r":"PH-BGG","t":"B737"},"497F":{"r":"PH-JSP","t":"M20P"},"499F":{"r":"PH-1106","t":"G109"},"49A0":{"r":"PH-ACX","t":"DV20"},"49AC":{"r":"PH-PJB","t":"P28B"},"49BE":{"r":"PH-AAG","t":"CL60"},"49BF":{"r":"PH-ROD","t":"PA46"},"49C5":{"r":"PH-1213","t":"GLID"},"49C8":{"r":"PH-1399","t":"GLID"},"49CF":{"r":"PH-RID","t":"C680"},"49DB":{"r":"PH-GUD","t":"PA34"},"49DF":{"r":"PH-MRA","t":"C172"},"4A3A":{"r":"PH-3M4","t":"ULAC"},"4A55":{"r":"PH-DRS","t":"C56X"},"4A79":{"r":"PH-751","t":"GLID"},"4A88":{"r":"PH-ORJ","t":"C510"},"4AA1":{"r":"PH-HSW","t":"B738"},"4AA5":{"r":"PH-DLN","t":"P180"},"4AB1":{"r":"PH-1423","t":"DIMO"},"4ABE":{"r":"PH-LNE","t":"F100"},"4ACA":{"r":"PH-ACE","t":"BE30"},"4ACB":{"r":"PH-EZA","t":"E190"},"4ACC":{"r":"PH-EZB","t":"E190"},"4AD0":{"r":"PH-TFB","t":"B738"},"4AE4":{"r":"PH-YMC","t":"SR20"},"4AEC":{"r":"PH-WOU","t":"P28A"},"4B00":{"r":"PH-KZS","t":"F70"},"4B01":{"r":"PH-KZT","t":"F70"},"4B02":{"r":"PH-KZU","t":"F70"},"4B03":{"r":"PH-KZV","t":"F70"},"4B04":{"r":"PH-KZW","t":"F70"},"4B09":{"r":"PH-MYX","t":"C650"},"4B21":{"r":"PH-FJK","t":"C25B"},"4B24":{"r":"PH-1169","t":"DG80"},"4B28":{"r":"PH-TFC","t":"B738"},"4B2A":{"r":"PH-HSA","t":"B738"},"4B2C":{"r":"PH-JAX","t":"BE9L"},"4B30":{"r":"PH-EZC","t":"E190"},"4B31":{"r":"PH-EZD","t":"E190"},"4B32":{"r":"PH-EZE","t":"E190"},"4B35":{"r":"PH-4E2","t":"WT9"},"4B36":{"r":"PH-JLW","t":"BALL"},"4B40":{"r":"PH-SRP","t":"P28A"},"4B43":{"r":"PH-AAY","t":"A320"},"4B44":{"r":"PH-AAZ","t":"A320"},"4B49":{"r":"PH-KXX","t":"F50"},"4B4A":{"r":"PH-JAJ","t":"GLSP"},"4B56":{"r":"PH-FSB","t":"TBM8"},"4B5E":{"r":"PH-1425","t":"VENT"},"4B62":{"r":"PH-473","t":"GLID"},"4B64":{"r":"PH-3M2","t":"ECHO"},"4B66":{"r":"PH-SAE","t":"PA44"},"4B8C":{"r":"PH-AIJ","t":"PA34"},"4B8F":{"r":"PH-BGH","t":"B737"},"4B90":{"r":"PH-BGI","t":"B737"},"4B91":{"r":"PH-BGK","t":"B737"},"4B92":{"r":"PH-BGL","t":"B737"},"4BA9":{"r":"PH-PNG","t":"PC12"},"4BB6":{"r":"PH-618","t":"GLID"},"4BB7":{"r":"PH-795","t":"GLID"},"4BB8":{"r":"PH-806","t":"GLID"},"4BBB":{"r":"PH-934","t":"GLID"},"4BBC":{"r":"PH-1035","t":"GLID"},"4BBE":{"r":"PH-1293","t":"GLID"},"4BBF":{"r":"PH-1309","t":"GLID"},"4BC5":{"r":"PH-ZOM","t":"B738"},"4BCE":{"r":"PH-NCD","t":"DR40"},"4BCF":{"r":"PH-SVX","t":"PAY2"},"4BD1":{"r":"PH-EZF","t":"E190"},"4BDD":{"r":"PH-MED","t":"LJ55"},"4BFB":{"r":"PH-DRL","t":"BE36"},"4C13":{"r":"PH-RNG","t":"B190"},"4C14":{"r":"PH-MJP","t":"F100"},"4C1A":{"r":"PH-MIS","t":"TOBA"},"4C1B":{"r":"PH-EZG","t":"E190"},"4C24":{"r":"PH-EZH","t":"E190"},"4C25":{"r":"PH-EZI","t":"E190"},"4C26":{"r":"PH-EZK","t":"E190"},"4C38":{"r":"PH-4E7","t":"WT9"},"4C41":{"r":"PH-DIY","t":"EUPA"},"4C50":{"r":"PH-EZL","t":"E190"},"4C51":{"r":"PH-EZM","t":"E190"},"4C52":{"r":"PH-EZN","t":"E190"},"4C53":{"r":"PH-EZO","t":"E190"},"4C54":{"r":"PH-EZP","t":"E190"},"4C59":{"r":"PH-HSB","t":"B738"},"4C5A":{"r":"PH-HSC","t":"B738"},"4C73":{"r":"PH-PST","t":"E50P"},"4C82":{"r":"PH-1454","t":"GLID"},"4C8F":{"r":"PH-4F9"},"4C93":{"r":"PH-WDL","t":"PA34"},"4C9C":{"r":"PH-YMA","t":"GALX"},"4CA7":{"r":"PH-PED","t":"TBM8"},"4CAF":{"r":"PH-JCI","t":"PRM1"},"4CB4":{"r":"PH-BCA","t":"B738"},"4CB5":{"r":"PH-BGN","t":"B737"},"4CB6":{"r":"PH-BGO","t":"B737"},"4CB7":{"r":"PH-BGQ","t":"B737"},"4CB8":{"r":"PH-BGR","t":"B737"},"4CB9":{"r":"PH-BGT","t":"B737"},"4CBA":{"r":"PH-BVF","t":"B77W"},"4CBB":{"r":"PH-BVG","t":"B77W"},"4CBC":{"r":"PH-BVI","t":"B77W"},"4CBF":{"r":"PH-OEJ","t":"B737"},"4CC2":{"r":"PH-EZR","t":"E190"},"4CC3":{"r":"PH-EZS","t":"E190"},"4CC6":{"r":"PH-AOM","t":"A332"},"4CDA":{"r":"PH-GGW","t":"B738"},"4CFE":{"r":"PH-TCS","t":"P32R"},"4D02":{"r":"PH-AJX","t":"FA7X"},"4D08":{"r":"PH-1467","t":"AS31"},"4D0F":{"r":"PH-OYE","t":"B763"},"4D10":{"r":"PH-OYI","t":"B763"},"4D11":{"r":"PH-OYJ","t":"B763"},"4E6E":{"r":"PH-198","t":"GLID"},"4E86":{"r":"PH-XXV","t":"B25"},"4EDD":{"r":"PH-1468","t":"GLID"},"4EDE":{"r":"PH-DCI","t":"JS32"},"4EE4":{"r":"PH-HSD","t":"B738"},"4EE5":{"r":"PH-HSE","t":"B738"},"4EED":{"r":"PH-1470","t":"AS31"},"4EFA":{"r":"PH-PKD","t":"C56X"},"4F01":{"r":"PH-TFD","t":"B738"},"4F06":{"r":"PH-BGM","t":"B737"},"4F07":{"r":"PH-BGP","t":"B737"},"4F13":{"r":"PH-GGX","t":"B738"},"4F14":{"r":"PH-GGZ","t":"B738"},"4F15":{"r":"PH-BGU","t":"B737"},"4F16":{"r":"PH-BGW","t":"B737"},"4F17":{"r":"PH-BGX","t":"B737"},"4F18":{"r":"PH-BCB","t":"B738"},"4F2E":{"r":"PH-CDE","t":"B738"},"4F3A":{"r":"PH-TFF","t":"B738"},"4F3F":{"r":"PH-HRM","t":"C56X"},"4F50":{"r":"PH-CTH","t":"F2TH"},"4F5B":{"r":"PH-DTP","t":"BE40"},"4F64":{"r":"PH-1488","t":"DG80"},"4F6B":{"r":"PH-JND","t":"C56X"},"4F6C":{"r":"PH-HSF","t":"B738"},"4F6D":{"r":"PH-HSG","t":"B738"},"4F71":{"r":"PH-AKA","t":"A333"},"4F72":{"r":"PH-AKB","t":"A333"},"4F73":{"r":"PH-AKD","t":"A333"},"4F74":{"r":"PH-LND","t":"F100"},"4F7C":{"r":"PH-EZT","t":"E190"},"4F7D":{"r":"PH-EZU","t":"E190"},"4F7E":{"r":"PH-EZV","t":"E190"},"4F7F":{"r":"PH-EZW","t":"E190"},"4F80":{"r":"PH-EZX","t":"E190"},"4F86":{"r":"PH-VMM","t":"S22T"},"4F9E":{"r":"PH-SEP","t":"RV12"},"4FA7":{"r":"PH-4K4","t":"WT9"},"4FA9":{"r":"PH-EBR","t":"F900"},"4FAB":{"r":"PH-CDF","t":"B738"},"4FAD":{"r":"PH-AON","t":"A332"},"4FBD":{"r":"PH-FDD","t":"B738"},"4FD0":{"r":"PH-AQC","t":"F100"},"4FD4":{"r":"PH-PKX","t":"C750"},"4FDE":{"r":"PH-BCD","t":"B738"},"4FDF":{"r":"PH-BCE","t":"B738"},"4FFF":{"r":"PH-AKE","t":"A333"},"5000":{"r":"PH-BVK","t":"B77W"},"5009":{"r":"PH-HSI","t":"B738"},"5020":{"r":"PH-GUA","t":"B738"},"5021":{"r":"PH-GUB","t":"B738"},"5061":{"r":"PH-HSJ","t":"B738"},"5064":{"r":"PH-EZY","t":"E190"},"5065":{"r":"PH-EZZ","t":"E190"},"506B":{"r":"PH-TFK","t":"B788"},"506C":{"r":"PH-TFL","t":"B788"},"506D":{"r":"PH-TFM","t":"B788"},"507F":{"r":"PH-EXA","t":"E190"},"5084":{"r":"PH-EXB","t":"E190"},"5085":{"r":"PH-EXC","t":"E190"},"5086":{"r":"PH-EXD","t":"E190"},"5087":{"r":"PH-ARO","t":"E135"},"5090":{"r":"PH-OCI","t":"JS32"},"50CC":{"r":"PH-JAY","t":"C510"},"50CF":{"r":"PH-LAU","t":"F900"},"50D0":{"r":"PH-HWM","t":"CL60"},"50D9":{"r":"PH-CTR","t":"C680"},"50DA":{"r":"PH-RLG","t":"C500"},"50E6":{"r":"PH-AKF","t":"A333"},"50F5":{"r":"PH-BVO","t":"B77W"},"50F6":{"r":"PH-BVN","t":"B77W"},"50F8":{"r":"PH-DND","t":"E145"},"5123":{"r":"PH-HSM","t":"B738"},"51AC":{"r":"PH-CDG","t":"B738"},"8000":{"r":"SP-AAA","t":"P46T"},"8029":{"r":"SP-ABK","t":"A320"},"8049":{"r":"SP-ACK","t":"A320"},"830F":{"r":"SP-AVP","t":"E50P"},"888E":{"r":"SP-CEO","t":"H25B"},"8895":{"r":"SP-CEZ","t":"LJ60"},"89CD":{"r":"SP-CON","t":"CL30"},"8D61":{"r":"SP-DLB","t":"C25A"},"8D6F":{"r":"SP-DLP","t":"DA42"},"8E20":{"r":"SP-DSA","t":"BE20"},"9010":{"r":"SP-EAR","t":"C680"},"9065":{"r":"SP-EDF","t":"AT45"},"9067":{"r":"SP-EDH","t":"AT45"},"91A0":{"r":"SP-ENA","t":"B734"},"91A1":{"r":"SP-ENB","t":"B734"},"91A2":{"r":"SP-ENC","t":"B734"},"91A4":{"r":"SP-ENE","t":"B734"},"91A5":{"r":"SP-ENF","t":"B734"},"91A7":{"r":"SP-ENH","t":"B734"},"91A8":{"r":"SP-ENI","t":"B734"},"91A9":{"r":"SP-ENK","t":"B734"},"91B0":{"r":"SP-ENR","t":"B738"},"91B3":{"r":"SP-ENU","t":"B738"},"91B4":{"r":"SP-ENW","t":"B738"},"91B5":{"r":"SP-ENZ","t":"B738"},"91B7":{"r":"SP-ENY","t":"B738"},"91B9":{"r":"SP-ENQ","t":"B738"},"932B":{"r":"SP-EQL","t":"DH8D"},"9350":{"r":"SP-FDR","t":"AN26"},"9351":{"r":"SP-FDS","t":"AN26"},"9352":{"r":"SP-FDT","t":"AN26"},"9441":{"r":"SP-LPA","t":"B763"},"9442":{"r":"SP-LPB","t":"B763"},"9443":{"r":"SP-LPC","t":"B763"},"9522":{"r":"SP-LLB","t":"B734"},"9523":{"r":"SP-LLC","t":"B734"},"9524":{"r":"SP-LLD","t":"B734"},"9525":{"r":"SP-LLE","t":"B734"},"9526":{"r":"SP-LLF","t":"B734"},"9527":{"r":"SP-LLG","t":"B734"},"9541":{"r":"SP-LKA","t":"B735"},"9542":{"r":"SP-LKB","t":"B735"},"9543":{"r":"SP-LKC","t":"B735"},"9544":{"r":"SP-LKD","t":"B735"},"9545":{"r":"SP-LKE","t":"B735"},"9546":{"r":"SP-LKF","t":"B735"},"9586":{"r":"SP-FMG","t":"E135"},"9600":{"r":"SP-LFA","t":"AT72"},"9601":{"r":"SP-LFB","t":"AT72"},"9602":{"r":"SP-LFC","t":"AT72"},"9603":{"r":"SP-LFD","t":"AT72"},"9604":{"r":"SP-LFE","t":"AT72"},"9605":{"r":"SP-LFF","t":"AT72"},"9606":{"r":"SP-LFG","t":"AT72"},"9705":{"r":"SP-LGE","t":"E145"},"9706":{"r":"SP-LGF","t":"E145"},"9782":{"r":"SP-LDB","t":"E170"},"9783":{"r":"SP-LDC","t":"E170"},"9785":{"r":"SP-LDE","t":"E170"},"9786":{"r":"SP-LDF","t":"E170"},"9787":{"r":"SP-LDG","t":"E170"},"9788":{"r":"SP-LDH","t":"E170"},"9789":{"r":"SP-LDI","t":"E170"},"9A65":{"r":"SP-EDE","t":"AT45"},"9C00":{"r":"SP-HAA","t":"B733"},"9C01":{"r":"SP-HAB","t":"A320"},"9C02":{"r":"SP-HAC","t":"A320"},"9C03":{"r":"SP-HAD","t":"A320"},"A000":{"r":"SP-IAA","t":"A320"},"A001":{"r":"SP-IAB","t":"A320"},"A002":{"r":"SP-IAC","t":"A320"},"A003":{"r":"SP-IAD","t":"A320"},"A004":{"r":"SP-IAE","t":"A320"},"A005":{"r":"SP-IAF","t":"A320"},"A006":{"r":"SP-IAG","t":"A320"},"A007":{"r":"SP-IAH","t":"A320"},"A008":{"r":"SP-IAI","t":"A320"},"A020":{"r":"SP-IBA","t":"A319"},"A022":{"r":"SP-IBC","t":"A319"},"A044":{"r":"SP-ICE","t":"AAT3"},"A0CD":{"r":"SP-IGN","t":"B738"},"A449":{"r":"SP-KCK","t":"C25A"},"A451":{"r":"SP-KCS","t":"C56X"},"A4D4":{"r":"SP-KGW","t":"BE30"},"A4E9":{"r":"SP-KHK","t":"C510"},"A5E9":{"r":"SP-KPK","t":"SF34"},"A5F0":{"r":"SP-KPR","t":"SF34"},"A685":{"r":"SP-KWF","t":"JS32"},"AD00":{"r":"SP-LIA","t":"E170"},"AD02":{"r":"SP-LIC","t":"E170"},"AD03":{"r":"SP-LID","t":"E170"},"AD04":{"r":"SP-LIE","t":"E170"},"AD05":{"r":"SP-LIF","t":"E170"},"AD06":{"r":"SP-LIG","t":"E170"},"AD07":{"r":"SP-LIH","t":"E170"},"AD08":{"r":"SP-LII","t":"E170"},"AD09":{"r":"SP-LIK","t":"E170"},"AD0B":{"r":"SP-LIL","t":"E170"},"AD0C":{"r":"SP-LIM","t":"E170"},"AD0D":{"r":"SP-LIN","t":"E170"},"AD0E":{"r":"SP-LIO","t":"E170"},"AD69":{"r":"SP-LLK","t":"B734"},"AD6B":{"r":"SP-LLL","t":"B734"},"ADA0":{"r":"SP-LNA","t":"E190"},"ADA1":{"r":"SP-LNB","t":"E190"},"ADA2":{"r":"SP-LNC","t":"E190"},"ADA3":{"r":"SP-LND","t":"E190"},"ADA4":{"r":"SP-LNE","t":"E190"},"ADA5":{"r":"SP-LNF","t":"E190"},"ADE4":{"r":"SP-LPE","t":"B763"},"ADE5":{"r":"SP-LPF","t":"B763"},"ADE6":{"r":"SP-LPG","t":"B763"},"AE00":{"r":"SP-LRA","t":"B788"},"AE01":{"r":"SP-LRB","t":"B788"},"AE02":{"r":"SP-LRC","t":"B788"},"AE03":{"r":"SP-LRD","t":"B788"},"AE04":{"r":"SP-LRE","t":"B788"},"AE05":{"r":"SP-LRF","t":"B788"},"B191":{"r":"SP-MMS","t":"BE9L"},"B201":{"r":"SP-MRB","t":"SF34"},"B202":{"r":"SP-MRC","t":"SF34"},"B204":{"r":"SP-MRE","t":"SF34"},"B2C8":{"r":"SP-MXI","t":"P180"},"B48E":{"r":"SP-NEO","t":"BE9L"},"B68C":{"r":"SP-NWM","t":"PC12"},"C1F4":{"r":"SP-RPW","t":"BE20"},"CB15":{"r":"SP-TVZ","t":"B738"},"D1C8":{"r":"SP-WOI","t":"GLEX"},"D409":{"r":"SP-ZAK","t":"GL5T"},"D635":{"r":"SP-ZSZ","t":"CL30"},"D802":{"r":"044","t":"YK40"},"D840":{"r":"011","t":"C295"},"D841":{"r":"012","t":"C295"},"D842":{"r":"013","t":"C295"},"D843":{"r":"014","t":"C295"},"D844":{"r":"015","t":"C295"},"D845":{"r":"016","t":"C295"},"D847":{"r":"018","t":"C295"},"D849":{"r":"020","t":"C295"},"D84C":{"r":"022","t":"C295"},"D84D":{"r":"023","t":"C295"},"D84E":{"r":"024","t":"C295"},"FE4C":{"r":"SP-SATM","t":"PIVI"}}