{"0D01":{"t":"CL35"},"0D02":{"t":"CL35"},"1096":{"t":"C550"},"109A":{"t":"LJ31"},"10C3":{"t":"F2TH"},"10C4":{"t":"F2TH"},"10C5":{"t":"F2TH"},"10C6":{"t":"F2TH"},"10C7":{"t":"F900"},"10C8":{"t":"F900"},"10CB":{"t":"F2TH"},"10CD":{"t":"C56X"},"10CE":{"t":"C56X"},"10CF":{"t":"C56X"},"10D0":{"t":"C56X"},"10D1":{"t":"C56X"},"10D2":{"t":"C56X"},"10D3":{"t":"C56X"},"10D4":{"t":"C56X"},"10D5":{"t":"C56X"},"10D6":{"t":"C56X"},"10D7":{"t":"H25B"},"10D8":{"t":"H25B"},"10D9":{"t":"H25B"},"10DA":{"t":"H25B"},"10F1":{"t":"C25A"},"10F2":{"t":"C650"},"10F7":{"t":"C25B"},"10FA":{"t":"H25B"},"1101":{"t":"C550"},"1102":{"t":"C550"},"1103":{"t":"C550"},"1104":{"t":"C550"},"1105":{"t":"C550"},"1106":{"t":"C550"},"1107":{"t":"C550"},"1108":{"t":"C550"},"1109":{"t":"C550"},"110A":{"t":"C550"},"110B":{"t":"C550"},"110C":{"t":"C550"},"110D":{"t":"C550"},"110E":{"t":"C550"},"110F":{"t":"C550"},"1110":{"t":"C550"},"1111":{"t":"C550"},"1112":{"t":"C550"},"1139":{"t":"C25B"},"1161":{"t":"GLF4"},"1163":{"t":"GLF5"},"1164":{"t":"GLF5"},"1165":{"t":"GLF5"},"1166":{"t":"GLF5"},"1167":{"t":"GLF5"},"1168":{"t":"GLF5"},"1169":{"t":"GLF5"},"116A":{"t":"GLF5"},"116B":{"t":"GLF5"},"1182":{"t":"F2TH"},"1183":{"t":"F2TH"},"1184":{"t":"F2TH"},"1185":{"t":"F2TH"},"1186":{"t":"F2TH"},"1187":{"t":"F2TH"},"1188":{"t":"F2TH"},"11A1":{"t":"BE40"},"11A2":{"t":"BE40"},"11A4":{"t":"BE40"},"11A5":{"t":"BE40"},"11A6":{"t":"BE40"},"11A8":{"t":"BE40"},"11A9":{"t":"BE40"},"11AA":{"t":"BE40"},"11AB":{"t":"BE40"},"11AC":{"t":"BE40"},"11AD":{"t":"BE40"},"11AE":{"t":"BE40"},"11AF":{"t":"BE40"},"11B0":{"t":"BE40"},"11B1":{"t":"BE40"},"11B2":{"t":"BE40"},"11B3":{"t":"BE40"},"11B4":{"t":"BE40"},"11B5":{"t":"BE40"},"11B6":{"t":"BE40"},"11B7":{"t":"BE40"},"11B8":{"t":"BE40"},"11B9":{"t":"BE40"},"11BA":{"t":"BE40"},"11CC":{"t":"H25B"},"11CF":{"t":"H25B"},"11D0":{"t":"F2TH"},"11D1":{"t":"F2TH"},"11D2":{"t":"F2TH"},"11D3":{"t":"F2TH"},"11D5":{"t":"H25B"},"11D6":{"t":"H25B"},"11D7":{"t":"C56X"},"11D8":{"t":"H25B"},"11D9":{"t":"C56X"},"11DA":{"t":"C56X"},"11E2":{"t":"BE40"},"11E3":{"t":"B190"},"1201":{"t":"H25B"},"1206":{"t":"F900"},"120A":{"t":"H25B"},"120E":{"t":"C510"},"1216":{"t":"C510"},"1217":{"t":"FA20"},"121A":{"t":"C56X"},"1221":{"t":"C56X"},"1222":{"t":"C56X"},"1241":{"t":"H25B"},"1242":{"t":"H25B"},"1243":{"t":"H25B"},"1244":{"t":"H25B"},"1245":{"t":"H25B"},"1246":{"t":"H25B"},"1247":{"t":"H25B"},"1248":{"t":"H25B"},"1249":{"t":"H25B"},"124A":{"t":"H25B"},"124B":{"t":"H25B"},"124C":{"t":"H25B"},"124D":{"t":"H25B"},"124E":{"t":"H25B"},"124F":{"t":"H25B"},"1250":{"t":"H25B"},"1251":{"t":"H25B"},"1252":{"t":"H25B"},"1253":{"t":"H25B"},"1254":{"t":"H25B"},"1255":{"t":"H25B"},"1256":{"t":"H25B"},"1257":{"t":"H25B"},"1258":{"t":"H25B"},"1259":{"t":"H25B"},"125A":{"t":"H25B"},"1261":{"t":"FA7X"},"1262":{"t":"FA7X"},"1263":{"t":"FA7X"},"1264":{"t":"FA7X"},"1281":{"t":"C560"},"1282":{"t":"F900"},"1283":{"t":"E50P"},"1284":{"t":"FA7X"},"1286":{"t":"F2TH"},"1288":{"t":"LJ60"},"128A":{"t":"CL60"},"128B":{"t":"CL60"},"128C":{"t":"LJ40"},"128D":{"t":"LJ45"},"1291":{"t":"E55P"},"1293":{"t":"FA7X"},"1298":{"t":"C56X"},"129A":{"t":"F2TH"},"12A1":{"t":"H25B"},"12A2":{"t":"H25B"},"12A3":{"t":"H25B"},"12A4":{"t":"H25B"},"12A5":{"t":"H25B"},"12A6":{"t":"H25B"},"12A7":{"t":"H25B"},"12A8":{"t":"H25B"},"12C9":{"t":"GLEX"},"1302":{"t":"C56X"},"1303":{"t":"C56X"},"1304":{"t":"C56X"},"1305":{"t":"C56X"},"1306":{"t":"C56X"},"1307":{"t":"C56X"},"1308":{"t":"C56X"},"1309":{"t":"C56X"},"130A":{"t":"C56X"},"130B":{"t":"C56X"},"130C":{"t":"C56X"},"130D":{"t":"C56X"},"130E":{"t":"C56X"},"130F":{"t":"C56X"},"1310":{"t":"C56X"},"1311":{"t":"C56X"},"1312":{"t":"C56X"},"1313":{"t":"C56X"},"1314":{"t":"C56X"},"1315":{"t":"C56X"},"1316":{"t":"C56X"},"1317":{"t":"C56X"},"1318":{"t":"C56X"},"1319":{"t":"C56X"},"131A":{"t":"C56X"},"1D81":{"t":"GLEX"},"1D82":{"t":"GLEX"},"1D83":{"t":"GLEX"},"1D84":{"t":"GLEX"},"1D85":{"t":"GLEX"},"302D":{"t":"GL5T"},"4101":{"t":"E55P"},"4102":{"t":"E55P"},"4103":{"t":"E55P"},"4104":{"t":"E55P"},"4105":{"t":"E55P"},"4106":{"t":"E55P"},"4108":{"t":"E55P"},"411A":{"t":"E55P"},"5089":{"t":"A310"},"50A9":{"t":"A310"},"50AA":{"t":"A310"},"50B8":{"t":"A310"},"50C9":{"t":"LJ45"},"50CB":{"t":"B752"},"50CD":{"t":"B772"},"50CE":{"t":"F900"},"50CF":{"t":"LJ40"},"50D1":{"t":"LJ45"},"50D2":{"t":"LJ45"},"50D3":{"t":"B763"},"50D4":{"t":"B763"},"50D5":{"t":"A319"},"50D6":{"t":"CL30"},"50D7":{"t":"A345"},"50D8":{"t":"A345"},"50D9":{"t":"A320"},"50DA":{"t":"A332"},"50F5":{"t":"A310"},"50F6":{"t":"A310"},"5145":{"t":"A321"},"5146":{"t":"A320"},"5147":{"t":"A321"},"5169":{"t":"A310"},"516A":{"t":"A320"},"516B":{"t":"A320"},"516C":{"t":"A320"},"516D":{"t":"A310"},"516E":{"t":"A310"},"516F":{"t":"A320"},"5170":{"t":"A320"},"518F":{"t":"B763"},"5190":{"t":"F2TH"},"5191":{"t":"B763"},"5195":{"t":"A319"},"5197":{"t":"LJ45"},"5198":{"t":"B752"},"5199":{"t":"FA7X"},"519A":{"t":"B763"},"51B4":{"t":"A333"},"51B7":{"t":"A320"},"51C1":{"t":"A320"},"51C2":{"t":"A320"},"51C5":{"t":"A320"},"51C7":{"t":"A320"},"51C8":{"t":"A320"},"51C9":{"t":"A320"},"51CA":{"t":"A320"},"51CB":{"t":"A320"},"51CC":{"t":"A320"},"51CD":{"t":"A320"},"51CE":{"t":"A320"},"51D0":{"t":"A320"},"51D1":{"t":"A320"},"51D2":{"t":"A320"},"51D3":{"t":"A320"},"51D4":{"t":"A320"},"51D5":{"t":"A320"},"51D6":{"t":"A320"},"51D7":{"t":"A320"},"51D8":{"t":"A320"},"51E1":{"t":"A343"},"51E2":{"t":"A343"},"51E3":{"t":"A343"},"51E4":{"t":"A343"},"51E5":{"t":"A332"},"51E6":{"t":"A332"},"51E7":{"t":"A332"},"51E8":{"t":"A332"},"51E9":{"t":"A332"},"51EA":{"t":"A332"},"51EB":{"t":"A332"},"51EC":{"t":"A332"},"51ED":{"t":"A332"},"51EE":{"t":"A332"},"51EF":{"t":"A332"},"51F0":{"t":"A332"},"5201":{"t":"F100"},"5202":{"t":"F100"},"5203":{"t":"F100"},"5204":{"t":"F100"},"5205":{"t":"F100"},"5206":{"t":"F100"},"5207":{"t":"E145"},"5208":{"t":"E145"},"520C":{"t":"E145"},"520D":{"t":"E145"},"520E":{"t":"E145"},"5224":{"t":"A320"},"5229":{"t":"B763"},"522A":{"t":"A319"},"522B":{"t":"A320"},"522C":{"t":"A343"},"522D":{"t":"A343"},"522F":{"t":"A320"},"5230":{"t":"A332"},"5233":{"t":"A320"},"5235":{"t":"B738"},"5236":{"t":"A310"},"5237":{"t":"A332"},"5239":{"t":"A343"},"523A":{"t":"A343"},"5248":{"t":"A333"},"5249":{"t":"A333"},"524A":{"t":"A321"},"524B":{"t":"A320"},"524C":{"t":"A320"},"524D":{"t":"A320"},"524F":{"t":"A320"},"526C":{"t":"GL5T"},"5272":{"t":"A318"},"5281":{"t":"A319"},"5282":{"t":"A319"},"5283":{"t":"A319"},"5284":{"t":"A319"},"5285":{"t":"A319"},"5286":{"t":"A319"},"5287":{"t":"A319"},"5288":{"t":"A319"},"5289":{"t":"A319"},"528A":{"t":"A319"},"528B":{"t":"A319"},"528C":{"t":"A319"},"528D":{"t":"A319"},"528E":{"t":"A319"},"528F":{"t":"A319"},"5290":{"t":"A319"},"5291":{"t":"A319"},"5292":{"t":"A319"},"5293":{"t":"A319"},"5295":{"t":"A319"},"5296":{"t":"A319"},"7C71":{"r":"17401","t":"FA50"},"7C72":{"r":"17402","t":"FA50"},"7CA5":{"r":"16705","t":"C295"},"8421":{"r":"3085","t":"A319"},"8422":{"r":"2801","t":"A319"},"8424":{"r":"2408","t":"AN26"},"8425":{"r":"1016","t":"T154"},"8426":{"r":"5105","t":"CL60"},"8447":{"r":"2601","t":"L410"},"8448":{"r":"2602","t":"L410"},"8487":{"r":"0453","t":"C295"},"8488":{"r":"0454","t":"C295"},"8489":{"r":"0455","t":"C295"},"C06C":{"r":"OK-QUA 95"},"D002":{"r":"OK-YAD","t":"A310"},"D006":{"r":"OK-TVF","t":"B738"},"D009":{"r":"OK-SLA","t":"C525"},"D00A":{"r":"OK-ACH","t":"C550"},"D00B":{"r":"OK-SWU","t":"B735"},"D00C":{"r":"OK-SWV","t":"B735"},"D00D":{"r":"OK-TVJ","t":"B738"},"D010":{"r":"OK-GEA","t":"A320"},"D011":{"r":"OK-GEB","t":"A320"},"D012":{"r":"OK-CEC","t":"A321"},"D013":{"r":"OK-CED","t":"A321"},"D018":{"r":"OK-SLS","t":"C560"},"D01D":{"r":"OK-KKG","t":"E135"},"D01E":{"r":"OK-CCE","t":"SF24"},"D021":{"r":"OK-FGS","t":"B734"},"D025":{"r":"OK-KFO","t":"AT45"},"D027":{"r":"OK-REQ","t":"A319"},"D02D":{"r":"OK-CCB","t":"SF24"},"D03B":{"r":"OK-CGH","t":"B735"},"D03D":{"r":"OK-SLX","t":"C56X"},"D040":{"r":"OK-LEE","t":"A320"},"D041":{"r":"OK-LEF","t":"A320"},"D042":{"r":"OK-LEG","t":"A320"},"D044":{"r":"OK-SUN","t":"E135"},"D04D":{"r":"OK-TVG","t":"B738"},"D04E":{"r":"OK-CGK","t":"B735"},"D04F":{"r":"OK-UNI","t":"C680"},"D050":{"r":"OK-GGG","t":"E135"},"D052":{"r":"OK-UBA","t":"L410"},"D053":{"r":"OK-MEI","t":"A320"},"D054":{"r":"OK-MEJ","t":"A320"},"D055":{"r":"OK-MEK","t":"A319"},"D056":{"r":"OK-MEL","t":"A319"},"D05A":{"r":"OK-HCB","t":"A320"},"D05C":{"r":"OK-ORL","t":"PA32"},"D062":{"r":"OK-RDA","t":"L410"},"D063":{"r":"OK-MEH","t":"A320"},"D066":{"r":"OK-JDM","t":"LJ60"},"D069":{"r":"OK-FGR","t":"B734"},"D07A":{"r":"OK-LFD","t":"B350"},"D07F":{"r":"OK-TWI","t":"SR20"},"D083":{"r":"OK-TOP","t":"P46T"},"D08A":{"r":"OK-DGL","t":"B735"},"D08B":{"r":"OK-CGT","t":"B734"},"D08E":{"r":"OK-CCK","t":"B737"},"D08F":{"r":"OK-TVE","t":"B738"},"D091":{"r":"OK-XGB","t":"B735"},"D092":{"r":"OK-NEM","t":"A319"},"D093":{"r":"OK-NEN","t":"A319"},"D094":{"r":"OK-NEO","t":"A319"},"D095":{"r":"OK-NEP","t":"A319"},"D097":{"r":"OK-ROM","t":"E135"},"D099":{"r":"OK-XGD","t":"B735"},"D09B":{"r":"OK-ASA","t":"L410"},"D09E":{"r":"OK-TVH","t":"B738"},"D0A3":{"r":"OK-XGC","t":"B735"},"D0A4":{"r":"OK-HLB","t":"B350"},"D0A6":{"r":"OK-DGN","t":"B734"},"D0A7":{"r":"OK-YAC","t":"A310"},"D0A8":{"r":"OK-DGM","t":"B734"},"D0A9":{"r":"OK-DSJ","t":"C525"},"D0AC":{"r":"OK-EGP","t":"B734"},"D0AD":{"r":"OK-EGO","t":"B735"},"D0AE":{"r":"OK-XGA","t":"B735"},"D0AF":{"r":"OK-CGJ","t":"B735"},"D0B0":{"r":"OK-KAZ","t":"H25B"},"D0B4":{"r":"OK-XGE","t":"B735"},"D0B5":{"r":"OK-MPM"},"D0BD":{"r":"OK-OER","t":"A319"},"D0BF":{"r":"OK-TCA","t":"L410"},"D0C6":{"r":"OK-SLN","t":"E135"},"D0CA":{"r":"OK-TOS","t":"BE20"},"D0E0":{"r":"OK-JNT","t":"E135"},"D0F4":{"r":"OK-PPC","t":"C510"},"D109":{"r":"OK-TVN","t":"B738"},"D10F":{"r":"OK-FTR","t":"C510"},"D112":{"r":"OK-TVK","t":"B738"},"D113":{"r":"OK-UNO","t":"BE20"},"D116":{"r":"OK-XLS","t":"C56X"},"D11C":{"r":"OK-TKN","t":"P210"},"D132":{"r":"OK-GCE","t":"B737"},"D133":{"r":"OK-GCF","t":"B737"},"D138":{"r":"OK-NTG","t":"P46T"},"D139":{"r":"OK-SIM","t":"R44"},"D13D":{"r":"OK-TVL","t":"B738"},"D13F":{"r":"OK-TVM","t":"B738"},"D14C":{"r":"OK-PET","t":"A319"},"D152":{"r":"OK-LEO","t":"C510"},"D177":{"r":"OK-AJA","t":"C510"},"D17C":{"r":"OK-PIK","t":"B738"},"D192":{"r":"OK-CCA","t":"B733"},"D193":{"r":"OK-TVO","t":"B738"},"D1A0":{"r":"OK-PBS","t":"C525"},"D1A8":{"r":"OK-TVP","t":"B738"},"D1AA":{"r":"OK-PRG","t":"BE9L"},"D1B4":{"r":"OK-SLD","t":"L410"},"D1C6":{"r":"OK-TVT","t":"B738"},"D1C7":{"r":"OK-FCY","t":"C25A"},"D1CD":{"r":"OK-TVS","t":"B738"},"D213":{"r":"OK-UHE","t":"SR22"},"D232":{"r":"OK-TSE","t":"B738"},"D23F":{"r":"OK-ILA","t":"C25A"},"D241":{"r":"OK-RHM","t":"BE40"},"D253":{"r":"OK-OBR","t":"C510"},"D254":{"r":"OK-PMC","t":"PC12"},"D257":{"r":"OK-MAR","t":"C25A"},"D258":{"r":"OK-HCA","t":"A320"},"D266":{"r":"OK-TVX","t":"B738"},"D26C":{"r":"OK-TVR","t":"B738"},"D276":{"r":"OK-TVU","t":"B738"},"D283":{"r":"OK-AGT","t":"P28A"},"D287":{"r":"OK-TVV","t":"B738"},"D29E":{"r":"OK-PHE","t":"E55P"},"D2A7":{"r":"OK-SWX","t":"B737"},"D2A8":{"r":"OK-ESC","t":"BE40"},"D2AA":{"r":"OK-UGJ","t":"C680"},"D2AE":{"r":"OK-PCC","t":"PC12"},"D2B7":{"r":"OK-TVW","t":"B738"},"D2B9":{"r":"OK-SWW","t":"B737"},"D2C1":{"r":"OK-TVA","t":"B738"},"D2C2":{"r":"OK-TVB","t":"B738"},"D2C3":{"r":"OK-TVC","t":"B738"},"D2C4":{"r":"OK-TVD","t":"B738"},"D2FB":{"r":"OK-TSA","t":"B738"},"D2FC":{"r":"OK-TSC","t":"B738"},"D300":{"r":"OK-AZI","t":"SR22"},"D306":{"r":"OK-KKF","t":"GLF5"},"D315":{"r":"OK-EAS","t":"BE40"},"D327":{"r":"OK-TSD","t":"B738"},"D335":{"r":"OK-OKV","t":"PAY3"},"DA7A":{"r":"OK-VSZ","t":"C550"},"DCF8":{"r":"OK-WGX","t":"B734"},"DCF9":{"r":"OK-WGY","t":"B734"}}