{"0073":{"r":"HB-AEL","t":"B190"},"0076":{"r":"HB-AEO","t":"D328"},"0079":{"r":"HB-AER","t":"D328"},"007A":{"r":"HB-AES","t":"D328"},"007C":{"r":"HB-AEU","t":"D328"},"007D":{"r":"HB-AEV","t":"D328"},"0085":{"r":"HB-AFD","t":"AT43"},"0087":{"r":"HB-AFF","t":"AT43"},"0088":{"r":"HB-AFG","t":"AT72"},"0089":{"r":"HB-AFH","t":"AT72"},"008B":{"r":"HB-AFJ","t":"AT72"},"008C":{"r":"HB-AFK","t":"AT72"},"008D":{"r":"HB-AFL","t":"AT72"},"008E":{"r":"HB-AFM","t":"AT72"},"008F":{"r":"HB-AFN","t":"AT72"},"0091":{"r":"HB-AFP","t":"AT72"},"0093":{"r":"HB-AFR","t":"AT72"},"0094":{"r":"HB-AFS","t":"AT72"},"0097":{"r":"HB-AFV","t":"AT72"},"0098":{"r":"HB-AFW","t":"AT72"},"0551":{"r":"HB-CAJ","t":"C140"},"0699":{"r":"HB-CMZ","t":"C182"},"07C1":{"r":"HB-CYJ","t":"C10T"},"080E":{"r":"HB-DBI","t":"R90R"},"0824":{"r":"HB-DCE","t":"WA40"},"0890":{"r":"HB-DGI","t":"M20P"},"0893":{"r":"HB-DGL","t":"M20P"},"08A2":{"r":"HB-DHA","t":"M20P"},"08BE":{"r":"HB-DIC","t":"M20P"},"08CA":{"r":"HB-DIO","t":"M20P"},"0A1B":{"r":"HB-DVN","t":"M20P"},"0A2A":{"r":"HB-DWC","t":"M20P"},"0E8E":{"r":"HB-FNI"},"0EA6":{"r":"HB-FOG","t":"PC12"},"0EA8":{"r":"HB-FOI","t":"PC12"},"0EAF":{"r":"HB-FOP","t":"PC12"},"0EB0":{"r":"HB-FOQ","t":"PC12"},"0EB2":{"r":"HB-FOS","t":"PC12"},"0EB3":{"r":"HB-FOT","t":"PC12"},"0EB6":{"r":"HB-FOW","t":"PC12"},"0EB7":{"r":"HB-FOX","t":"PC12"},"0EB8":{"r":"HB-FOY","t":"PC12"},"0EBC":{"r":"HB-FPC","t":"PC12"},"0EC2":{"r":"HB-FPI","t":"PC12"},"0ECB":{"r":"HB-FPR","t":"PC12"},"0ECC":{"r":"HB-FPS","t":"PC12"},"0ECD":{"r":"HB-FPT","t":"PC12"},"0ED2":{"r":"HB-FPY","t":"PC12"},"0ED3":{"r":"HB-FPZ","t":"PC12"},"0ED5":{"r":"HB-FQB","t":"PC12"},"0ED6":{"r":"HB-FQC","t":"PC12"},"0EDC":{"r":"HB-FQI","t":"PC12"},"0EDD":{"r":"HB-FQJ","t":"PC12"},"0EDE":{"r":"HB-FQK","t":"PC12"},"0EDF":{"r":"HB-FQL","t":"PC12"},"0EE0":{"r":"HB-FQM","t":"PC12"},"0EE1":{"r":"HB-FQN","t":"PC12"},"0EE2":{"r":"HB-FQO","t":"PC12"},"0EE3":{"r":"HB-FQP","t":"PC12"},"0EE4":{"r":"HB-FQQ","t":"PC12"},"0EE5":{"r":"HB-FQR","t":"PC12"},"0EE6":{"r":"HB-FQS","t":"PC12"},"0EE7":{"r":"HB-FQT","t":"PC12"},"0EE8":{"r":"HB-FQU","t":"PC12"},"0EE9":{"r":"HB-FQV","t":"PC12"},"0EEA":{"r":"HB-FQW","t":"PC12"},"0EEB":{"r":"HB-FQX","t":"PC12"},"0EEC":{"r":"HB-FQY","t":"PC12"},"0EED":{"r":"HB-FQZ","t":"PC12"},"0EEE":{"r":"HB-FRA","t":"PC12"},"0EEF":{"r":"HB-FRB","t":"PC12"},"0EF0":{"r":"HB-FRC","t":"PC12"},"0EF1":{"r":"HB-FRD","t":"PC12"},"0EF2":{"r":"HB-FRE","t":"PC12"},"0EF3":{"r":"HB-FRF","t":"PC12"},"0EF4":{"r":"HB-FRG","t":"PC12"},"0EF5":{"r":"HB-FRH","t":"PC12"},"0EF6":{"r":"HB-FRI","t":"PC12"},"0EF7":{"r":"HB-FRJ","t":"PC12"},"0EF8":{"r":"HB-FRK","t":"PC12"},"0EF9":{"r":"HB-FRL","t":"PC12"},"0EFA":{"r":"HB-FRM","t":"PC12"},"0EFC":{"r":"HB-FRO","t":"PC12"},"0EFD":{"r":"HB-FRP","t":"PC12"},"0EFE":{"r":"HB-FRQ","t":"PC12"},"0F00":{"r":"HB-FRS","t":"PC12"},"0F02":{"r":"HB-FRU","t":"PC12"},"0F04":{"r":"HB-FRW","t":"PC12"},"0F05":{"r":"HB-FRX","t":"PC12"},"0F06":{"r":"HB-FRY","t":"PC12"},"0F08":{"r":"HB-FSA","t":"PC12"},"0F0B":{"r":"HB-FSD","t":"PC12"},"0F0D":{"r":"HB-FSF","t":"PC12"},"0F0E":{"r":"HB-FSG","t":"PC12"},"0F10":{"r":"HB-FSI","t":"PC12"},"0F11":{"r":"HB-FSJ","t":"PC12"},"0F12":{"r":"HB-FSK","t":"PC12"},"0F14":{"r":"HB-FSM","t":"PC12"},"0F15":{"r":"HB-FSN","t":"PC12"},"0F16":{"r":"HB-FSO","t":"PC12"},"0F17":{"r":"HB-FSP","t":"PC12"},"0F18":{"r":"HB-FSQ","t":"PC12"},"0F19":{"r":"HB-FSR","t":"PC12"},"0F1A":{"r":"HB-FSS","t":"PC12"},"0F1B":{"r":"HB-FST","t":"PC12"},"0F1C":{"r":"HB-FSU","t":"PC12"},"0F1E":{"r":"HB-FSW","t":"PC12"},"0F1F":{"r":"HB-FSX","t":"PC12"},"0F21":{"r":"HB-FSZ","t":"PC12"},"0F22":{"r":"HB-FTA","t":"PC12"},"0F23":{"r":"HB-FTB","t":"PC12"},"0F26":{"r":"HB-FTE","t":"PC12"},"0F27":{"r":"HB-FTF","t":"PC12"},"0F28":{"r":"HB-FTG","t":"PC12"},"0F2C":{"r":"HB-FTK","t":"PC12"},"0F2E":{"r":"HB-FTM","t":"PC12"},"0F2F":{"r":"HB-FTN","t":"PC12"},"0F32":{"r":"HB-FTQ","t":"PC12"},"0F34":{"r":"HB-FTS","t":"PC12"},"0F37":{"r":"HB-FTV","t":"PC12"},"0F39":{"r":"HB-FTX","t":"PC12"},"0F56":{"r":"HB-FVA","t":"PC12"},"0F58":{"r":"HB-FVC","t":"PC12"},"0F59":{"r":"HB-FVD","t":"PC12"},"0F5B":{"r":"HB-FVF","t":"PC12"},"0F5D":{"r":"HB-FVH","t":"PC12"},"0F5E":{"r":"HB-FVI","t":"PC12"},"0F5F":{"r":"HB-FVJ","t":"PC12"},"0F60":{"r":"HB-FVK","t":"PC12"},"0F61":{"r":"HB-FVL","t":"PC12"},"0F62":{"r":"HB-FVM","t":"PC12"},"0F64":{"r":"HB-FVO","t":"PC12"},"0F65":{"r":"HB-FVP","t":"PC12"},"0F66":{"r":"HB-FVQ","t":"PC12"},"0F69":{"r":"HB-FVT","t":"PC12"},"0F6A":{"r":"HB-FVU","t":"PC12"},"0F6C":{"r":"HB-FVW","t":"PC12"},"0F6F":{"r":"HB-FVZ","t":"PC12"},"0F76":{"r":"HB-FWG","t":"PC12"},"0F77":{"r":"HB-FWH","t":"PC12"},"0F86":{"r":"HB-FWW","t":"PC12"},"0FA1":{"r":"HB-FXX","t":"PC12"},"21A3":{"r":"HB-MTF","t":"E300"},"25C4":{"r":"HB-OHW","t":"P28R"},"272B":{"r":"HB-OVR","t":"PA24"},"283E":{"r":"HB-PGG","t":"P28A"},"28A2":{"r":"HB-PKC","t":"PA46"},"28BD":{"r":"HB-PLD","t":"PA46"},"2929":{"r":"HB-PPH","t":"PA46"},"293F":{"r":"HB-PQD","t":"P28A"},"2949":{"r":"HB-PQN","t":"PA32"},"2965":{"r":"HB-PRP","t":"P46T"},"2FE2":{"r":"HB-SDM","t":"DA42"},"3272":{"r":"HB-TCS","t":"P210"},"37B1":{"r":"HB-VCJ","t":"H25B"},"37B5":{"r":"HB-VCN","t":"SBR1"},"37D8":{"r":"HB-VDW","t":"LJ45"},"383F":{"r":"HB-VHV","t":"H25B"},"385F":{"r":"HB-VJB","t":"C501"},"388E":{"r":"HB-VKW","t":"H25B"},"3897":{"r":"HB-VLF","t":"H25B"},"3898":{"r":"HB-VLG","t":"H25B"},"38AB":{"r":"HB-VLZ","t":"C560"},"38B5":{"r":"HB-VMJ","t":"C550"},"38B7":{"r":"HB-VML","t":"LJ45"},"38BA":{"r":"HB-VMO","t":"C560"},"38C0":{"r":"HB-VMU","t":"C560"},"38C1":{"r":"HB-VMV","t":"C560"},"38C3":{"r":"HB-VMX","t":"C550"},"38C4":{"r":"HB-VMY","t":"C550"},"38C6":{"r":"HB-VNA","t":"C560"},"38C7":{"r":"HB-VNB","t":"C560"},"38CA":{"r":"HB-VNE"},"38CE":{"r":"HB-VNI","t":"C560"},"38D8":{"r":"HB-VNS","t":"C560"},"38DB":{"r":"HB-VNV","t":"LJ60"},"38DC":{"r":"HB-VNW","t":"C560"},"38DF":{"r":"HB-VNZ","t":"C550"},"38E2":{"r":"HB-VOC","t":"C560"},"38E4":{"r":"HB-VOE","t":"C25A"},"38E5":{"r":"HB-VOF","t":"C525"},"38E6":{"r":"HB-VOG","t":"C525"},"38E7":{"r":"HB-VOH","t":"C550"},"38E8":{"r":"HB-VOI","t":"PRM1"},"38E9":{"r":"HB-VOJ","t":"H25B"},"38EB":{"r":"HB-VOL","t":"C25A"},"38ED":{"r":"HB-VON","t":"C560"},"38EE":{"r":"HB-VOO","t":"H25C"},"38EF":{"r":"HB-VOP","t":"C25A"},"38F0":{"r":"HB-VOQ","t":"H25C"},"38F2":{"r":"HB-VOS","t":"PRM1"},"38F3":{"r":"HB-VOT","t":"H25B"},"38F4":{"r":"HB-VOU","t":"C560"},"38F5":{"r":"HB-VOV","t":"C525"},"38F6":{"r":"HB-VOW","t":"C25B"},"38F8":{"r":"HB-VOY","t":"H25B"},"38F9":{"r":"HB-VOZ","t":"LJ60"},"38FA":{"r":"HB-VPA","t":"C25C"},"38FB":{"r":"HB-VPB","t":"C25A"},"38FE":{"r":"HB-VPE","t":"C25A"},"38FF":{"r":"HB-VPF","t":"C525"},"3900":{"r":"HB-VPG","t":"E55P"},"3903":{"r":"HB-VPJ","t":"H25B"},"3906":{"r":"HB-VPM","t":"C510"},"390B":{"r":"HB-VPR","t":"E55P"},"390F":{"r":"HB-VPV","t":"BE40"},"3943":{"r":"HB-VRV","t":"E50P"},"3974":{"r":"HB-VTS","t":"PRM1"},"39B0":{"r":"HB-VWA","t":"C25A"},"39B1":{"r":"HB-VWB","t":"C25B"},"39B2":{"r":"HB-VWC","t":"C25B"},"39B3":{"r":"HB-VWD","t":"C56X"},"39B4":{"r":"HB-VWE","t":"C56X"},"39B5":{"r":"HB-VWF","t":"C525"},"39B9":{"r":"HB-VWJ","t":"C560"},"39BB":{"r":"HB-VWL","t":"C510"},"39BC":{"r":"HB-VWM","t":"C525"},"39BD":{"r":"HB-VWN","t":"LJ60"},"39C0":{"r":"HB-VWQ","t":"E50P"},"39C2":{"r":"HB-VWS","t":"C510"},"39C6":{"r":"HB-VWW","t":"C525"},"39C9":{"r":"HB-VWZ","t":"C510"},"39F0":{"r":"HB-VYM","t":"E55P"},"3EF6":{"r":"HB-XVY","t":"AS32"},"4073":{"r":"HB-YKP","t":"GLST"},"40B1":{"r":"HB-YMZ","t":"RV4"},"424E":{"r":"HB-ZCW","t":"MD90"},"437E":{"r":"HB-ZOO","t":"AS55"},"43DF":{"r":"HB-ZSH","t":"EC20"},"4421":{"r":"HB-ZUV","t":"A139"},"4CCA":{"r":"HB-2083","t":"G109"},"4E42":{"r":"HB-2459","t":"DIMO"},"7F4C":{"r":"T-785","t":"F900"},"7F5A":{"r":"A-108","t":"PC21"},"7F5B":{"r":"A-107","t":"PC21"},"7F77":{"r":"T-729","t":"B190"},"7F9D":{"r":"T-322","t":"AS32"},"7FA2":{"r":"T-317","t":"AS32"},"7FA5":{"r":"T-314","t":"AS32"},"7FA9":{"r":"A-106","t":"PC21"},"7FAA":{"r":"A-105","t":"PC21"},"7FAB":{"r":"A-104","t":"PC21"},"7FAC":{"r":"A-103","t":"PC21"},"7FAD":{"r":"A-102","t":"PC21"},"7FAE":{"r":"A-101","t":"PC21"},"7FD4":{"r":"T-784","t":"C56X"},"7FD5":{"r":"T-721","t":"B350"},"7FE3":{"r":"T-783","t":"FA50"},"8209":{"r":"004","t":"C650"},"820A":{"r":"005","t":"C650"},"8260":{"r":"69-032","t":"C160"},"8425":{"t":"B738"},"8428":{"t":"B738"},"8429":{"t":"B738"},"842A":{"t":"B738"},"842B":{"t":"B738"},"842C":{"t":"B738"},"842E":{"t":"B738"},"842F":{"t":"B738"},"8430":{"t":"B738"},"8432":{"t":"B738"},"8433":{"t":"B738"},"8434":{"t":"B738"},"8435":{"t":"B738"},"8436":{"t":"B738"},"8439":{"t":"B738"},"843A":{"t":"B738"},"844B":{"t":"A30B"},"844C":{"t":"A320"},"844E":{"t":"CL60"},"8450":{"t":"B738"},"8464":{"t":"A30B"},"8465":{"t":"A30B"},"8466":{"t":"B744"},"8468":{"t":"B744"},"8470":{"t":"B738"},"8475":{"t":"A30B"},"8479":{"t":"A30B"},"847A":{"t":"A30B"},"8490":{"t":"B738"},"84B0":{"t":"B738"},"84C6":{"t":"CL30"},"84EB":{"t":"A30B"},"84F0":{"t":"B738"},"8510":{"t":"B738"},"8530":{"t":"B738"},"8533":{"t":"B738"},"8550":{"t":"B738"},"856B":{"t":"F900"},"85B0":{"t":"B738"},"85C1":{"t":"A319"},"85D0":{"t":"B738"},"8604":{"t":"B734"},"8608":{"t":"B738"},"8609":{"t":"B738"},"860A":{"t":"B738"},"8612":{"t":"B734"},"8615":{"t":"B738"},"8642":{"t":"CL30"},"8643":{"t":"LJ60"},"8644":{"t":"CL60"},"8650":{"t":"B734"},"866C":{"t":"CL60"},"8670":{"t":"B738"},"8681":{"t":"GLF4"},"8682":{"t":"A321"},"8683":{"t":"F2TH"},"8684":{"t":"A319"},"8685":{"t":"A321"},"8686":{"t":"A321"},"8687":{"t":"A321"},"8688":{"t":"A321"},"868A":{"t":"A320"},"868B":{"t":"A320"},"868D":{"t":"A320"},"868F":{"t":"A321"},"8690":{"t":"C680"},"8694":{"t":"A320"},"8699":{"t":"A321"},"86D0":{"t":"B738"},"8750":{"t":"B738"},"8752":{"t":"F900"},"8C70":{"t":"B738"},"8D87":{"t":"H25B"},"8D88":{"t":"CL60"},"8DAB":{"t":"CL60"},"8E01":{"t":"B738"},"8E02":{"t":"B738"},"8E03":{"t":"B738"},"8E04":{"t":"B738"},"8E05":{"t":"B738"},"8E06":{"t":"B738"},"8E07":{"t":"B738"},"8E09":{"t":"B738"},"8E0A":{"t":"B738"},"8E0C":{"t":"B738"},"8E0D":{"t":"B738"},"8E0E":{"t":"B738"},"8E0F":{"t":"B738"},"8E81":{"t":"B738"},"9027":{"t":"C56X"},"902B":{"t":"C56X"},"9061":{"t":"A320"},"9065":{"t":"A320"},"90EE":{"t":"F2TH"},"919A":{"t":"C56X"},"91B2":{"t":"H25B"},"91F9":{"t":"H25B"},"932F":{"t":"GLF4"},"9685":{"t":"B752"},"9686":{"t":"A321"},"9688":{"t":"A321"},"968A":{"t":"A321"},"968D":{"t":"A321"},"968E":{"t":"A321"},"9690":{"t":"A332"},"9696":{"t":"A321"},"9845":{"t":"A320"},"9846":{"t":"A320"},"9847":{"t":"A321"},"9848":{"t":"A320"},"984A":{"t":"A320"},"984F":{"t":"A320"},"9852":{"t":"A320"},"9856":{"t":"A320"},"9859":{"t":"A320"},"9902":{"t":"A320"},"9905":{"t":"A320"},"9922":{"t":"CL60"},"992E":{"t":"H25B"},"9C30":{"t":"GLF4"},"9DAD":{"t":"FA7X"},"9EB2":{"t":"C25B"},"9ED3":{"t":"E135"},"A468":{"t":"E135"},"A4A8":{"t":"A321"},"A599":{"t":"H25B"},"A60B":{"t":"GLF4"},"A672":{"t":"CL30"},"A674":{"t":"C680"},"A741":{"t":"A320"},"A742":{"t":"B738"},"A743":{"t":"B738"},"A744":{"t":"B738"},"A745":{"t":"B738"},"A746":{"t":"B738"},"A747":{"t":"B738"},"A748":{"t":"A319"},"A74C":{"t":"A320"},"A752":{"t":"A319"},"A829":{"t":"A320"},"A849":{"t":"A320"},"A874":{"t":"A310"},"A876":{"t":"A310"},"A879":{"t":"A310"},"A87A":{"t":"A310"},"A887":{"t":"B734"},"A888":{"t":"B734"},"A88A":{"t":"A343"},"A88B":{"t":"A343"},"A88C":{"t":"A343"},"A88D":{"t":"A343"},"A88E":{"t":"A343"},"A88F":{"t":"A332"},"A890":{"t":"A332"},"A892":{"t":"A332"},"A894":{"t":"B734"},"A8C3":{"t":"B738"},"A8C4":{"t":"B738"},"A8C5":{"t":"B738"},"A8C6":{"t":"B738"},"A8C7":{"t":"B738"},"A8C8":{"t":"B738"},"A8C9":{"t":"B738"},"A8CA":{"t":"B738"},"A8CB":{"t":"B738"},"A8CC":{"t":"B738"},"A8CD":{"t":"B738"},"A8CE":{"t":"B738"},"A8CF":{"t":"B738"},"A8D0":{"t":"B738"},"A8D2":{"t":"B738"},"A8D4":{"t":"B738"},"A8D5":{"t":"B738"},"A8D6":{"t":"B738"},"A8D9":{"t":"B738"},"A8DA":{"t":"B738"},"A8E1":{"t":"B738"},"A8E2":{"t":"B738"},"A8E3":{"t":"B738"},"A8E4":{"t":"B738"},"A8E6":{"t":"B738"},"A8E7":{"t":"B738"},"A8E8":{"t":"B738"},"A8E9":{"t":"B738"},"A8EA":{"t":"B738"},"A8EB":{"t":"B738"},"A8EC":{"t":"B738"},"A8ED":{"t":"B738"},"A8EE":{"t":"B738"},"A8EF":{"t":"B738"},"A8F0":{"t":"B738"},"A8F2":{"t":"B738"},"A8F3":{"t":"B738"},"A8F4":{"t":"B738"},"A8F5":{"t":"B738"},"A8F6":{"t":"B738"},"A8F9":{"t":"B738"},"A8FA":{"t":"B738"},"A901":{"t":"B738"},"A902":{"t":"B738"},"A903":{"t":"B738"},"A904":{"t":"B738"},"A905":{"t":"B738"},"A906":{"t":"B738"},"A907":{"t":"B738"},"A908":{"t":"B738"},"A909":{"t":"B738"},"A90A":{"t":"B738"},"A90B":{"t":"B738"},"A90C":{"t":"B738"},"A90D":{"t":"B738"},"A90E":{"t":"B738"},"A90F":{"t":"B738"},"A910":{"t":"B738"},"A912":{"t":"B738"},"A913":{"t":"B738"},"A914":{"t":"B738"},"A915":{"t":"B738"},"A916":{"t":"B738"},"A919":{"t":"B738"},"A91A":{"t":"B738"},"A928":{"t":"A343"},"A929":{"t":"A343"},"A92A":{"t":"A343"},"A92B":{"t":"A343"},"A92D":{"t":"A332"},"A92F":{"t":"A332"},"A930":{"t":"A332"},"A932":{"t":"A332"},"A933":{"t":"A332"},"A934":{"t":"A332"},"A941":{"t":"B77W"},"A942":{"t":"B77W"},"A943":{"t":"B77W"},"A944":{"t":"B77W"},"A945":{"t":"B773"},"A946":{"t":"B77W"},"A947":{"t":"B77W"},"A948":{"t":"B77W"},"A949":{"t":"B773"},"A94A":{"t":"B77W"},"A94B":{"t":"B77W"},"A94C":{"t":"B77W"},"A94D":{"t":"B77W"},"A94E":{"t":"B77W"},"A94F":{"t":"B77W"},"A950":{"t":"B77W"},"A952":{"t":"B77W"},"A953":{"t":"B77W"},"A954":{"t":"B77W"},"A955":{"t":"B77W"},"A956":{"t":"B77W"},"A95A":{"t":"B77W"},"A967":{"t":"B737"},"A968":{"t":"B737"},"A969":{"t":"B737"},"A96A":{"t":"B737"},"A96B":{"t":"B737"},"A96C":{"t":"B737"},"A96D":{"t":"B737"},"A96E":{"t":"B737"},"A96F":{"t":"B737"},"A970":{"t":"B737"},"A972":{"t":"B737"},"A973":{"t":"B737"},"A974":{"t":"B737"},"A98A":{"t":"A320"},"A98B":{"t":"A320"},"A98C":{"t":"A320"},"A98D":{"t":"A319"},"A98E":{"t":"A319"},"A98F":{"t":"A319"},"A990":{"t":"A319"},"A992":{"t":"A319"},"A993":{"t":"A319"},"A994":{"t":"A319"},"A995":{"t":"A319"},"A996":{"t":"A319"},"A999":{"t":"A319"},"A99A":{"t":"A319"},"A9A3":{"t":"A321"},"A9A4":{"t":"A321"},"A9A5":{"t":"A321"},"A9A6":{"t":"A321"},"A9A8":{"t":"A321"},"A9A9":{"t":"A321"},"A9AA":{"t":"A321"},"A9AB":{"t":"A321"},"A9AC":{"t":"A321"},"A9AE":{"t":"A321"},"A9C1":{"t":"A332"},"A9C2":{"t":"A332"},"A9C3":{"t":"A332"},"A9C4":{"t":"A332"},"A9C5":{"t":"A332"},"A9C6":{"t":"A332"},"A9C7":{"t":"A332"},"A9C8":{"t":"A332"},"A9C9":{"t":"A333"},"A9CA":{"t":"A333"},"A9CB":{"t":"A333"},"A9CC":{"t":"A333"},"A9CD":{"t":"A333"},"A9CE":{"t":"A333"},"A9CF":{"t":"A333"},"A9D0":{"t":"A333"},"A9D2":{"t":"A333"},"A9D3":{"t":"A333"},"A9D4":{"t":"A333"},"A9DA":{"t":"A333"},"A9E1":{"t":"A333"},"A9E2":{"t":"A333"},"A9E3":{"t":"A333"},"A9E4":{"t":"A333"},"A9E5":{"t":"A333"},"A9E6":{"t":"A333"},"A9E8":{"t":"A333"},"A9ED":{"t":"A333"},"A9F5":{"t":"A332"},"AA01":{"t":"A320"},"AA02":{"t":"A320"},"AA03":{"t":"A320"},"AA04":{"t":"A320"},"AA05":{"t":"A320"},"AA06":{"t":"A320"},"AA07":{"t":"A320"},"AA08":{"t":"A320"},"AA09":{"t":"A320"},"AA0A":{"t":"A320"},"AA0B":{"t":"A320"},"AA0C":{"t":"A320"},"AA0D":{"t":"A320"},"AA0E":{"t":"A320"},"AA0F":{"t":"A320"},"AA10":{"t":"A320"},"AA12":{"t":"A320"},"AA13":{"t":"A320"},"AA14":{"t":"A320"},"AA15":{"t":"A320"},"AA16":{"t":"A320"},"AA19":{"t":"A320"},"AA41":{"t":"A321"},"AA42":{"t":"A321"},"AA43":{"t":"A321"},"AA44":{"t":"A321"},"AA45":{"t":"A321"},"AA46":{"t":"A321"},"AA47":{"t":"A321"},"AA48":{"t":"A321"},"AA49":{"t":"A321"},"AA4A":{"t":"A321"},"AA4B":{"t":"A321"},"AA4C":{"t":"A321"},"AA4D":{"t":"A321"},"AA4E":{"t":"A321"},"AA4F":{"t":"A321"},"AA50":{"t":"A321"},"AA52":{"t":"A321"},"AA53":{"t":"A321"},"AA54":{"t":"A321"},"AA55":{"t":"A321"},"AA56":{"t":"A321"},"AA59":{"t":"A321"},"AA5A":{"t":"A321"},"AA61":{"t":"A321"},"AA62":{"t":"A321"},"AA63":{"t":"A321"},"AA64":{"t":"A321"},"AA65":{"t":"A321"},"AA66":{"t":"A321"},"AA67":{"t":"A321"},"AA68":{"t":"A321"},"AA69":{"t":"A321"},"AA6A":{"t":"A321"},"AA6B":{"t":"A321"},"AA6C":{"t":"A321"},"AA6D":{"t":"A321"},"AA6E":{"t":"A321"},"AA6F":{"t":"A321"},"AA70":{"t":"A321"},"AA74":{"t":"A321"},"AA75":{"t":"A321"},"AA76":{"t":"A321"},"AAA1":{"t":"A319"},"AAA2":{"t":"A319"},"AAA4":{"t":"A319"},"AAC1":{"t":"B738"},"AAC2":{"t":"B738"},"AAC3":{"t":"B738"},"AAC4":{"t":"B738"},"AAC5":{"t":"B738"},"AAC6":{"t":"B738"},"AAC7":{"t":"B738"},"AB21":{"t":"B739"},"AB22":{"t":"B739"},"AB23":{"t":"B739"},"AB24":{"t":"B739"},"AB25":{"t":"B739"},"AB26":{"t":"B739"},"AB27":{"t":"B739"},"AB28":{"t":"B739"},"AB29":{"t":"B739"},"AB2A":{"t":"B739"},"AB2C":{"t":"B739"},"AB2D":{"t":"B739"},"AB2E":{"t":"B739"},"AB30":{"t":"B739"},"AC32":{"t":"CL30"},"AD01":{"t":"H25B"},"AD02":{"t":"GLF4"},"AD07":{"t":"GLF5"},"AD81":{"t":"A320"},"AD82":{"t":"A320"},"AE4D":{"t":"GL5T"},"AE84":{"t":"A321"},"AF56":{"t":"A30B"},"B0B2":{"t":"A310"},"B143":{"t":"B77W"},"B18C":{"t":"C56X"},"B1D3":{"t":"C56X"},"B42E":{"t":"H25B"},"B42F":{"t":"B738"},"B461":{"t":"A306"},"B462":{"t":"A30B"},"B463":{"t":"A306"},"B464":{"t":"A306"},"B465":{"t":"A306"},"B466":{"t":"B734"},"B47A":{"t":"A332"},"B4AE":{"t":"LJ60"},"B541":{"t":"GL5T"},"B542":{"t":"CL60"},"B561":{"t":"C550"},"B572":{"t":"F900"},"B5A7":{"t":"F900"},"B5C2":{"t":"A30B"},"B5C3":{"t":"A30B"},"B5C4":{"t":"A30B"},"B5CA":{"t":"A30B"},"B5D5":{"t":"A30B"},"B5D6":{"t":"A306"},"B5E8":{"t":"H25B"},"B64B":{"t":"F2TH"},"B662":{"t":"BE40"},"B66F":{"t":"B738"},"B741":{"t":"GLF4"},"B75A":{"t":"B738"},"B8AF":{"t":"BE40"},"BAA2":{"t":"H25B"},"BC21":{"t":"A306"},"BC22":{"t":"A306"},"BC25":{"t":"A321"},"BC26":{"t":"A321"},"BC27":{"t":"A306"},"BC28":{"t":"A306"},"BC29":{"t":"A321"},"BC2B":{"t":"A321"},"BC2C":{"t":"A321"},"BC2E":{"t":"A321"},"BC2F":{"t":"A306"},"BC30":{"r":"TC-TUB","t":"A321"},"BC33":{"t":"MD83"},"BC34":{"t":"MD83"},"BC35":{"t":"MD83"},"BC36":{"t":"MD83"},"BC3A":{"t":"A306"},"BC44":{"t":"A320"},"BC45":{"t":"A320"},"BC46":{"t":"A321"},"BC47":{"t":"A320"},"BC48":{"t":"A320"},"BC49":{"t":"A320"},"BC4A":{"t":"A321"},"BC4B":{"t":"A321"},"BC4C":{"t":"A321"},"BC4D":{"t":"A321"},"BC4E":{"t":"A320"},"BC4F":{"t":"A320"},"BC50":{"t":"A320"},"BC52":{"t":"A321"},"BC53":{"t":"A320"},"BC55":{"t":"A320"},"BC56":{"t":"A321"},"BC59":{"t":"A321"},"BC5A":{"t":"A321"},"BC61":{"t":"A333"},"BC62":{"t":"A333"},"BC63":{"t":"A333"},"BC64":{"t":"A333"},"BCEA":{"t":"A320"},"BCF4":{"t":"B752"},"BD2C":{"t":"FA7X"},"BDCA":{"t":"A321"},"BDCD":{"t":"MD88"},"BDCE":{"t":"MD88"},"BDCF":{"t":"MD88"},"BDD0":{"t":"MD88"},"BDD2":{"t":"MD88"},"BDD3":{"t":"A321"},"BF24":{"t":"C680"},"C9AB":{"t":"F2TH"},"CC22":{"t":"CL60"},"CC23":{"t":"B738"},"CC24":{"t":"B738"},"CC25":{"t":"B738"},"CC26":{},"CC27":{},"CC29":{"t":"B738"},"CC2A":{"t":"B738"},"CC2B":{"t":"B738"},"CC4C":{"t":"H25B"},"CC72":{"t":"CL30"},"CCE2":{"t":"A310"},"CCE4":{"t":"B734"},"CCE5":{"t":"B734"},"CCE8":{"t":"B738"},"CCE9":{"t":"B738"},"CCEC":{"t":"B738"},"CCED":{"t":"A310"},"CCEE":{"t":"A320"},"CCEF":{"t":"F2TH"},"CD05":{"t":"H25B"},"CD64":{"t":"B734"},"CD65":{"t":"B734"},"CD66":{"t":"B734"},"CD67":{"t":"B734"},"CD68":{"t":"B738"},"CD69":{"t":"A321"},"CD6A":{"t":"A320"},"CD6B":{"t":"A320"},"CD6D":{"t":"B734"},"CD6E":{"t":"B739"},"CD70":{"t":"B739"},"CD72":{"t":"B738"},"CD73":{"t":"B738"},"CD74":{"t":"A320"},"CDC5":{"t":"B738"},"CDC6":{"t":"B738"},"CDC7":{"t":"B738"},"CDC8":{"t":"B738"},"CDC9":{"t":"B738"},"CDCA":{"t":"B738"},"CDCB":{"t":"F2TH"},"CDCC":{"t":"B738"},"CDCD":{"t":"B738"},"CDCE":{"t":"B738"},"CDCF":{"t":"B738"},"CDD0":{"t":"B738"},"CDD2":{"t":"B738"},"CDD4":{"t":"B738"},"CDD5":{"t":"B738"},"CDD6":{"t":"B738"},"CDD9":{"t":"B738"},"CE0C":{"t":"CL30"},"CE8F":{"t":"C650"},"CEA9":{"t":"B738"},"CEAC":{"t":"B738"},"CEAD":{"t":"B738"},"CEAF":{"t":"B738"},"CEB5":{"t":"B738"},"CEB6":{"t":"B738"},"CEB9":{"t":"B738"},"CEBA":{"t":"B738"},"D036":{"t":"H25B"},"D063":{"t":"A320"},"D065":{"t":"A321"},"D066":{"t":"A321"},"D067":{"t":"A321"},"D068":{"t":"A320"},"D142":{"t":"B733"},"D143":{"t":"B734"},"D145":{"t":"B734"},"D146":{"t":"B734"},"D147":{"t":"B738"},"D148":{"t":"B738"},"D149":{"t":"B738"},"D14A":{"t":"B738"},"D14B":{"t":"B738"},"D150":{"t":"B738"},"D16E":{"t":"C680"},"D181":{"t":"B734"},"D182":{"t":"B734"},"D183":{"t":"B734"},"D184":{"t":"B734"},"D185":{"t":"B734"},"D188":{"t":"B738"},"D283":{"t":"GLF5"},"D2C1":{"t":"C680"},"D8AC":{"t":"A310"},"E421":{"t":"GLEX"},"E427":{"t":"E190"},"children":["4B1"]}