{"038":{"r":"HB-GDS","t":"BE55"},"091":{"r":"HB-GHD","t":"BE9T"},"0C9":{"r":"HB-GJH","t":"BE9L"},"0D0":{"r":"HB-GJO","t":"BE58"},"0D1":{"r":"HB-GJP","t":"BE30"},"0D5":{"r":"HB-GJT","t":"BE30"},"0D6":{"r":"HB-GJU","t":"B350"},"0F6":{"r":"HB-GLA","t":"BE20"},"0F7":{"r":"HB-GLB","t":"BE20"},"160":{"r":"HB-GPC","t":"BE58"},"162":{"r":"HB-GPE","t":"BE36"},"165":{"r":"HB-GPH","t":"BE20"},"166":{"r":"HB-GPI","t":"BE30"},"170":{"r":"HB-GPS","t":"BE20"},"1DE":{"r":"HB-GTY","t":"B350"},"4D3":{"r":"HB-HXB","t":"PC21"},"4D4":{"r":"HB-HXC","t":"PC21"},"4D5":{"r":"HB-HXD","t":"PC21"},"4F0":{"r":"HB-HYE","t":"PC21"},"4F1":{"r":"HB-HYF","t":"PC21"},"508":{"r":"HB-HZC","t":"PC21"},"509":{"r":"HB-HZD","t":"PC21"},"527":{"r":"HB-IAH","t":"F900"},"529":{"r":"HB-IAJ","t":"F2TH"},"534":{"r":"HB-IAU","t":"F2TH"},"536":{"r":"HB-IAW","t":"F2TH"},"537":{"r":"HB-IAX","t":"F2TH"},"539":{"r":"HB-IAZ","t":"F2TH"},"541":{"r":"HB-IBH","t":"F2TH"},"577":{"r":"HB-IDJ","t":"CL60"},"58C":{"r":"HB-IEE","t":"B752"},"5AB":{"r":"HB-IFJ","t":"F900"},"5B2":{"r":"HB-IFQ","t":"F900"},"5C4":{"r":"HB-IGI","t":"F900"},"5C7":{"r":"HB-IGL","t":"F900"},"5C8":{"r":"HB-IGM","t":"GLF5"},"5CC":{"r":"HB-IGQ","t":"F2TH"},"5D4":{"r":"HB-IGY","t":"F900"},"5E6":{"r":"HB-IHQ","t":"GLEX"},"5E8":{"r":"HB-IHS","t":"B752"},"5ED":{"r":"HB-IHX","t":"A320"},"5EE":{"r":"HB-IHY","t":"A320"},"5EF":{"r":"HB-IHZ","t":"A320"},"600":{"r":"HB-IIQ","t":"B737"},"601":{"r":"HB-IIR","t":"B738"},"60B":{"r":"HB-IJB","t":"A320"},"60D":{"r":"HB-IJD","t":"A320"},"60E":{"r":"HB-IJE","t":"A320"},"60F":{"r":"HB-IJF","t":"A320"},"611":{"r":"HB-IJH","t":"A320"},"612":{"r":"HB-IJI","t":"A320"},"613":{"r":"HB-IJJ","t":"A320"},"614":{"r":"HB-IJK","t":"A320"},"615":{"r":"HB-IJL","t":"A320"},"616":{"r":"HB-IJM","t":"A320"},"617":{"r":"HB-IJN","t":"A320"},"618":{"r":"HB-IJO","t":"A320"},"619":{"r":"HB-IJP","t":"A320"},"61A":{"r":"HB-IJQ","t":"A320"},"61B":{"r":"HB-IJR","t":"A320"},"61C":{"r":"HB-IJS","t":"A320"},"61E":{"r":"HB-IJU","t":"A320"},"61F":{"r":"HB-IJV","t":"A320"},"620":{"r":"HB-IJW","t":"A320"},"621":{"r":"HB-IJX","t":"A320"},"636":{"r":"HB-IKS","t":"CL60"},"63D":{"r":"HB-IKZ","t":"GLEX"},"661":{"r":"HB-IMJ","t":"GLF5"},"670":{"r":"HB-IMY","t":"GLF4"},"67B":{"r":"HB-INJ","t":"GLEX"},"68E":{"r":"HB-IOC","t":"A321"},"68F":{"r":"HB-IOD","t":"A321"},"691":{"r":"HB-IOF","t":"A321"},"693":{"r":"HB-IOH","t":"A321"},"696":{"r":"HB-IOK","t":"A321"},"697":{"r":"HB-IOL","t":"A321"},"698":{"r":"HB-IOM","t":"A321"},"699":{"r":"HB-ION","t":"A321"},"69B":{"r":"HB-IOP","t":"A320"},"69C":{"r":"HB-IOQ","t":"A320"},"69D":{"r":"HB-IOR","t":"A320"},"69E":{"r":"HB-IOS","t":"A320"},"69F":{"r":"HB-IOT","t":"A320"},"6A0":{"r":"HB-IOU","t":"A320"},"6A2":{"r":"HB-IOW","t":"A320"},"6A3":{"r":"HB-IOX","t":"A319"},"6A4":{"r":"HB-IOY","t":"A319"},"6A5":{"r":"HB-IOZ","t":"A320"},"6B7":{"r":"HB-IPR","t":"A319"},"6B8":{"r":"HB-IPS","t":"A319"},"6B9":{"r":"HB-IPT","t":"A319"},"6BA":{"r":"HB-IPU","t":"A319"},"6BB":{"r":"HB-IPV","t":"A319"},"6BD":{"r":"HB-IPX","t":"A319"},"6BE":{"r":"HB-IPY","t":"A319"},"6C0":{"r":"HB-IQA","t":"A332"},"6C2":{"r":"HB-IQC","t":"A332"},"6C7":{"r":"HB-IQH","t":"A332"},"6C8":{"r":"HB-IQI","t":"A332"},"6C9":{"r":"HB-IQJ","t":"A332"},"6CE":{"r":"HB-IQO","t":"A332"},"6D0":{"r":"HB-IQQ","t":"A332"},"6D9":{"r":"HB-IQZ","t":"A332"},"6F8":{"r":"HB-ISE","t":"B763"},"73B":{"r":"HB-IUT","t":"GALX"},"73E":{"r":"HB-IUW","t":"F900"},"73F":{"r":"HB-IUX","t":"F900"},"74B":{"r":"HB-IVJ","t":"GLF6"},"74D":{"r":"HB-IVL","t":"GLF5"},"754":{"r":"HB-IVS","t":"CL60"},"75B":{"r":"HB-IVZ","t":"GLF5"},"774":{"r":"HB-IWY","t":"GLF4"},"783":{"r":"HB-IXN","t":"RJ1H"},"784":{"r":"HB-IXO","t":"RJ1H"},"785":{"r":"HB-IXP","t":"RJ1H"},"786":{"r":"HB-IXQ","t":"RJ1H"},"787":{"r":"HB-IXR","t":"RJ1H"},"788":{"r":"HB-IXS","t":"RJ1H"},"789":{"r":"HB-IXT","t":"RJ1H"},"78A":{"r":"HB-IXU","t":"RJ1H"},"78B":{"r":"HB-IXV","t":"RJ1H"},"78C":{"r":"HB-IXW","t":"RJ1H"},"78D":{"r":"HB-IXX","t":"RJ1H"},"793":{"r":"HB-IYD"},"798":{"r":"HB-IYI","t":"SB20"},"7A0":{"r":"HB-IYQ","t":"RJ1H"},"7A1":{"r":"HB-IYR","t":"RJ1H"},"7A2":{"r":"HB-IYS","t":"RJ1H"},"7A3":{"r":"HB-IYT","t":"RJ1H"},"7A4":{"r":"HB-IYU","t":"RJ1H"},"7A5":{"r":"HB-IYV","t":"RJ1H"},"7A6":{"r":"HB-IYW","t":"RJ1H"},"7A8":{"r":"HB-IYY","t":"RJ1H"},"7A9":{"r":"HB-IYZ","t":"RJ1H"},"7B0":{"r":"HB-IZG","t":"SB20"},"7B1":{"r":"HB-IZH","t":"SB20"},"7B3":{"r":"HB-IZJ","t":"SB20"},"7B9":{"r":"HB-IZP","t":"SB20"},"7BE":{"r":"HB-IZU","t":"SB20"},"7C0":{"r":"HB-IZW","t":"SB20"},"7C1":{"r":"HB-IZX","t":"SB20"},"7C3":{"r":"HB-IZZ","t":"SB20"},"82D":{"r":"HB-JEB","t":"GALX"},"82E":{"r":"HB-JEC","t":"CL30"},"82F":{"r":"HB-JED","t":"E135"},"830":{"r":"HB-JEE","t":"GLF5"},"832":{"r":"HB-JEG","t":"F2TH"},"833":{"r":"HB-JEH","t":"GLEX"},"837":{"r":"HB-JEL","t":"E135"},"839":{"r":"HB-JEN","t":"GLEX"},"83B":{"r":"HB-JEP","t":"GLF5"},"83D":{"r":"HB-JER","t":"GLEX"},"83E":{"r":"HB-JES","t":"GLF5"},"83F":{"r":"HB-JET","t":"F2TH"},"841":{"r":"HB-JEV","t":"GLF5"},"843":{"r":"HB-JEX","t":"GLEX"},"844":{"r":"HB-JEY","t":"GLEX"},"845":{"r":"HB-JEZ","t":"C750"},"846":{"r":"HB-JFA","t":"CL60"},"847":{"r":"HB-JFB","t":"GL5T"},"848":{"r":"HB-JFC","t":"CL60"},"849":{"r":"HB-JFD","t":"C750"},"84A":{"r":"HB-JFE","t":"GLEX"},"84E":{"r":"HB-JFI","t":"F2TH"},"84F":{"r":"HB-JFJ","t":"CL60"},"850":{"r":"HB-JFK","t":"E50P"},"851":{"r":"HB-JFL","t":"E135"},"852":{"r":"HB-JFM","t":"CL30"},"853":{"r":"HB-JFN","t":"FA7X"},"854":{"r":"HB-JFO","t":"CL30"},"85E":{"r":"HB-JFY","t":"GLEX"},"85F":{"r":"HB-JFZ","t":"CL60"},"860":{"r":"HB-JGA","t":"DH8D"},"861":{"r":"HB-JGB","t":"GLF4"},"864":{"r":"HB-JGE","t":"GLEX"},"865":{"r":"HB-JGF","t":"F2TH"},"866":{"r":"HB-JGG","t":"F2TH"},"867":{"r":"HB-JGH","t":"GLEX"},"868":{"r":"HB-JGI","t":"FA7X"},"869":{"r":"HB-JGJ","t":"GLF4"},"86B":{"r":"HB-JGL","t":"GALX"},"86F":{"r":"HB-JGP","t":"GLEX"},"870":{"r":"HB-JGQ","t":"CL30"},"871":{"r":"HB-JGR","t":"CL60"},"872":{"r":"HB-JGS","t":"E135"},"873":{"r":"HB-JGT","t":"CL60"},"874":{"r":"HB-JGU","t":"C750"},"87A":{"r":"HB-JHA","t":"A333"},"87B":{"r":"HB-JHB","t":"A333"},"87C":{"r":"HB-JHC","t":"A333"},"87D":{"r":"HB-JHD","t":"A333"},"87E":{"r":"HB-JHE","t":"A333"},"87F":{"r":"HB-JHF","t":"A333"},"880":{"r":"HB-JHG","t":"A333"},"881":{"r":"HB-JHH","t":"A333"},"882":{"r":"HB-JHI","t":"A333"},"883":{"r":"HB-JHJ","t":"A333"},"884":{"r":"HB-JHK","t":"A333"},"885":{"r":"HB-JHL","t":"A333"},"886":{"r":"HB-JHM","t":"A333"},"887":{"r":"HB-JHN","t":"A333"},"88A":{"r":"HB-JHQ","t":"A333"},"897":{"r":"HB-JID","t":"MD90"},"898":{"r":"HB-JIE","t":"MD90"},"899":{"r":"HB-JIF","t":"MD90"},"89A":{"r":"HB-JIG","t":"C680"},"89B":{"r":"HB-JIH","t":"GL5T"},"89C":{"r":"HB-JII","t":"GLEX"},"89D":{"r":"HB-JIJ","t":"DH8D"},"89E":{"r":"HB-JIK","t":"DH8D"},"89F":{"r":"HB-JIL","t":"C680"},"8A1":{"r":"HB-JIN","t":"F900"},"8AA":{"r":"HB-JIW","t":"A320"},"8AB":{"r":"HB-JIX","t":"A320"},"8AC":{"r":"HB-JIY","t":"A320"},"8AD":{"r":"HB-JIZ","t":"A320"},"8AE":{"r":"HB-JJA","t":"B737"},"8B0":{"r":"HB-JJC","t":"B733"},"8B1":{"r":"HB-JJD","t":"B752"},"8B4":{"r":"HB-JJG","t":"B763"},"8C9":{"r":"HB-JKB","t":"GLF5"},"8CA":{"r":"HB-JKC","t":"GLF5"},"8CB":{"r":"HB-JKD","t":"GALX"},"8CC":{"r":"HB-JKE","t":"GALX"},"8CD":{"r":"HB-JKF","t":"GLF4"},"8CE":{"r":"HB-JKG","t":"GALX"},"8CF":{"r":"HB-JKH","t":"GALX"},"8D0":{"r":"HB-JKI","t":"GLF5"},"8D3":{"r":"HB-JKL","t":"F2TH"},"8EC":{"r":"HB-JLK","t":"FA7X"},"8F1":{"r":"HB-JLP","t":"A320"},"8F2":{"r":"HB-JLQ","t":"A320"},"8F3":{"r":"HB-JLR","t":"A320"},"8F4":{"r":"HB-JLS","t":"A320"},"8F5":{"r":"HB-JLT","t":"A320"},"8FC":{"r":"HB-JMA","t":"A343"},"8FD":{"r":"HB-JMB","t":"A343"},"8FE":{"r":"HB-JMC","t":"A343"},"8FF":{"r":"HB-JMD","t":"A343"},"900":{"r":"HB-JME","t":"A343"},"901":{"r":"HB-JMF","t":"A343"},"902":{"r":"HB-JMG","t":"A343"},"903":{"r":"HB-JMH","t":"A343"},"904":{"r":"HB-JMI","t":"A343"},"905":{"r":"HB-JMJ","t":"A343"},"906":{"r":"HB-JMK","t":"A343"},"907":{"r":"HB-JML","t":"A343"},"908":{"r":"HB-JMM","t":"A343"},"909":{"r":"HB-JMN","t":"A343"},"90A":{"r":"HB-JMO","t":"A343"},"931":{"r":"HB-JOB","t":"FA7X"},"934":{"r":"HB-JOE","t":"GLF5"},"948":{"r":"HB-JOY","t":"A319"},"949":{"r":"HB-JOZ","t":"A320"},"964":{"r":"HB-JQA","t":"DH8D"},"965":{"r":"HB-JQB","t":"DH8D"},"968":{"r":"HB-JQE","t":"E190"},"96A":{"r":"HB-JQG","t":"E190"},"97E":{"r":"HB-JRA","t":"CL60"},"97F":{"r":"HB-JRB","t":"CL60"},"980":{"r":"HB-JRC","t":"CL60"},"982":{"r":"HB-JRE","t":"CL60"},"984":{"r":"HB-JRG","t":"CL60"},"98B":{"r":"HB-JRN","t":"CL60"},"98E":{"r":"HB-JRQ","t":"CL60"},"98F":{"r":"HB-JRR","t":"GL5T"},"990":{"r":"HB-JRS","t":"GL5T"},"991":{"r":"HB-JRT","t":"CL60"},"993":{"r":"HB-JRV","t":"CL60"},"995":{"r":"HB-JRX","t":"GL5T"},"998":{"r":"HB-JSA","t":"FA7X"},"999":{"r":"HB-JSB","t":"F2TH"},"99C":{"r":"HB-JSE","t":"FA7X"},"99E":{"r":"HB-JSG","t":"CL60"},"9A0":{"r":"HB-JSI","t":"FA7X"},"9A3":{"r":"HB-JSL","t":"FA7X"},"9A4":{"r":"HB-JSM","t":"FA7X"},"9A5":{"r":"HB-JSN","t":"FA7X"},"9A6":{"r":"HB-JSO","t":"FA7X"},"9A9":{"r":"HB-JSR","t":"FA50"},"9AA":{"r":"HB-JSS","t":"FA7X"},"9AB":{"r":"HB-JST","t":"FA7X"},"9AC":{"r":"HB-JSU","t":"F900"},"9AF":{"r":"HB-JSX","t":"F900"},"9B0":{"r":"HB-JSY","t":"F900"},"9B1":{"r":"HB-JSZ","t":"FA7X"},"9B3":{"r":"HB-JTB","t":"CL30"},"9C5":{"r":"HB-JTT","t":"GLF5"},"9DE":{"r":"HB-JUS","t":"GLF4"},"9E8":{"r":"HB-JVC","t":"F100"},"9EA":{"r":"HB-JVE","t":"F100"},"9EB":{"r":"HB-JVF","t":"F100"},"9EC":{"r":"HB-JVG","t":"F100"},"9ED":{"r":"HB-JVH","t":"F100"},"9EE":{"r":"HB-JVI","t":"F100"},"9F0":{"r":"HB-JVK","t":"A319"},"9F1":{"r":"HB-JVL","t":"E190"},"9F3":{"r":"HB-JVN","t":"E190"},"9F4":{"r":"HB-JVO","t":"E190"},"9F5":{"r":"HB-JVP","t":"E190"},"9F6":{"r":"HB-JVQ","t":"E190"},"9F7":{"r":"HB-JVR","t":"E190"},"A1A":{"r":"HB-JXA","t":"A320"},"A1B":{"r":"HB-JXB","t":"A320"},"A1D":{"r":"HB-JXD","t":"A320"},"A34":{"r":"HB-JYA","t":"A320"},"A35":{"r":"HB-JYB","t":"A319"},"A36":{"r":"HB-JYC","t":"A319"},"A37":{"r":"HB-JYD","t":"A320"},"A38":{"r":"HB-JYE","t":"A320"},"A39":{"r":"HB-JYF","t":"A319"},"A53":{"r":"HB-JZF","t":"A319"},"A54":{"r":"HB-JZG","t":"A319"},"A55":{"r":"HB-JZH","t":"A319"},"A56":{"r":"HB-JZI","t":"A319"},"A57":{"r":"HB-JZJ","t":"A319"},"A58":{"r":"HB-JZK","t":"A319"},"A59":{"r":"HB-JZL","t":"A319"},"A5A":{"r":"HB-JZM","t":"A319"},"A5B":{"r":"HB-JZN","t":"A319"},"A5C":{"r":"HB-JZO","t":"A319"},"A5D":{"r":"HB-JZP","t":"A319"},"A5E":{"r":"HB-JZQ","t":"A319"},"A5F":{"r":"HB-JZR","t":"A320"},"A60":{"r":"HB-JZS","t":"A319"},"A61":{"r":"HB-JZT","t":"A319"},"A62":{"r":"HB-JZU","t":"A319"},"A63":{"r":"HB-JZV","t":"A319"},"A64":{"r":"HB-JZW","t":"A319"},"A65":{"r":"HB-JZX","t":"A320"},"A66":{"r":"HB-JZY","t":"A320"},"A67":{"r":"HB-JZZ","t":"A319"},"A69":{"r":"HB-KAB","t":"TRIN"},"AA4":{"r":"HB-KCI","t":"HUSK"},"AE9":{"r":"HB-KEZ"},"B20":{"r":"HB-KHC","t":"TBM7"},"B47":{"r":"HB-KIP","t":"HUSK"},"B4E":{"r":"HB-KIW","t":"BE33"},"BDF":{"r":"HB-KOL","t":"TBM7"},"BFF":{"r":"HB-KPR","t":"SR22"},"E1C":{"r":"HB-LKM","t":"PA34"},"E69":{"r":"HB-LNL","t":"PAY2"},"E75":{"r":"HB-LNX","t":"PAY2"},"EBB":{"r":"HB-LQP","t":"PA31"},"EDB":{"r":"HB-LRV","t":"PAY2"},"EE3":{"r":"HB-LSD","t":"PA34"},"F02":{"r":"HB-LTI","t":"PA31"},"F06":{"r":"HB-LTM","t":"PAY4"},"F07":{"r":"HB-LTN","t":"P180"},"F13":{"r":"HB-LTZ","t":"P180"},"F14":{"r":"HB-LUA","t":"P68"},"F21":{"r":"HB-LUN","t":"P68"},"F26":{"r":"HB-LUS","t":"P180"},"F27":{"r":"HB-LUT","t":"P180"},"F29":{"r":"HB-LUV","t":"C303"}}