{"00001":{"r":"T7-FRA","t":"C525"},"00002":{"r":"T7-BIG","t":"SR22"},"00008":{"r":"T7-VII","t":"C650"},"00013":{"r":"T7-IAC","t":"SR22"},"00037":{"r":"T7-PBL","t":"PC12"},"0003C":{"r":"T7-NIK","t":"F2TH"},"00040":{"r":"T7-TIL","t":"GLF5"},"00049":{"r":"T7-MJB","t":"F900"},"0004B":{"r":"T7-NTF","t":"SR22"},"0004C":{"r":"T7-TAN","t":"C750"},"00058":{"r":"T7-MRA","t":"A320"},"00059":{"r":"T7-MRB","t":"A320"},"0005A":{"r":"T7-MRC","t":"A320"},"0005B":{"r":"T7-MRD","t":"A320"},"0005C":{"r":"T7-TUN","t":"H25B"},"00065":{"r":"T7-SCI","t":"LJ45"},"000B2":{"r":"T7-MGA","t":"FDCT"},"01001":{"r":"ZA-MAL","t":"B462"},"01002":{"r":"ZA-MEV","t":"B463"},"01CD0":{"r":"9A-CDD","t":"MD82"},"01CFD":{"r":"9A-CTF","t":"A320"},"01D13":{"r":"9A-CRO","t":"CL60"},"01D18":{"r":"9A-CTG","t":"A319"},"01D1D":{"r":"9A-CTH","t":"A319"},"01D1E":{"r":"9A-CTI","t":"A319"},"01D1F":{"r":"9A-CTJ","t":"A320"},"01D20":{"r":"9A-CTK","t":"A320"},"01D21":{"r":"9A-CTL","t":"A319"},"01D7C":{"r":"9A-BTD","t":"F100"},"01D7D":{"r":"9A-BTE","t":"F100"},"01D82":{"r":"9A-CTM","t":"A319"},"01D84":{"r":"9A-CDA","t":"MD83"},"01D8B":{"r":"9A-CDB","t":"MD83"},"01D8F":{"r":"9A-CDC","t":"MD82"},"01D91":{"r":"9A-CDE","t":"MD82"},"01DB3":{"r":"9A-DWA","t":"C25A"},"01DC6":{"r":"9A-CLN","t":"C25A"},"01DE7":{"r":"9A-JSB","t":"C525"},"02C12":{"r":"YL-RAA","t":"AN26"},"02C13":{"r":"YL-RAB","t":"AN26"},"02C14":{"r":"YL-RAC","t":"AN26"},"02C15":{"r":"YL-RAD","t":"AN26"},"02C21":{"r":"YL-BBA","t":"B735"},"02C22":{"r":"YL-RAE","t":"AN26"},"02C26":{"r":"YL-BBC","t":"A320"},"02C2B":{"r":"YL-BBD","t":"B735"},"02C2F":{"r":"YL-BBE","t":"B735"},"02C30":{"r":"YL-BBF","t":"B735"},"02C31":{"r":"YL-BBG","t":"B735"},"02C36":{"r":"YL-RAG","t":"SF34"},"02C38":{"r":"YL-BCB","t":"A320"},"02C3F":{"r":"YL-LCA","t":"A320"},"02C40":{"r":"YL-LCB","t":"A320"},"02C41":{"r":"YL-BBL","t":"B733"},"02C42":{"r":"YL-BBK","t":"B733"},"02C44":{"r":"YL-BBN","t":"B735"},"02C45":{"r":"YL-BBP","t":"B735"},"02C46":{"r":"YL-RAH","t":"SF34"},"02C47":{"r":"YL-LCC","t":"A320"},"02C48":{"r":"YL-LCD","t":"A320"},"02C49":{"r":"YL-BBQ","t":"B735"},"02C4A":{"r":"YL-LCY","t":"B763"},"02C4B":{"r":"YL-LCE","t":"A320"},"02C4C":{"r":"YL-LCZ","t":"B763"},"02C50":{"r":"YL-BBI","t":"B733"},"02C52":{"r":"YL-CHD","t":"P46T"},"02C53":{"r":"YL-BBM","t":"B735"},"02C54":{"r":"YL-BBJ","t":"B733"},"02C55":{"r":"YL-BBX","t":"B733"},"02C56":{"r":"YL-BBY","t":"B733"},"02C57":{"r":"YL-BDB","t":"B752"},"02C58":{"r":"YL-BDC","t":"B752"},"02C59":{"r":"YL-LCF","t":"A320"},"02C62":{"r":"YL-BBR","t":"B733"},"02C63":{"r":"YL-BBS","t":"B733"},"02C64":{"r":"YL-ABA","t":"LJ60"},"02C68":{"r":"YL-BAE","t":"DH8D"},"02C69":{"r":"YL-BAF","t":"DH8D"},"02C6A":{"r":"YL-BAH","t":"DH8D"},"02C78":{"r":"YL-LCH","t":"A320"},"02C7B":{"r":"YL-BAJ","t":"DH8D"},"02C7C":{"r":"YL-BAQ","t":"DH8D"},"02C80":{"r":"YL-LCI","t":"A320"},"02C84":{"r":"YL-RAI","t":"AN26"},"02C85":{"r":"YL-RAJ","t":"AN26"},"02C87":{"r":"YL-KSD","t":"H25B"},"02C89":{"r":"YL-BBO","t":"B733"},"02C8B":{"r":"YL-LCJ","t":"A320"},"02C8E":{"r":"YL-LCK","t":"A320"},"02C8F":{"r":"YL-LCL","t":"A320"},"02C9C":{"r":"YL-LCM","t":"A320"},"02CA5":{"r":"YL-LCO","t":"A320"},"02CA6":{"r":"YL-LCN","t":"A320"},"02CAC":{"r":"YL-PSH","t":"B738"},"03C01":{"r":"LY-DSK","t":"H25B"},"03C02":{"r":"LY-FSK","t":"H25B"},"03C03":{"r":"LY-SKJ","t":"B752"},"03C33":{"r":"LY-LTE","t":"BE30"},"03C5B":{"r":"LY-AWD","t":"B735"},"03C5C":{"r":"LY-AWE","t":"B735"},"03C5D":{"r":"LY-AWF","t":"B735"},"03C5E":{"r":"LY-AWG","t":"B735"},"03C5F":{"r":"LY-FLG","t":"B752"},"03C60":{"r":"LY-FLC","t":"B733"},"03C69":{"r":"LY-FLB","t":"B733"},"03C6D":{"r":"LY-FLE","t":"B733"},"03C6E":{"r":"LY-FLH","t":"B733"},"03C6F":{"r":"LY-FLJ","t":"B733"},"03C70":{"r":"LY-AQX","t":"B733"},"03C71":{"r":"LY-AQV","t":"B733"},"03C72":{"r":"LY-SPA","t":"A320"},"03C74":{"r":"LY-SPC","t":"A320"},"03C75":{"r":"LY-SPD","t":"A320"},"03C76":{"r":"LY-AYJ","t":"CRJ2"},"03C7D":{"r":"LY-SPE","t":"B733"},"03C87":{"r":"LY-ARI","t":"AT43"},"03C8B":{"r":"LY-RUM","t":"AT43"},"03C8C":{"r":"LY-ETM","t":"AT43"},"03C8D":{"r":"LY-OOV","t":"AT43"},"03C92":{"r":"LY-DAT"},"03C93":{"r":"LY-MCA","t":"AT72"},"03CAB":{"r":"LY-STG","t":"B737"},"03CC5":{"r":"LY-SKW","t":"B733"},"03CC6":{"r":"LY-SKA","t":"B733"},"03CC7":{"r":"LY-SKR","t":"B752"},"03D04":{"r":"LY-APN","t":"AN26"},"03D10":{"r":"LY-BIG","t":"AN2"},"03D15":{"r":"LY-LTD","t":"H25B"},"03D17":{"r":"LY-LTA","t":"H25B"},"03D20":{"r":"LY-BGC","t":"B733"},"03D81":{"r":"LY-DOT","t":"AT43"},"03D9E":{"r":"LY-VEX","t":"A320"},"03D9F":{"r":"LY-VEZ","t":"A320"},"03DA0":{"r":"LY-VEY","t":"A320"},"03DA1":{"r":"LY-COS","t":"A320"},"03DA3":{"r":"LY-COM","t":"A320"},"03DA4":{"r":"LY-VEU","t":"A319"},"03DA8":{"r":"LY-VER","t":"A320"},"03DA9":{"r":"LY-VEQ","t":"A320"},"03DAA":{"r":"LY-VEP","t":"A320"},"03DAB":{"r":"LY-VEO","t":"A320"},"03DAC":{"r":"LY-VEN","t":"A320"},"03DB1":{"r":"LY-VEK","t":"A320"},"03DC8":{"r":"LY-NSB","t":"SF34"},"03DCA":{"r":"LY-NSC","t":"SF34"},"03DEB":{"r":"LY-HCW","t":"H25B"},"04C5F":{"r":"ER-AXT","t":"A320"},"04D00":{"r":"UP-I7627","t":"IL76"},"04D51":{"r":"ER-AXV","t":"A320"},"04DD9":{"r":"ER-AXP","t":"A320"},"04DDF":{"r":"ER-LGB","t":"LJ60"},"04DE2":{"r":"ER-ECB","t":"E190"},"04E07":{"r":"ER-KVI","t":"F2TH"},"04E14":{"r":"ER-ECC","t":"E190"},"04E2E":{"r":"ER-AXL","t":"A319"},"05C2C":{"r":"OM-ALE","t":"BE20"},"05C47":{"r":"OM-LBG","t":"C25B"},"05C54":{"r":"OM-GTB","t":"B734"},"05C63":{"r":"OM-CCA","t":"B733"},"05C68":{"r":"OM-HCA","t":"A320"},"05C78":{"r":"OM-CEX","t":"B734"},"05C98":{"r":"OM-DEX","t":"B734"},"05CA5":{"r":"OM-EEX","t":"B734"},"05CB8":{"r":"OM-AEX","t":"B734"},"05CD8":{"r":"OM-FEX","t":"B738"},"05CE1":{"r":"OM-GTA","t":"B734"},"05CE3":{"r":"OM-ACG","t":"B744"},"05CF0":{"r":"OM-NGP","t":"B737"},"05D04":{"r":"OM-HLD","t":"A320"},"05D18":{"r":"OM-HEX","t":"B738"},"05D27":{"r":"OM-OIG","t":"H25B"},"05D82":{"r":"OM-HLB","t":"B733"},"05D83":{"r":"OM-HLC","t":"B733"},"05DA3":{"r":"OM-MCA","t":"C414"},"05DD9":{"r":"OM-SYN","t":"C25B"},"05DF0":{"r":"OM-OPA","t":"C25B"},"05E02":{"r":"OM-VPB","t":"PRM1"},"05E05":{"r":"OM-OPE","t":"C25A"},"05E06":{"r":"OM-OPF","t":"F2TH"},"05E12":{"r":"OM-OPR","t":"C525"},"05E14":{"r":"OM-VPT","t":"C25B"},"05E41":{"r":"OM-VRA","t":"AT75"},"05E42":{"r":"OM-VRB","t":"AT72"},"05E44":{"r":"OM-VRD","t":"AT72"},"05E61":{"r":"OM-SAA","t":"B734"},"05E63":{"r":"OM-ASC","t":"B733"},"05E64":{"r":"OM-ASD","t":"B733"},"05E65":{"r":"OM-ASE","t":"B733"},"05E67":{"r":"OM-ASG","t":"B752"},"05E73":{"r":"OM-USS","t":"H25B"},"05E8D":{"r":"OM-ATM","t":"C560"},"05E8E":{"r":"OM-ATN","t":"C550"},"05E92":{"r":"OM-TVR","t":"B738"},"05E93":{"r":"OM-BTS","t":"B735"},"05EAE":{"r":"OM-FUN","t":"BE20"},"05EC1":{"r":"OM-TVA","t":"B738"},"05EC3":{"r":"OM-VRC","t":"AT72"},"05F05":{"r":"OM-BEX","t":"B733"},"05F2F":{"r":"OM-BYO","t":"T154"},"05F32":{"r":"OM-BYR","t":"T154"},"06C01":{"r":"S5-AAA","t":"A320"},"06C02":{"r":"S5-AAB","t":"A320"},"06C03":{"r":"S5-AAC","t":"A320"},"06C04":{"r":"S5-AAD","t":"CRJ2"},"06C05":{"r":"S5-AAE","t":"CRJ2"},"06C06":{"r":"S5-AAF","t":"CRJ2"},"06C07":{"r":"S5-AAG","t":"CRJ2"},"06C08":{"r":"S5-AAH","t":"CRJ1"},"06C0A":{"r":"S5-AAI","t":"CRJ2"},"06C0B":{"r":"S5-AAJ","t":"CRJ2"},"06C0C":{"r":"S5-AAK","t":"CRJ9"},"06C0D":{"r":"S5-AAL","t":"CRJ9"},"06C0E":{"r":"S5-ABL","t":"E135"},"06C11":{"r":"S5-ADA","t":"CL60"},"06C13":{"r":"S5-AAM","t":"B735"},"06C15":{"r":"S5-ABS","t":"A30B"},"06C17":{"r":"S5-ADD","t":"CL60"},"06C19":{"r":"S5-AAN","t":"CRJ9"},"06C1A":{"r":"S5-AAO","t":"CRJ9"},"06C1D":{"r":"S5-ALA","t":"E145"},"06C1E":{"r":"S5-ADF","t":"CL60"},"06C1F":{"r":"S5-ADE","t":"CL30"},"06C20":{"r":"S5-ADG","t":"F2TH"},"06C21":{"r":"S5-AAP","t":"A319"},"06C22":{"r":"S5-AAR","t":"A319"},"06C23":{"r":"S5-AAS","t":"A320"},"06C24":{"r":"S5-AAT","t":"A320"},"06C25":{"r":"S5-ZFL","t":"GLEX"},"06C27":{"r":"S5-GMG","t":"GLEX"},"06C28":{"r":"S5-AAU","t":"CRJ9"},"06C83":{"r":"S5-BAX","t":"C550"},"06C87":{"r":"S5-BAZ","t":"C56X"},"06C88":{"r":"S5-BBD","t":"C56X"},"06C8D":{"r":"S5-BAV","t":"C56X"},"06C8E":{"r":"S5-BAJ","t":"C525"},"06C8F":{"r":"S5-BAW","t":"C25B"},"06C90":{"r":"S5-BAS","t":"C25A"},"06C91":{"r":"S5-BAR","t":"C25A"},"06C92":{"r":"S5-ABV","t":"B734"},"06C95":{"r":"S5-BDG","t":"C56X"},"06C96":{"r":"S5-BDC","t":"C56X"},"06C97":{"r":"S5-BBG","t":"C550"},"06C99":{"r":"S5-ICR","t":"C56X"},"06CD1":{"r":"S5-CMT","t":"C510"},"07C09":{"r":"UK-31001","t":"A310"},"07C0A":{"r":"UK-31002","t":"A310"},"07C0B":{"r":"UK-31003","t":"A310"},"07C28":{"r":"UK-31004","t":"A306"},"07C29":{"r":"UK-31005","t":"A306"},"07C38":{"r":"UK67001","t":"B763"},"07C39":{"r":"UK-67002","t":"B763"},"07C3A":{"r":"UK-32011","t":"A320"},"07C3B":{"r":"UK-32012","t":"A320"},"07C3C":{"r":"UK-32000","t":"A320"},"07C3D":{"r":"UK-32014","t":"A320"},"07C3E":{"r":"UK-32015","t":"A320"},"07C3F":{"r":"UK-32016","t":"A320"},"07C40":{"r":"UK-32017","t":"A320"},"07C41":{"r":"UK-32018","t":"A320"},"07C42":{"r":"UK-32019","t":"A320"},"07C43":{"r":"UK-32020","t":"A320"},"07C44":{"r":"UK67003","t":"B763"},"07C45":{"r":"UK67004","t":"B763"},"07C46":{"r":"UK-75701","t":"B752"},"07C47":{"r":"UK-75702","t":"B752"},"07C48":{"r":"UK67005","t":"B763"},"07C49":{"r":"UK67006","t":"B763"},"08003":{"r":"UR-82029","t":"A124"},"0800B":{"r":"UR-CCC","t":"FA50"},"0800F":{"r":"UR-86528","t":"IL62"},"08011":{"r":"UR-GAH","t":"B733"},"08015":{"r":"UR-82027","t":"A124"},"08019":{"r":"UR-CCB","t":"FA20"},"0801B":{"r":"UR-82007","t":"A124"},"0801C":{"r":"UR-82008","t":"A124"},"0801D":{"r":"UR-82009","t":"A124"},"0801F":{"r":"UR-82072","t":"A124"},"08020":{"r":"UR-82073","t":"A124"},"08021":{"r":"UR-VVA","t":"B733"},"08035":{"r":"UR-82060","t":"A225"},"08056":{"r":"UR-74026","t":"AN72"},"0806B":{"r":"UR-GAJ","t":"B735"},"0806C":{"r":"UR-GAK","t":"B735"},"08080":{"r":"UR-VVF","t":"B763"},"08087":{"r":"UR-GAL","t":"B733"},"0808F":{"r":"UR-CBG","t":"AN12"},"08093":{"r":"UR-GAN","t":"B733"},"08094":{"r":"UR-GAM","t":"B734"},"080AF":{"r":"UR-11819","t":"AN12"},"080B3":{"r":"UR-ZYD","t":"A124"},"080BA":{"r":"UR-CCP","t":"AN12"},"080BB":{"r":"UR-CZZ","t":"AN12"},"080CE":{"r":"UR-GAO","t":"B734"},"080D1":{"r":"UR-CCF","t":"FA50"},"080D5":{"r":"UR-DWD","t":"AN26"},"080E5":{"r":"UR-MDA","t":"AN26"},"080E9":{"r":"UR-GAQ","t":"B733"},"080EB":{"r":"UR-NTA","t":"A148"},"080EE":{"r":"UR-VVL","t":"B734"},"080F2":{"r":"UR-GAP","t":"B734"},"080F7":{"r":"UR-VVM","t":"B734"},"080FD":{"r":"UR-CBF","t":"AN12"},"08105":{"r":"UR-CWA","t":"B350"},"08116":{"r":"UR-CEZ","t":"AN12"},"08118":{"r":"UR-GAR","t":"B735"},"0811D":{"r":"UR-GAS","t":"B735"},"08123":{"r":"UR-GAT","t":"B735"},"08124":{"r":"UR-VVN","t":"B734"},"08128":{"r":"UR-DAB","t":"A320"},"08130":{"r":"UR-CFB","t":"AN12"},"0813C":{"r":"UR-GAU","t":"B735"},"08142":{"r":"UR-CLF","t":"FA20"},"08143":{"r":"UR-MOA","t":"FA20"},"08145":{"r":"UR-GAV","t":"B734"},"08147":{"r":"UR-VVO","t":"B763"},"0814D":{"r":"UR-GAW","t":"B735"},"08150":{"r":"UR-VVP","t":"B734"},"08156":{"r":"UR-DWF","t":"AN12"},"08158":{"r":"UR-NOA","t":"FA20"},"0815B":{"r":"UR-CAH","t":"AN12"},"0815C":{"r":"UR-CAG","t":"AN12"},"0815D":{"r":"UR-CAJ","t":"AN12"},"0815F":{"r":"UR-ABA","t":"A319"},"08166":{"r":"UR-CLD","t":"FA20"},"0816E":{"r":"UR-DNA","t":"E145"},"08179":{"r":"UR-CJN","t":"AN12"},"0817E":{"r":"UR-CGU","t":"AN12"},"08188":{"r":"UR-GBC","t":"B735"},"08189":{"r":"UR-DAC","t":"A320"},"0818A":{"r":"UR-DAD","t":"A320"},"0818D":{"r":"UR-DNF","t":"E145"},"08190":{"r":"UR-CGW","t":"AN12"},"08191":{"r":"UR-CGV","t":"AN12"},"0819F":{"r":"UR-VVR","t":"B733"},"081A0":{"r":"UR-WUA","t":"A320"},"081A1":{"r":"UR-DNG","t":"E145"},"081A6":{"r":"UR-FAA","t":"B733"},"081B4":{"r":"UR-RUS","t":"CRJ2"},"081B7":{"r":"UR-DNH","t":"B735"},"081B8":{"r":"UR-ICD","t":"CRJ2"},"081C7":{"r":"UR-VVS","t":"B735"},"081C8":{"r":"UR-GAX","t":"B734"},"081CA":{"r":"UR-WRF","t":"E190"},"081CC":{"r":"UR-WRG","t":"E190"},"081CD":{"r":"UR-WUB","t":"A320"},"081CE":{"r":"UR-VVT","t":"B763"},"081CF":{"r":"UR-GBD","t":"B733"},"081DB":{"r":"UR-BXN","t":"MD83"},"081DF":{"r":"UR-UTB","t":"AT43"},"081E0":{"r":"UR-PME","t":"C25B"},"081E1":{"r":"UR-DWH","t":"C25B"},"081E5":{"r":"UR-DAV","t":"J328"},"081E7":{"r":"UR-PSA","t":"B738"},"081EA":{"r":"UR-CHT","t":"AN26"},"081EB":{"r":"UR-VVU","t":"B735"},"081EC":{"r":"UR-DNM","t":"B763"},"081EE":{"r":"UR-PSB","t":"B738"},"081FB":{"r":"UR-PSC","t":"B738"},"08206":{"r":"UR-OAM","t":"CRJ2"},"08207":{"r":"UR-PSD","t":"B738"},"08210":{"r":"UR-DNN","t":"E145"},"08213":{"r":"UR-NTC","t":"A148"},"08215":{"r":"UR-DNV","t":"E145"},"08218":{"r":"UR-NTG","t":"B734"},"0821D":{"r":"UR-NTN"},"0822A":{"r":"UR-VVV","t":"B763"},"0822C":{"r":"UR-DAF","t":"A321"},"0822D":{"r":"UR-BXK","t":"AN12"},"0822E":{"r":"UR-WRH","t":"A321"},"0822F":{"r":"UR-WRI","t":"A321"},"08231":{"r":"UR-DAE","t":"A320"},"08232":{"r":"UR-GEC","t":"B763"},"08233":{"r":"UR-AAH","t":"B763"},"0823D":{"r":"UR-CIX","t":"MD88"},"0823E":{"r":"UR-CIY","t":"MD88"},"0823F":{"r":"UR-CIZ","t":"MD88"},"08245":{"r":"UR-AAL","t":"B735"},"08246":{"r":"UR-AAK","t":"B735"},"08247":{"r":"UR-DAK","t":"A320"},"08249":{"r":"UR-DAH","t":"A320"},"0824A":{"r":"UR-DAI","t":"A320"},"0824B":{"r":"UR-DAJ","t":"A320"},"0824F":{"r":"UR-AAI","t":"B763"},"08252":{"r":"UR-CJL","t":"MD88"},"08255":{"r":"UR-ALA","t":"E50P"},"0825B":{"r":"UR-DWL","t":"C25B"},"08267":{"r":"UR-EMA","t":"E190"},"08268":{"r":"UR-EMB","t":"E190"},"0826D":{"r":"UR-ALB","t":"E50P"},"08271":{"r":"UR-AAM","t":"B735"},"08272":{"r":"UR-GBA","t":"B733"},"08278":{"r":"UR-AAN","t":"B738"},"08279":{"r":"UR-AAO","t":"B738"},"0827C":{"r":"UR-LDB","t":"C680"},"0827F":{"r":"UR-KRA","t":"B733"},"08285":{"r":"UR-USB","t":"PRM1"},"0828A":{"r":"UR-PRM","t":"GALX"},"0828C":{"r":"UR-CKA","t":"A320"},"0828D":{"r":"UR-CKB","t":"A320"},"08297":{"r":"UR-AAP","t":"B737"},"08298":{"r":"UR-AAQ","t":"B737"},"0829E":{"r":"UR-CKC","t":"AN72"},"082A0":{"r":"UR-CKL","t":"AN12"},"082A8":{"r":"UR-CKM","t":"AN12"},"082C1":{"r":"UR-ALD","t":"E55P"},"082C7":{"r":"UR-PSH","t":"B738"},"082C8":{"r":"UR-PSG","t":"B738"},"082D3":{"r":"UR-CLT","t":"B763"},"082E6":{"r":"UR-PSI","t":"B738"},"082E8":{"r":"UR-EME","t":"E190"},"082E9":{"r":"UR-EMD","t":"E190"},"082EA":{"r":"UR-EMC","t":"E190"},"082EF":{"r":"UR-PSK","t":"B739"},"08302":{"r":"UR-PSJ","t":"B739"},"0830E":{"r":"UR-AJA","t":"A320"},"0830F":{"r":"UR-AJB","t":"A320"},"0855E":{"r":"UR-CAK","t":"AN12"},"10002":{"r":"EW-85703","t":"T154"},"10010":{"r":"EW-85748","t":"T154"},"10018":{"r":"EW-85741","t":"T154"},"1001C":{"r":"EW-78843","t":"IL76"},"1001F":{"r":"EW-78819","t":"IL76"},"10020":{"r":"EW-78848","t":"IL76"},"1002A":{"r":"EW-250PA","t":"B735"},"1002C":{"r":"EW-251PA","t":"B735"},"10035":{"r":"EW-100PJ","t":"CRJ1"},"1003B":{"r":"EW-259TG","t":"AN26"},"10041":{"r":"EW-252PA","t":"B735"},"10042":{"r":"EW-253PA","t":"B735"},"10043":{"r":"EW-254PA","t":"B733"},"10045":{"r":"EW-275TI","t":"AN12"},"10047":{"r":"EW-277PJ","t":"CRJ2"},"10048":{"r":"EW-282PA","t":"B733"},"10049":{"r":"EW-283PA","t":"B733"},"1004E":{"r":"EW-290PA","t":"B735"},"10051":{"r":"EW-294PA","t":"B735"},"1005A":{"r":"EW-303PJ","t":"CRJ2"},"1005D":{"r":"EW-308PA","t":"B733"},"1005E":{"r":"EW-001PB","t":"B763"},"10069":{"r":"EW-338TI","t":"AN12"},"1006A":{"r":"EW-336PA","t":"B733"},"1006C":{"r":"EW-340PO","t":"E170"},"1006D":{"r":"EW-341PO","t":"E170"},"1007F":{"r":"EW-399PO","t":"E190"},"10080":{"r":"EW-400PO","t":"E190"},"1100C":{"r":"ES-ABH","t":"B735"},"1100F":{"r":"ES-PVS","t":"LJ60"},"11029":{"r":"ES-ABJ","t":"B733"},"1102B":{"r":"ES-PVD","t":"LJ31"},"1102E":{"r":"ES-PVP","t":"LJ60"},"11031":{"r":"ES-ABK","t":"B733"},"11033":{"r":"ES-PVH","t":"LJ31"},"11035":{"r":"ES-YLX","t":"L39"},"11038":{"r":"ES-ABL","t":"B735"},"1103B":{"r":"ES-PVC","t":"LJ60"},"1104B":{"r":"ES-PVI","t":"LJ60"},"11063":{"r":"ES-PHR","t":"H25B"},"11064":{"r":"ES-ACB","t":"CRJ9"},"11065":{"r":"ES-ACC","t":"CRJ9"},"1106A":{"r":"ES-LBC","t":"B733"},"1106E":{"r":"ES-LVA","t":"LJ60"},"1107D":{"r":"ES-LBD","t":"B733"},"11085":{"r":"ES-ABO","t":"B735"},"11086":{"r":"ES-ABP","t":"B735"},"11089":{"r":"ES-LVC","t":"LJ60"},"11090":{"r":"ES-III","t":"LJ60"},"11095":{"r":"ES-LCC","t":"C510"},"11097":{"r":"ES-AEA","t":"E170"},"11098":{"r":"ES-AEB","t":"E170"},"110A6":{"r":"ES-SAL","t":"A320"},"110AC":{"r":"ES-TEP","t":"F2TH"},"1200F":{"r":"Z3-MKD","t":"LJ60"},"13015":{"r":"E7-SKB","t":"A320"},"1400D":{"r":"4L-TGL","t":"B733"},"14013":{"r":"4L-GAF","t":"CRJ2"},"14027":{"r":"4L-TGR","t":"B737"},"1402C":{"r":"4L-TGM","t":"B737"},"1402F":{"r":"4L-TGS","t":"CRJ2"},"1403A":{"r":"4L-TGA","t":"B735"},"1403F":{"r":"4L-TGI","t":"B735"},"14055":{"r":"4L-TGF","t":"B733"},"14056":{"r":"4L-GAF","t":"GLF4"},"1522B":{"r":"EY-555","t":"B733"},"152F0":{"r":"EY-752","t":"B752"},"15309":{"r":"EY-777","t":"B738"},"15313":{"r":"EY-787","t":"B738"},"16001":{"r":"4O-MNE","t":"LJ45"},"16025":{"r":"4O-SEV","t":"LJ45"},"16031":{"r":"4O-AOD","t":"E190"},"16091":{"r":"4O-AOA","t":"E190"},"16092":{"r":"4O-AOK","t":"F100"},"16093":{"r":"4O-AOM","t":"F100"},"16094":{"r":"4O-AOP","t":"F100"},"16095":{"r":"4O-AOT","t":"F100"},"16096":{"r":"4O-AOL","t":"F100"},"16097":{"r":"4O-AOB","t":"E190"},"16098":{"r":"4O-AOC","t":"E190"}}