{"00003":{"r":"YA-PID","t":"B734"},"00004":{"r":"YA-TTB","t":"A343"},"00006":{"r":"YA-CAQ","t":"A310"},"00007":{"r":"YA-CAV","t":"A310"},"00008":{"r":"YA-KAM","t":"B762"},"00068":{"r":"YA-TTC","t":"A320"},"02001":{"r":"S2-ACO","t":"DC10"},"02002":{"r":"S2-ACP","t":"DC10"},"02003":{"r":"S2-ACQ","t":"DC10"},"02008":{"r":"S2-ADF","t":"A310"},"02017":{"r":"S2-ADK","t":"A310"},"0202F":{"r":"S2-AEU","t":"MD83"},"02030":{"r":"S2-AEV","t":"P180"},"02035":{"r":"S2-AFT","t":"A310"},"02037":{"r":"S2-AFD","t":"B763"},"0203A":{"r":"S2-AFF","t":"A310"},"0203E":{"r":"S2-AFO","t":"B77W"},"0203F":{"r":"S2-AFP","t":"B77W"},"02043":{"r":"S2-AFX","t":"B763"},"02045":{"r":"S2-AFW","t":"A310"},"0204A":{"r":"S2-AHM","t":"B77W"},"0204B":{"r":"S2-AHN","t":"B77W"},"02059":{"r":"S2-AHK","t":"B772"},"0205A":{"r":"S2-AHL","t":"B772"},"04941":{"r":"XY-AGG","t":"A320"},"04942":{"r":"XY-AGI","t":"A320"},"04944":{"r":"XY-AGM","t":"A320"},"06004":{"r":"9K-AKA","t":"A320"},"06005":{"r":"9K-AKB","t":"A320"},"06006":{"r":"9K-AKC","t":"A320"},"06007":{"r":"9K-ALA","t":"A310"},"06008":{"r":"9K-ALB","t":"A310"},"06009":{"r":"9K-ALC","t":"A310"},"0600A":{"r":"9K-ALD","t":"A310"},"0600B":{"r":"9K-AMA","t":"A306"},"0600C":{"r":"9K-AMB","t":"A306"},"0600D":{"r":"9K-AMC","t":"A306"},"0600E":{"r":"9K-AMD","t":"A306"},"0600F":{"r":"9K-AME","t":"A306"},"06010":{"r":"9K-ADE","t":"B744"},"06013":{"r":"9K-ANA","t":"A343"},"06014":{"r":"9K-ANB","t":"A343"},"06015":{"r":"9K-ANC","t":"A343"},"06016":{"r":"9K-AND","t":"A343"},"06017":{"r":"9K-AOA","t":"B772"},"06018":{"r":"9K-AOB","t":"B772"},"0601E":{"r":"9K-AJD","t":"GLF5"},"0601F":{"r":"9K-AJE","t":"GLF5"},"06020":{"r":"9K-AJF","t":"GLF5"},"06021":{"r":"9K-AHI","t":"A306"},"06024":{"r":"9K-AKD","t":"A320"},"06047":{"r":"9K-GEA","t":"A319"},"06048":{"r":"9K-GFA","t":"GLF5"},"06049":{"r":"9K-GBA","t":"A345"},"0604A":{"r":"9K-GBB","t":"A345"},"0604C":{"r":"9K-GCC","t":"B739"},"061F6":{"r":"KAF327","t":"C30J"},"06202":{"r":"9K-CAB","t":"A320"},"06204":{"r":"9K-CAC","t":"A320"},"06205":{"r":"9K-CAD","t":"A320"},"06206":{"r":"9K-CAE","t":"A320"},"06207":{"r":"9K-CAF","t":"A320"},"06209":{"r":"9K-CAG","t":"A320"},"0620A":{"r":"9K-CAI","t":"A320"},"0620B":{"r":"9K-CAJ","t":"A320"},"0620C":{"r":"9K-CAK","t":"A320"},"0620D":{"r":"9K-CAL","t":"A320"},"06216":{"r":"KAF343","t":"C17"},"06217":{"r":"KAF342","t":"C17"},"0801B":{"r":"RDPL-34188","t":"A320"},"0801C":{"r":"RDPL-34199","t":"A320"},"0C009":{"r":"A4O-AB","t":"GLF4"},"0C00A":{"r":"A4O-AC","t":"GLF4"},"0C020":{"r":"A4O-SO","t":"B74S"},"0C04D":{"r":"A4O-OMN","t":"B744"},"0C057":{"r":"A4O-AA","t":"A320"},"0C064":{"r":"A4O-BA","t":"B738"},"0C077":{"r":"553","t":"BA11"},"0C078":{"r":"501","t":"C130"},"0C079":{"r":"502","t":"C130"},"0C07A":{"r":"503","t":"C130"},"0C07B":{"r":"554","t":"A320"},"0C07C":{"r":"503","t":"C130"},"0C07D":{"r":"525","t":"C30J"},"0C07E":{"r":"556","t":"A320"},"0C08C":{"r":"557","t":"GLF4"},"0C08D":{"r":"505","t":"C30J"},"0C0A2":{"r":"A4O-BE","t":"B738"},"0C0A4":{"r":"A4O-DA","t":"A333"},"0C0A5":{"r":"A4O-DB","t":"A333"},"0C0A6":{"r":"A4O-DC","t":"A333"},"0C0A7":{"r":"A4O-DD","t":"A333"},"0C0A8":{"r":"A4O-BF","t":"B738"},"0C0A9":{"r":"A4O-BG","t":"B738"},"0C0AB":{"r":"A4O-DE","t":"A333"},"0C0AC":{"r":"A4O-DF","t":"A332"},"0C0AD":{"r":"A4O-DG","t":"A332"},"0C0B3":{"r":"A4O-AD","t":"GLF5"},"0C0B9":{"r":"A4O-EC","t":"E170"},"0C0BA":{"r":"A4O-AJ","t":"A319"},"277A8":{"r":"P-632","t":"T204"},"277A9":{"r":"P-633","t":"T204"},"281F7":{"r":"YI-503","t":"TEX2"},"281FA":{"r":"YI-506","t":"TEX2"},"281FB":{"r":"YI-507","t":"TEX2"},"281FC":{"r":"YI-508","t":"TEX2"},"28200":{"r":"YI-512","t":"TEX2"},"28201":{"r":"YI-513","t":"TEX2"},"28202":{"r":"YI-514","t":"TEX2"},"28203":{"r":"YI-515","t":"TEX2"},"284F2":{"r":"YI-AGR","t":"A321"},"284F3":{"r":"YI-AGS","t":"A321"},"2862B":{"r":"YI-AQK","t":"B737"},"28633":{"r":"YI-AQS","t":"B734"},"28667":{"r":"YI-ASG","t":"B738"},"28668":{"r":"YI-ASH","t":"B738"},"28669":{"r":"YI-ASI","t":"B738"},"2866B":{"r":"YI-ASK","t":"B738"},"30601":{"r":"EP-APA","t":"A343"},"32421":{"r":"EP-IAA","t":"B74S"},"32422":{"r":"EP-IAB","t":"B74S"},"32423":{"r":"EP-IAC","t":"B74S"},"32424":{"r":"EP-IAD","t":"B74S"},"32427":{"r":"EP-IAG","t":"B742"},"32428":{"r":"EP-IAH","t":"B742"},"3242D":{"r":"EP-IAM","t":"B741"},"32441":{"r":"EP-IBA","t":"A306"},"32442":{"r":"EP-IBB","t":"A306"},"32443":{"r":"EP-IBC","t":"A306"},"32444":{"r":"EP-IBD","t":"A306"},"3244B":{"r":"EP-IBK","t":"A310"},"3244C":{"r":"EP-IBL","t":"A310"},"324A6":{"r":"EP-IEF","t":"A320"},"3350F":{"r":"EP-MHO"},"335C9":{"r":"EP-MNI","t":"A306"},"335CB":{"r":"EP-MNK","t":"A30B"},"335CD":{"r":"EP-MNM","t":"A306"},"335CF":{"r":"EP-MNO","t":"A310"},"335D0":{"r":"EP-MNP","t":"A310"},"335D1":{"r":"EP-MNQ","t":"A306"},"335D2":{"r":"EP-MNR","t":"A306"},"335D5":{"r":"EP-MNU","t":"A306"},"335D8":{"r":"EP-MNX","t":"A310"},"38041":{"r":"4X-ELA","t":"B744"},"38042":{"r":"4X-ELB","t":"B744"},"38043":{"r":"4X-ELC","t":"B744"},"38044":{"r":"4X-ELD","t":"B744"},"38045":{"r":"4X-ELE","t":"B744"},"38046":{"r":"4X-ELF","t":"B744"},"38047":{"r":"4X-ELH","t":"B744"},"38050":{"r":"4X-EHA","t":"B739"},"38051":{"r":"4X-EHB","t":"B739"},"38053":{"r":"4X-EHD","t":"B739"},"38054":{"r":"4X-EHE","t":"B739"},"38060":{"r":"4X-EKM","t":"B738"},"38061":{"r":"4X-EKT","t":"B738"},"38062":{"r":"4X-EKR","t":"B738"},"38063":{"r":"4X-EKA","t":"B738"},"38064":{"r":"4X-EKB","t":"B738"},"38065":{"r":"4X-EKC","t":"B738"},"38066":{"r":"4X-EKD","t":"B737"},"38067":{"r":"4X-EKE","t":"B737"},"38068":{"r":"4X-EKI","t":"B738"},"38069":{"r":"4X-EKO","t":"B738"},"3806A":{"r":"4X-EKP","t":"B738"},"3806B":{"r":"4X-EKS","t":"B738"},"3806C":{"r":"4X-EKF","t":"B738"},"3806D":{"r":"4X-EKH","t":"B738"},"3806E":{"r":"4X-EKJ","t":"B738"},"3806F":{"r":"4X-EKL","t":"B738"},"38071":{"r":"4X-ECA","t":"B772"},"38072":{"r":"4X-ECB","t":"B772"},"38073":{"r":"4X-ECC","t":"B772"},"38074":{"r":"4X-ECD","t":"B772"},"38075":{"r":"4X-ECE","t":"B772"},"38076":{"r":"4X-ECF","t":"B772"},"3808A":{"r":"4X-AXK","t":"B742"},"3808B":{"r":"4X-AXL","t":"B742"},"38092":{"r":"4X-EBM","t":"B752"},"38094":{"r":"4X-EBS","t":"B752"},"38095":{"r":"4X-EBT","t":"B752"},"38096":{"r":"4X-EBU","t":"B752"},"38097":{"r":"4X-EBV","t":"B752"},"38098":{"r":"4X-EBI","t":"B752"},"380A3":{"r":"4X-EAC","t":"B762"},"380A4":{"r":"4X-EAD","t":"B762"},"380A5":{"r":"4X-EAE","t":"B762"},"380A6":{"r":"4X-EAF","t":"B762"},"380A7":{"r":"4X-EAJ","t":"B763"},"380A8":{"r":"4X-EAP","t":"B763"},"380A9":{"r":"4X-EAR","t":"B763"},"380AA":{"r":"4X-EAS","t":"B763"},"380AB":{"r":"4X-EAL","t":"B763"},"380AC":{"r":"4X-EAM","t":"B763"},"38284":{"r":"4X-ABF","t":"A320"},"38285":{"r":"4X-ABG","t":"A320"},"38481":{"r":"4X-BAU","t":"B753"},"38482":{"r":"4X-BAW","t":"B753"},"38484":{"r":"4X-EMB","t":"E190"},"38542":{"r":"4X-COI","t":"GL5T"},"38545":{"r":"4X-CPX","t":"GLF4"},"38601":{"r":"4X-CVE","t":"GALX"},"38602":{"r":"4X-CVF","t":"GALX"},"38603":{"r":"4X-CVG","t":"GALX"},"38604":{"r":"4X-CVH","t":"GALX"},"38605":{"r":"4X-CVI","t":"ASTR"},"38606":{"r":"4X-CVJ","t":"GALX"},"386C1":{"r":"4X-CLL","t":"GALX"},"386C4":{"r":"4X-WSJ","t":"G250"},"386C5":{"r":"4X-WSM","t":"G250"},"386C6":{"r":"4X-WBJ","t":"G250"},"38A44":{"r":"264","t":"B703"},"38A5B":{"r":"483","t":"TEX2"},"38A5D":{"r":"488","t":"TEX2"},"38A5E":{"r":"489","t":"TEX2"},"38A5F":{"r":"490","t":"TEX2"},"38A60":{"r":"491","t":"TEX2"},"38A61":{"r":"492","t":"TEX2"},"38A64":{"r":"495","t":"TEX2"},"38A65":{"r":"496","t":"TEX2"},"38A66":{"r":"497","t":"TEX2"},"38A82":{"r":"290"},"38B41":{"r":"532","t":"GLF5"},"38C02":{"r":"4X-ICM","t":"B742"},"38C03":{"r":"4X-ICO","t":"B742"},"38C05":{"r":"4X-ICB","t":"B744"},"38C06":{"r":"4X-ICA","t":"B744"},"38E01":{"r":"4X-CMY","t":"CL60"},"38E03":{"r":"4X-CMZ","t":"CL60"},"38E08":{"r":"4X-COG","t":"GALX"},"38E0A":{"r":"4X-CMF","t":"CL60"},"38E0C":{"r":"4X-CUR","t":"CL60"},"39341":{"r":"4X-COZ","t":"C550"},"39401":{"r":"4X-CPS","t":"H25B"},"39543":{"r":"4X-CZA","t":"C650"},"40424":{"t":"CL60"},"404ED":{"t":"A310"},"404EE":{"t":"A310"},"404F0":{"t":"A310"},"404F1":{"t":"A310"},"404F2":{"t":"A310"},"40521":{"t":"A342"},"40522":{"t":"A342"},"40523":{"t":"A342"},"40524":{"t":"A342"},"40525":{"t":"A332"},"40526":{"t":"A332"},"40527":{"t":"A332"},"406E4":{"r":"JY-AW4","t":"H25B"},"406E5":{"r":"JY-AW5","t":"H25B"},"406E6":{"t":"C525"},"406E8":{"t":"C680"},"40724":{"t":"A320"},"40726":{"t":"A320"},"40727":{"t":"A321"},"40728":{"t":"A321"},"40729":{"t":"A320"},"4072A":{"t":"A321"},"4072B":{"t":"A321"},"4072C":{"t":"A319"},"4072D":{"t":"A319"},"4072E":{"t":"A319"},"40730":{"t":"A319"},"40731":{"t":"A320"},"40732":{"t":"A320"},"40733":{"t":"A320"},"40734":{"t":"A320"},"40735":{"t":"A320"},"40736":{"t":"A320"},"40737":{"t":"A320"},"40738":{"t":"A320"},"40821":{"t":"B788"},"40822":{"t":"B788"},"40823":{"t":"B788"},"40825":{"t":"B788"},"40826":{"t":"B788"},"40DA3":{"t":"E135"},"425AB":{"t":"CL60"},"42822":{"t":"B733"},"42823":{"t":"A320"},"42824":{"t":"B733"},"42827":{"t":"B762"},"42828":{"t":"A310"},"42829":{"t":"B762"},"4282F":{"t":"B733"},"42831":{"t":"B734"},"42839":{"t":"B733"},"42A47":{"t":"A320"},"42DA5":{"t":"E135"},"44281":{"t":"A320"},"44282":{"t":"A320"},"448C6":{"t":"B734"},"44B21":{"t":"CL60"},"48010":{"r":"OD-BOY","t":"H25B"},"48012":{"r":"OD-TSW","t":"H25B"},"48013":{"r":"OD-MAS","t":"H25B"},"48015":{"r":"OD-EAS","t":"H25B"},"48016":{"r":"OD-MRT","t":"A320"},"48017":{"r":"OD-MEA","t":"A332"},"48018":{"r":"OD-MRS","t":"A320"},"48019":{"r":"OD-MEB","t":"A332"},"48020":{"r":"OD-MRR","t":"A320"},"48021":{"r":"OD-MEC","t":"A332"},"48022":{"r":"OD-RMH","t":"A321"},"48023":{"r":"OD-RMI","t":"A321"},"48024":{"r":"OD-RMJ","t":"A321"},"48025":{"r":"OD-MRM","t":"A320"},"48026":{"r":"OD-MRL","t":"A320"},"48027":{"r":"OD-STW","t":"H25B"},"48028":{"r":"OD-MRO","t":"A320"},"48029":{"r":"OD-MED","t":"A332"},"48030":{"r":"OD-HAJ","t":"B733"},"48032":{"r":"OD-MIG","t":"H25B"},"48033":{"r":"OD-DTW","t":"BE40"},"48034":{"r":"OD-TMA","t":"A306"},"48035":{"r":"OD-TAL","t":"CRJ2"},"48036":{"r":"OD-MIK","t":"F900"},"48042":{"r":"OD-ONE","t":"F2TH"},"48043":{"r":"OD-LEA","t":"H25B"},"50005":{"r":"9M-MPB","t":"B744"},"50007":{"r":"9M-XAA","t":"A333"},"50018":{"r":"9M-MMI","t":"B734"},"5002A":{"r":"9M-AHJ","t":"A320"},"5002C":{"r":"9M-AHL","t":"A320"},"5002E":{"r":"9M-MPD","t":"B744"},"50030":{"r":"9M-MPF","t":"B744"},"50032":{"r":"9M-MPH","t":"B744"},"5005B":{"r":"9M-MKA","t":"A333"},"5005F":{"r":"9M-MKE","t":"A333"},"50063":{"r":"9M-MKI","t":"A333"},"50064":{"r":"9M-MKJ","t":"A333"},"5006E":{"r":"9M-AHM","t":"A320"},"50070":{"r":"9M-AHO","t":"A320"},"50073":{"r":"9M-XXA","t":"A333"},"50074":{"r":"9M-XXB","t":"A333"},"50076":{"r":"9M-AHP","t":"A320"},"50078":{"r":"9M-MPK","t":"B744"},"50079":{"r":"9M-MPL","t":"B744"},"5007A":{"r":"9M-MPM","t":"B744"},"5007B":{"r":"9M-MPN","t":"B744"},"5007C":{"r":"9M-MPO","t":"B744"},"5007D":{"r":"9M-MPP","t":"B744"},"5007E":{"r":"9M-MPQ","t":"B744"},"5007F":{"r":"9M-MPR","t":"B744"},"50080":{"r":"9M-MPS","t":"B744"},"50081":{"r":"9M-MRA","t":"B772"},"50082":{"r":"9M-MRB","t":"B772"},"50083":{"r":"9M-MRC","t":"B772"},"50084":{"r":"9M-MRD","t":"B772"},"50085":{"r":"9M-MRE","t":"B772"},"50086":{"r":"9M-MRF","t":"B772"},"50087":{"r":"9M-MRG","t":"B772"},"50088":{"r":"9M-MRH","t":"B772"},"50089":{"r":"9M-MRI","t":"B772"},"5008A":{"r":"9M-MRJ","t":"B772"},"5008B":{"r":"9M-MRK","t":"B772"},"5008C":{"r":"9M-MRL","t":"B772"},"5008D":{"r":"9M-MRM","t":"B772"},"5008E":{"r":"9M-MRN","t":"B772"},"5008F":{"r":"9M-MRO","t":"B772"},"50090":{"r":"9M-AHQ","t":"A320"},"50092":{"r":"9M-AHA","t":"A320"},"50094":{"r":"9M-AHR","t":"A320"},"500A4":{"r":"9M-ABC","t":"GLF4"},"500BF":{"r":"9M-AHB","t":"A320"},"500C2":{"r":"9M-AHC","t":"A320"},"500C5":{"r":"M48-02","t":"GLEX"},"500CF":{"r":"9M-MKX","t":"A332"},"500D0":{"r":"9M-MKW","t":"A332"},"500D1":{"r":"9M-MKV","t":"A332"},"500D7":{"r":"M53-01","t":"B737"},"500DA":{"r":"9M-XAB","t":"A343"},"500DC":{"r":"9M-AHD","t":"A320"},"500DD":{"r":"9M-AHS","t":"A320"},"500DE":{"r":"9M-FFA","t":"B738"},"500DF":{"r":"9M-FFB","t":"B738"},"500E0":{"r":"9M-MLC","t":"B738"},"500E4":{"r":"9M-AHE","t":"A320"},"500F4":{"r":"9M-MRP","t":"B772"},"500F5":{"r":"9M-MRQ","t":"B772"},"50104":{"r":"9M-AFA","t":"A320"},"50105":{"r":"9M-AFB","t":"A320"},"50106":{"r":"9M-AFC","t":"A320"},"50109":{"r":"9M-AFD","t":"A320"},"5010A":{"r":"9M-AFE","t":"A320"},"5010B":{"r":"9M-AFF","t":"A320"},"5010E":{"r":"9M-AFG","t":"A320"},"5010F":{"r":"9M-AFH","t":"A320"},"50110":{"r":"9M-AFI","t":"A320"},"50111":{"r":"9M-AJS","t":"A320"},"50128":{"r":"9M-AFL","t":"A320"},"50129":{"r":"9M-AFM","t":"A320"},"5012A":{"r":"9M-AFN","t":"A320"},"5012B":{"r":"9M-AFO","t":"A320"},"5013F":{"r":"9M-AFP","t":"A320"},"50140":{"r":"9M-AFQ","t":"A320"},"50141":{"r":"9M-AFR","t":"A320"},"50142":{"r":"9M-AFS","t":"A320"},"50145":{"r":"9M-TAN","t":"CL30"},"50146":{"r":"9M-AFT","t":"A320"},"50147":{"r":"9M-AFU","t":"A320"},"50148":{"r":"9M-AFV","t":"A320"},"5014B":{"r":"9M-AFY","t":"A320"},"5014C":{"r":"9M-AFZ","t":"A320"},"50156":{"r":"9M-NAA","t":"A319"},"50159":{"r":"9M-AHF","t":"A320"},"5015A":{"r":"9M-AHG","t":"A320"},"5015B":{"r":"9M-AHH","t":"A320"},"5015C":{"r":"9M-AHI","t":"A320"},"501DF":{"r":"9M-XAC","t":"A343"},"501E4":{"r":"9M-AHT","t":"A320"},"501E5":{"r":"9M-AHU","t":"A320"},"501E6":{"r":"9M-AHV","t":"A320"},"501E7":{"r":"9M-XXC","t":"A333"},"501E8":{"r":"9M-XXD","t":"A333"},"501E9":{"r":"9M-XXE","t":"A333"},"501F0":{"r":"9M-AHW","t":"A320"},"501F1":{"r":"9M-AHX","t":"A320"},"501F3":{"r":"9M-TAN","t":"GL5T"},"501F9":{"r":"9M-XXF","t":"A333"},"501FA":{"r":"9M-XXG","t":"A333"},"501FB":{"r":"9M-XXH","t":"A333"},"501FC":{"r":"9M-AHY","t":"A320"},"501FD":{"r":"9M-AHZ","t":"A320"},"50200":{"r":"9M-MLE","t":"B738"},"50201":{"r":"9M-MXA","t":"B738"},"50202":{"r":"9M-MXB","t":"B738"},"50203":{"r":"9M-MXC","t":"B738"},"50204":{"r":"9M-MXD","t":"B738"},"50205":{"r":"9M-MXE","t":"B738"},"50206":{"r":"9M-MXF","t":"B738"},"50208":{"r":"9M-MXH","t":"B738"},"50209":{"r":"9M-MXI","t":"B738"},"5020A":{"r":"9M-MXJ","t":"B738"},"5020C":{"r":"9M-MXL","t":"B738"},"50213":{"r":"9M-MSD","t":"B738"},"50220":{"r":"9M-MXV","t":"B738"},"50229":{"r":"9M-MLF","t":"B738"},"5022B":{"r":"9M-AQA","t":"A320"},"50236":{"r":"9M-MLG","t":"B738"},"50237":{"r":"9M-MLH","t":"B738"},"50238":{"r":"9M-MLI","t":"B738"},"50239":{"r":"9M-AQB","t":"A320"},"50244":{"r":"9M-MLJ","t":"B738"},"50245":{"r":"9M-FFF","t":"B738"},"50246":{"r":"9M-FZA","t":"B734"},"50254":{"r":"9M-MTA","t":"A333"},"50255":{"r":"9M-MTB","t":"A333"},"50256":{"r":"9M-MTC","t":"A333"},"50257":{"r":"9M-MTD","t":"A333"},"50258":{"r":"9M-MTE","t":"A333"},"50259":{"r":"9M-MTF","t":"A333"},"5025A":{"r":"9M-MTG","t":"A333"},"5025B":{"r":"9M-MTH","t":"A333"},"50263":{"r":"9M-MUA","t":"A332"},"50264":{"r":"9M-MUB","t":"A332"},"50265":{"r":"9M-MUC","t":"A332"},"50266":{"r":"9M-MUD","t":"A332"},"50268":{"r":"9M-MEF","t":"B733"},"5027D":{"r":"9M-AQD","t":"A320"},"5027F":{"r":"9M-MLL","t":"B738"},"50280":{"r":"9M-MLM","t":"B738"},"50281":{"r":"9M-MLN","t":"B738"},"50282":{"r":"9M-MLO","t":"B738"},"50286":{"r":"9M-AQG","t":"A320"},"50287":{"r":"9M-AQH","t":"A320"},"50288":{"r":"9M-AQI","t":"A320"},"5028E":{"r":"9M-MNA","t":"A388"},"5028F":{"r":"9M-MNB","t":"A388"},"50290":{"r":"9M-MNC","t":"A388"},"50291":{"r":"9M-MND","t":"A388"},"50292":{"r":"9M-MNE","t":"A388"},"50293":{"r":"9M-MNF","t":"A388"},"50298":{"r":"9M-AQL","t":"A320"},"50299":{"r":"9M-XXI","t":"A333"},"5029C":{"r":"9M-AQM","t":"A320"},"5029E":{"r":"9M-MXG","t":"B738"},"5029F":{"r":"9M-CJG","t":"GLEX"},"502AD":{"r":"9M-AQN","t":"A320"},"502B3":{"r":"9M-AQO","t":"A320"},"502C3":{"r":"9M-LNG","t":"B739"},"502CA":{"r":"9M-AQU","t":"A320"},"502DE":{"r":"9M-LMH","t":"AT76"},"5030B":{"r":"9M-FIA","t":"AT76"},"50319":{"r":"9M-MLS","t":"B738"},"5033A":{"r":"9M-AJB","t":"A320"},"5033C":{"r":"9M-AJE","t":"A320"},"503B9":{"r":"9M-LMQ","t":"AT76"},"503C0":{"r":"9M-AJL","t":"A320"},"503C1":{"r":"9M-AJM","t":"A320"},"58042":{"r":"RP-C3228","t":"A320"},"58049":{"r":"RP-C3189","t":"A319"},"5804A":{"r":"RP-C3190","t":"A319"},"58058":{"r":"RP-C3193","t":"A319"},"5805D":{"r":"RP-C3196","t":"A319"},"5805E":{"r":"RP-C3197","t":"A319"},"5806F":{"r":"RP-C3242","t":"A320"},"5807F":{"r":"RP-C8606","t":"A320"},"58081":{"r":"RP-C8609","t":"A320"},"5808F":{"r":"RP-C3430","t":"A343"},"58092":{"r":"RP-C3434","t":"A343"},"58098":{"r":"RP-C3336","t":"A333"},"58099":{"r":"RP-C3337","t":"A333"},"5809A":{"r":"RP-C3340","t":"A333"},"580A5":{"r":"RP-C3247","t":"A320"},"580A9":{"r":"RP-C7475","t":"B744"},"580BD":{"r":"RP-C3248","t":"A320"},"580C6":{"r":"RP-C3250","t":"A320"},"580D5":{"r":"RP-C7777","t":"B77W"},"580D6":{"r":"RP-C7776","t":"B77W"},"580EF":{"r":"RP-C7775","t":"B77W"},"580F0":{"r":"RP-C7774","t":"B77W"},"5813F":{"r":"RP-C8390","t":"A320"},"5816E":{"r":"RP-C3262","t":"A320"},"5816F":{"r":"RP-C3263","t":"A320"},"581F6":{"r":"RP-C8993","t":"A320"},"58202":{"r":"RP-C8394","t":"A320"},"58224":{"r":"RP-C8189","t":"A320"},"58225":{"r":"RP-C3264","t":"A320"},"58226":{"r":"RP-C3265","t":"A320"},"5823E":{"r":"RP-C6820","t":"A320"},"5824E":{"r":"RP-C8397","t":"A320"},"58269":{"r":"RP-C9121","t":"F900"},"5826B":{"r":"RP-C8191","t":"A320"},"58272":{"r":"RP-C3238","t":"A320"},"5827B":{"r":"RP-C7773","t":"B77W"},"58295":{"r":"RP-C6320","t":"A320"},"58296":{"r":"RP-C5319","t":"A320"},"5829C":{"r":"RP-C3269","t":"A320"},"582F6":{"r":"RP-C3435","t":"A343"},"582F7":{"r":"RP-C3436","t":"A343"},"582F8":{"r":"RP-C3437","t":"A343"},"582F9":{"r":"RP-C3438","t":"A343"},"58303":{"r":"RP-C9902","t":"A321"},"58307":{"r":"RP-C9907","t":"A321"},"58321":{"r":"RP-C8986","t":"A320"},"58340":{"r":"RP-C3439","t":"A343"},"58341":{"r":"RP-C3441","t":"A343"},"6089A":{"t":"A310"},"608A2":{"t":"A310"},"608A3":{"t":"A310"},"608A7":{"t":"A310"},"608B1":{"t":"A310"},"608B5":{"t":"A310"},"608D5":{"t":"B743"},"608E7":{"t":"B743"},"608EA":{"t":"B772"},"608EB":{"t":"B772"},"608EC":{"t":"B772"},"608EE":{"t":"A310"},"608EF":{"t":"A310"},"608F0":{"t":"A310"},"608F1":{"t":"A310"},"608F2":{"t":"A310"},"608F3":{"t":"A310"},"608F9":{"t":"B77L"},"608FA":{"t":"B772"},"60916":{"t":"B77W"},"60917":{"t":"B77W"},"60918":{"t":"B772"},"60924":{"t":"B77W"},"60925":{"t":"A319"},"60926":{"t":"A319"},"60941":{"t":"A321"},"60942":{"t":"A321"},"60966":{"t":"B734"},"61052":{"r":"4178","t":"C130"},"611E4":{"t":"CL60"},"61482":{"t":"A319"},"61483":{"t":"A319"},"61C2B":{"t":"CL60"},"62AF3":{"r":"J-755","t":"GLF4"},"62BF4":{"r":"J-756","t":"GLF4"},"63532":{"t":"CL60"},"63DE9":{"t":"A310"},"64E68":{"t":"E35L"},"6AA61":{"t":"A320"},"6AA62":{"t":"A320"},"6AA63":{"t":"A320"},"6AA64":{"t":"A320"},"6AA65":{"t":"A320"},"6AA66":{"t":"A320"},"6AA67":{"t":"A320"},"6AA68":{"t":"A320"},"6AA69":{"t":"A320"},"6AA6A":{"t":"A320"},"6AA6B":{"t":"A320"},"6AA6C":{"t":"A320"},"6AA6D":{"t":"A320"},"6AA73":{"t":"A320"},"6BE81":{"t":"B772"},"6BE83":{"t":"B772"},"6BE84":{"t":"B772"},"6CC44":{"t":"A319"},"6CC45":{"t":"A319"},"6CC46":{"t":"A319"},"6CC47":{"t":"A319"},"6CC48":{"t":"A319"},"6CC61":{"t":"B744"},"6CC62":{"t":"B744"},"6CCC1":{"t":"B744"},"6CCC2":{"t":"B744"},"6CCC4":{"t":"B744"},"6CCC6":{"t":"B744"},"6CCC7":{"t":"B744"},"6CCCA":{"t":"B744"},"6CCCB":{"t":"B744"},"6CCCC":{"t":"B744"},"6CCCD":{"t":"B744"},"6CCCE":{"t":"B744"},"6CCCF":{"t":"B744"},"6CCD0":{"t":"B744"},"6CCD1":{"t":"B744"},"6CCE1":{"t":"A345"},"6CCE2":{"t":"A345"},"6CCE3":{"t":"A345"},"6CCE4":{"t":"A345"},"6CCE5":{"t":"A345"},"6CD61":{"t":"A388"},"6CD62":{"t":"A388"},"6CD63":{"t":"A388"},"6CD64":{"t":"A388"},"6CD65":{"t":"A388"},"6CD66":{"t":"A388"},"6CD67":{"t":"A388"},"6CD68":{"t":"A388"},"6CD69":{"t":"A388"},"6CD6A":{"t":"A388"},"6CD6B":{"t":"A388"},"6CD6C":{"t":"A388"},"6CD6D":{"t":"A388"},"6CD6E":{"t":"A388"},"6CD70":{"t":"A388"},"6CD71":{"t":"A388"},"6CD72":{"t":"A388"},"6CD73":{"t":"A388"},"6CD74":{"t":"A388"},"6CD88":{"t":"A320"},"6CD89":{"t":"A320"},"6CD8A":{"t":"A320"},"6CD8B":{"t":"A320"},"6CD8C":{"t":"A320"},"6CD8D":{"t":"A320"},"6CD8E":{"t":"A320"},"6CD8F":{"t":"A320"},"6CD90":{"t":"A320"},"6CDB5":{"t":"B744"},"6CDC1":{"t":"B77W"},"6CE01":{"t":"B744"},"6CE05":{"t":"B744"},"6CE08":{"t":"B744"},"6CE09":{"t":"B744"},"6CE0A":{"t":"B744"},"6CE0D":{"t":"B744"},"6CE0E":{"t":"B744"},"6CE0F":{"t":"B744"},"6CE10":{"t":"B744"},"6CE11":{"t":"B744"},"6CE22":{"t":"B772"},"6CE25":{"t":"B772"},"6CE26":{"t":"B772"},"6CE28":{"t":"B772"},"6CE29":{"t":"B772"},"6CE2A":{"t":"B772"},"6CE2B":{"t":"B772"},"6CE2C":{"t":"B772"},"6CE2D":{"t":"B772"},"6CE2E":{"t":"B772"},"6CE46":{"t":"B772"},"6CE47":{"t":"B772"},"6CE48":{"t":"B772"},"6CE49":{"t":"B772"},"6CE4A":{"t":"B772"},"6CE4B":{"t":"B772"},"6CE4C":{"t":"B772"},"6CE4D":{"t":"B772"},"6CE4E":{"t":"B772"},"6CE4F":{"t":"B772"},"6CE50":{"t":"B772"},"6CE51":{"t":"B772"},"6CE62":{"t":"A333"},"6CE81":{"t":"A333"},"6CE82":{"t":"A333"},"6CE83":{"t":"A333"},"6CE84":{"t":"A333"},"6CE85":{"t":"A333"},"6CE86":{"t":"A333"},"6CE87":{"t":"A333"},"6CE88":{"t":"A333"},"6CE89":{"t":"A333"},"6CE8A":{"t":"A333"},"6CE8B":{"t":"A333"},"6CE8C":{"t":"A333"},"6CE8D":{"t":"A333"},"6CE8E":{"t":"A333"},"6CE8F":{"t":"A333"},"6CE90":{"t":"A333"},"6CE91":{"t":"A333"},"6CE92":{"t":"A333"},"6CE93":{"t":"A333"},"6CEC2":{"t":"B772"},"6CEC3":{"t":"B772"},"6CEC5":{"t":"B772"},"6CEC8":{"t":"B772"},"6CEC9":{"t":"B772"},"6CECA":{"t":"B772"},"6CECB":{"t":"B772"},"6CECC":{"t":"B772"},"6CECD":{"t":"B772"},"6CECE":{"t":"B772"},"6CECF":{"t":"B772"},"6CEE1":{"t":"B77W"},"6CEE2":{"t":"B77W"},"6CEE4":{"t":"B77W"},"6CEE5":{"t":"B77W"},"6CEE6":{"t":"B77W"},"6CEE7":{"t":"B77W"},"6CEE8":{"t":"B77W"},"6CEE9":{"t":"B77W"},"6CEEA":{"t":"B77W"},"6CEEB":{"t":"B77W"},"6CEEC":{"t":"B77W"},"6CEED":{"t":"B77W"},"6CEEE":{"t":"B77W"},"6CEEF":{"t":"B77W"},"6CEF0":{"t":"B77W"},"6CEF1":{"t":"B77W"},"6CEF2":{"t":"B77W"},"6CEF3":{"t":"B77W"},"6CEF4":{"t":"B77W"},"6CEF5":{"t":"B77W"},"6CEF6":{"t":"B77W"},"6CEF7":{"t":"B77W"},"6CEF9":{"t":"B77W"},"6CEFA":{"t":"B77W"},"6CF25":{"t":"B773"},"6CF26":{"t":"B773"},"6CF27":{"t":"B773"},"6CF28":{"t":"B773"},"6CF29":{"t":"B773"},"6CF2A":{"t":"B773"},"6CF2B":{"t":"B773"},"6CF2C":{"t":"B773"},"6D025":{"t":"A320"},"6D026":{"t":"A320"},"6D02D":{"t":"A320"},"6D02E":{"t":"A320"},"6D02F":{"t":"A320"},"6D030":{"t":"A320"},"6D031":{"t":"A320"},"6D032":{"t":"A320"},"6D033":{"t":"A320"},"6D034":{"t":"A320"},"6D035":{"t":"A320"},"6D036":{"t":"A320"},"6D037":{"t":"A320"},"6D038":{"t":"A320"},"6D039":{"t":"A320"},"6D03A":{"t":"A320"},"6D244":{"t":"A320"},"6D247":{"t":"A320"},"6D24B":{"t":"A320"},"70447":{"r":"4R-ABG","t":"A320"},"7044A":{"r":"4R-ABJ","t":"A320"},"7044B":{"r":"4R-ABK","t":"A320"},"7044D":{"r":"4R-ABM","t":"A320"},"7044F":{"r":"4R-ABO","t":"A320"},"70450":{"r":"4R-ABP","t":"A320"},"70487":{"r":"4R-ADG","t":"A343"},"70583":{"r":"4R-ALC","t":"A332"},"70587":{"r":"4R-ALG","t":"A332"},"70588":{"r":"4R-ALH","t":"A332"},"7058A":{"r":"4R-ALJ","t":"A332"},"7058C":{"r":"4R-ALL","t":"A333"},"7058D":{"r":"4R-ALM","t":"A333"},"7058E":{"r":"4R-ALN","t":"A333"},"7058F":{"r":"4R-ALO","t":"A333"},"71000":{"r":"4R-ADA","t":"A343"},"72000":{"r":"4R-ADB","t":"A343"},"73000":{"r":"4R-ADC","t":"A343"},"73500":{"r":"4R-ALA","t":"A332"},"73600":{"r":"4R-ALB","t":"A332"},"73700":{"r":"4R-ALC","t":"A332"},"73800":{"r":"4R-ALD","t":"A332"},"74100":{"r":"4R-ADF","t":"A343"},"74200":{"r":"4R-ADE","t":"A343"},"78561":{"t":"A320"},"78562":{"t":"A320"},"78563":{"t":"A320"},"78564":{"t":"A320"},"78565":{"t":"A320"},"78566":{"t":"A320"},"98035":{"r":"B-6034","t":"A319"},"98036":{"r":"B-6035","t":"A319"},"98037":{"r":"B-6036","t":"A319"},"98038":{"r":"B-6037","t":"A319"},"98039":{"r":"B-6038","t":"A319"},"9A022":{"r":"B-2375","t":"A320"},"9A05A":{"r":"B-6028","t":"A320"},"9A05C":{"r":"B-6030","t":"A320"},"9A06E":{"r":"B-6056","t":"A332"},"9A06F":{"r":"B-6057","t":"A332"},"9A070":{"r":"B-6058","t":"A332"},"9A071":{"r":"B-6059","t":"A332"},"9C001":{"r":"B-2380","t":"A343"},"9C002":{"r":"B-2381","t":"A343"},"9C003":{"r":"B-2382","t":"A343"},"9C004":{"r":"B-2383","t":"A343"},"9C005":{"r":"B-2384","t":"A343"},"9C009":{"r":"B-2388","t":"A343"},"9C00A":{"r":"B-2389","t":"A343"},"9C00B":{"r":"B-2390","t":"A343"},"9C00C":{"r":"B-2385","t":"A343"},"9C00D":{"r":"B-2386","t":"A343"},"9C00E":{"r":"B-2387","t":"A343"},"9C00F":{"r":"B-6050","t":"A346"},"9C010":{"r":"B-6051","t":"A346"},"9C013":{"r":"B-6055","t":"A346"},"BB107":{"r":"B-2622","t":"B737"},"BB108":{"r":"B-2916","t":"B737"},"BB12F":{"r":"B-5116","t":"B738"},"BC001":{"r":"B-2467","t":"B744"},"BC002":{"r":"B-2468","t":"B744"},"BC003":{"r":"B-2469","t":"B744"},"BC004":{"r":"B-2470","t":"B744"},"BC005":{"r":"B-2471","t":"B744"},"BC006":{"r":"B-2472","t":"B744"},"BC007":{"r":"B-2473","t":"B744"},"BC008":{"r":"B-2461","t":"B744"},"BC009":{"r":"B-2409","t":"B744"},"BE012":{"r":"B-2490","t":"B763"},"BE013":{"r":"B-2491","t":"B763"},"BE014":{"r":"B-2492","t":"B763"},"BF004":{"r":"B-2053","t":"B772"},"BF006":{"r":"B-2055","t":"B772"},"BF007":{"r":"B-2056","t":"B772"},"BF008":{"r":"B-2057","t":"B772"},"BF009":{"r":"B-2058","t":"B772"},"BF00C":{"r":"B-2061","t":"B772"},"BF00D":{"r":"B-2062","t":"B772"},"BF010":{"r":"B-2065","t":"B772"},"BF011":{"r":"B-2066","t":"B772"},"BF012":{"r":"B-2067","t":"B772"},"BF013":{"r":"B-2068","t":"B772"},"BF014":{"r":"B-2069","t":"B772"},"BF015":{"r":"B-2070","t":"B772"},"children":["71","78","7C"]}