{"0001":{"r":"B-2456","t":"B744"},"0002":{"r":"B-2458","t":"B744"},"0003":{"r":"B-2460","t":"B744"},"0005":{"r":"B-6091","t":"A332"},"000E":{"r":"B-2443","t":"B744"},"000F":{"r":"B-2445","t":"B744"},"0010":{"r":"B-2447","t":"B744"},"0014":{"r":"B-8095","t":"GLF5"},"0016":{"r":"B-8088","t":"GLF4"},"0019":{"r":"B-6092","t":"A332"},"001B":{"r":"B-5372","t":"B738"},"001D":{"r":"B-6259","t":"A320"},"0022":{"r":"B-2816","t":"B752"},"0063":{"r":"B-2364","t":"A319"},"0065":{"r":"B-6004","t":"A319"},"0066":{"r":"B-6014","t":"A319"},"0067":{"r":"B-6044","t":"A319"},"0068":{"r":"B-6046","t":"A319"},"0069":{"r":"B-6047","t":"A319"},"007E":{"r":"B-2475","t":"B744"},"007F":{"r":"B-2476","t":"B744"},"0092":{"r":"B-6090","t":"A332"},"0094":{"r":"B-6095","t":"A333"},"0095":{"r":"B-2431","t":"B744"},"00C1":{"r":"B-5468","t":"B738"},"00E5":{"r":"B-2477","t":"B744"},"00E6":{"r":"B-2478","t":"B744"},"00E8":{"r":"B-5935","t":"A333"},"00ED":{"r":"B-6120","t":"A333"},"00EE":{"r":"B-6121","t":"A332"},"00EF":{"r":"B-6122","t":"A332"},"00F0":{"r":"B-6123","t":"A332"},"00F1":{"r":"B-6125","t":"A333"},"00F2":{"r":"B-6126","t":"A333"},"00F3":{"r":"B-6127","t":"A333"},"00F5":{"r":"B-6129","t":"A333"},"00FF":{"r":"B-5221","t":"B737"},"0105":{"r":"B-5222","t":"B737"},"011F":{"r":"B-HIH","t":"B742"},"0132":{"r":"B-HNA","t":"B772"},"0133":{"r":"B-HNB","t":"B772"},"0134":{"r":"B-HNC","t":"B772"},"0135":{"r":"B-HND","t":"B772"},"0139":{"r":"B-HOO","t":"B744"},"013A":{"r":"B-HOP","t":"B744"},"013B":{"r":"B-HOR","t":"B744"},"013C":{"r":"B-HOS","t":"B744"},"013D":{"r":"B-HOT","t":"B744"},"013E":{"r":"B-HOU","t":"B744"},"013F":{"r":"B-HOV","t":"B744"},"0140":{"r":"B-HOW","t":"B744"},"0141":{"r":"B-HOX","t":"B744"},"0142":{"r":"B-HOY","t":"B744"},"0143":{"r":"B-HOZ","t":"B744"},"0144":{"r":"B-HUA","t":"B744"},"0145":{"r":"B-HUB","t":"B744"},"0146":{"r":"B-HUD","t":"B744"},"0147":{"r":"B-HUE","t":"B744"},"0148":{"r":"B-HUF","t":"B744"},"0149":{"r":"B-HUG","t":"B744"},"014A":{"r":"B-HUH","t":"B744"},"014B":{"r":"B-HUI","t":"B744"},"014C":{"r":"B-HUJ","t":"B744"},"014D":{"r":"B-HUK","t":"B744"},"014E":{"r":"B-HUL","t":"B744"},"014F":{"r":"B-HUP","t":"B744"},"0150":{"r":"B-HUO","t":"B744"},"015B":{"r":"B-HXA","t":"A343"},"015C":{"r":"B-HXB","t":"A343"},"015D":{"r":"B-HXC","t":"A343"},"015E":{"r":"B-HXD","t":"A343"},"015F":{"r":"B-HXE","t":"A343"},"0160":{"r":"B-HXF","t":"A343"},"016D":{"r":"B-HNE","t":"B773"},"016E":{"r":"B-HNF","t":"B773"},"016F":{"r":"B-HNG","t":"B773"},"0170":{"r":"B-HNH","t":"B773"},"0171":{"r":"B-HNI","t":"B773"},"0172":{"r":"B-HNJ","t":"B773"},"0173":{"r":"B-HNK","t":"B773"},"0174":{"r":"B-HXG","t":"A343"},"0175":{"r":"B-HXH","t":"A343"},"0176":{"r":"B-HXI","t":"A343"},"0177":{"r":"B-HXJ","t":"A343"},"0178":{"r":"B-HXK","t":"A343"},"018B":{"r":"B-HNL","t":"B772"},"018D":{"r":"B-HLM","t":"A333"},"018E":{"r":"B-HLN","t":"A333"},"0190":{"r":"B-HLP","t":"A333"},"0191":{"r":"B-HLQ","t":"A333"},"0192":{"r":"B-HLR","t":"A333"},"0193":{"r":"B-HLS","t":"A333"},"019C":{"r":"B-HLT","t":"A333"},"01AF":{"r":"B-HNM","t":"B773"},"01B0":{"r":"B-HNN","t":"B773"},"01B4":{"r":"B-HLU","t":"A333"},"01B6":{"r":"B-HLW","t":"A333"},"01B7":{"r":"B-HNO","t":"B773"},"01BC":{"r":"B-LDB","t":"A306"},"01BE":{"r":"B-LDD","t":"A306"},"01BF":{"r":"B-LDE","t":"A306"},"01C0":{"r":"B-LDF","t":"A306"},"01C4":{"r":"B-HKD","t":"B744"},"01C5":{"r":"B-HUQ","t":"B744"},"01C6":{"r":"B-LAA","t":"A333"},"01C7":{"r":"B-LAB","t":"A333"},"01C8":{"r":"B-LAC","t":"A333"},"01C9":{"r":"B-LAD","t":"A333"},"01CA":{"r":"B-LAE","t":"A333"},"01CB":{"r":"B-LAF","t":"A333"},"01CC":{"r":"B-HNP","t":"B773"},"01CD":{"r":"B-HKE","t":"B744"},"01CE":{"r":"B-HKF","t":"B744"},"01CF":{"r":"B-HKH","t":"B744"},"01D0":{"r":"B-HKJ","t":"B744"},"01D1":{"r":"B-HKS","t":"B744"},"01D8":{"r":"B-KHK","t":"GLF4"},"01DC":{"r":"B-HNQ","t":"B773"},"01DD":{"r":"B-HUR","t":"B744"},"01DE":{"r":"B-HUS","t":"B744"},"01E2":{"r":"B-LDG","t":"A306"},"01E3":{"r":"B-LDH","t":"A306"},"01E6":{"r":"B-LBL","t":"CL60"},"01EF":{"r":"B-KAE","t":"B744"},"01F0":{"r":"B-KAF","t":"B744"},"01F4":{"r":"B-KID","t":"GLF5"},"01F8":{"r":"B-HKT","t":"B744"},"01F9":{"r":"B-HKU","t":"B744"},"01FA":{"r":"B-HKV","t":"B744"},"01FD":{"r":"B-KAG","t":"B744"},"01FE":{"r":"B-KAH","t":"B744"},"01FF":{"r":"B-KAI","t":"B744"},"0201":{"r":"B-KPA","t":"B77W"},"0202":{"r":"B-KPB","t":"B77W"},"0203":{"r":"B-KPC","t":"B77W"},"0204":{"r":"B-KPD","t":"B77W"},"0205":{"r":"B-KPE","t":"B77W"},"0208":{"r":"B-LAG","t":"A333"},"0209":{"r":"B-LAH","t":"A333"},"020A":{"r":"B-LAI","t":"A333"},"0212":{"r":"B-KPF","t":"B77W"},"0213":{"r":"B-KPG","t":"B77W"},"0214":{"r":"B-KPH","t":"B77W"},"0217":{"r":"B-LIA","t":"B744"},"0218":{"r":"B-LIB","t":"B744"},"0219":{"r":"B-LIC","t":"B744"},"021A":{"r":"B-LID","t":"B744"},"021B":{"r":"B-LIE","t":"B744"},"021C":{"r":"B-LIF","t":"B744"},"0220":{"r":"B-KPI","t":"B77W"},"0221":{"r":"B-KPJ","t":"B77W"},"0223":{"r":"B-HKX","t":"B744"},"0227":{"r":"B-KPK","t":"B77W"},"0229":{"r":"B-LIM","t":"GL5T"},"022B":{"r":"B-KPL","t":"B77W"},"022C":{"r":"B-KPM","t":"B77W"},"022D":{"r":"B-KPN","t":"B77W"},"022E":{"r":"B-KPO","t":"B77W"},"0231":{"r":"B-LJA","t":"B748"},"0232":{"r":"B-LJB","t":"B748"},"0233":{"r":"B-LJC","t":"B748"},"0234":{"r":"B-LRW","t":"GL5T"},"0235":{"r":"B-LAJ","t":"A333"},"0236":{"r":"B-LAK","t":"A333"},"0237":{"r":"B-LAL","t":"A333"},"023B":{"r":"B-KGP","t":"GLF5"},"023C":{"r":"B-KPP","t":"B77W"},"023D":{"r":"B-KPQ","t":"B77W"},"023E":{"r":"B-KPR","t":"B77W"},"023F":{"r":"B-KCK","t":"GLF5"},"025C":{"r":"B-2500","t":"B763"},"025D":{"r":"B-2566","t":"B763"},"0262":{"r":"B-5230","t":"B737"},"026E":{"r":"B-6070","t":"A332"},"0274":{"r":"B-6073","t":"A332"},"0275":{"r":"B-6075","t":"A332"},"0276":{"r":"B-6076","t":"A332"},"0277":{"r":"B-6223","t":"A319"},"0278":{"r":"B-6225","t":"A319"},"0279":{"r":"B-6226","t":"A319"},"027A":{"r":"B-6227","t":"A319"},"027B":{"r":"B-6228","t":"A319"},"028B":{"r":"B-6071","t":"A332"},"028C":{"r":"B-6072","t":"A332"},"029E":{"r":"B-2425","t":"B744"},"029F":{"r":"B-2428","t":"B744"},"02D2":{"r":"B-6079","t":"A332"},"02D3":{"r":"B-6080","t":"A332"},"02D4":{"r":"B-6081","t":"A332"},"02FF":{"r":"B-6082","t":"A332"},"030E":{"r":"B-6542","t":"A332"},"0311":{"r":"B-8028","t":"FA7X"},"0334":{"r":"B-2430","t":"B744"},"0352":{"r":"B-6237","t":"A319"},"0356":{"r":"B-6238","t":"A319"},"0370":{"r":"B-6086","t":"A333"},"0371":{"r":"B-6087","t":"A333"},"037B":{"r":"B-6093","t":"A332"},"037C":{"r":"B-2426","t":"B744"},"03B1":{"r":"B-6909","t":"A320"},"03B3":{"r":"B-8091","t":"GLF4"},"03BE":{"r":"B-7698","t":"CRJ2"},"03C8":{"r":"B-8027","t":"FA7X"},"03E6":{"r":"B-6096","t":"A333"},"03E7":{"r":"B-6097","t":"A333"},"03FE":{"r":"B-3209","t":"E190"},"0432":{"r":"B-5358","t":"B738"},"0443":{"r":"B-6116","t":"A332"},"0444":{"r":"B-6118","t":"A332"},"044C":{"r":"B-5539","t":"B738"},"044E":{"r":"B-6115","t":"A332"},"044F":{"r":"B-6117","t":"A332"},"0450":{"r":"B-6113","t":"A332"},"0451":{"r":"B-6098","t":"A333"},"045D":{"r":"B-6099","t":"A332"},"045E":{"r":"B-6100","t":"A333"},"0460":{"r":"B-6346","t":"A320"},"0461":{"r":"B-5375","t":"B738"},"0462":{"r":"B-6088","t":"A332"},"0463":{"r":"B-6089","t":"A332"},"046D":{"r":"B-6112","t":"A333"},"048C":{"r":"B-6130","t":"A332"},"048E":{"r":"B-6131","t":"A332"},"0493":{"r":"B-2432","t":"B744"},"049E":{"r":"B-5405","t":"B738"},"04A0":{"r":"B-5406","t":"B738"},"04A2":{"r":"B-5408","t":"B738"},"04A9":{"r":"B-6501","t":"A333"},"04AC":{"r":"B-6373","t":"A320"},"04AD":{"r":"B-6375","t":"A320"},"04AE":{"r":"B-6376","t":"A320"},"04B1":{"r":"B-6506","t":"A333"},"04B2":{"r":"B-6507","t":"A333"},"04B9":{"r":"B-6372","t":"A320"},"04BA":{"r":"B-6132","t":"A332"},"04C6":{"r":"B-2071","t":"B77L"},"04C7":{"r":"B-2072","t":"B77L"},"04C9":{"r":"B-8092","t":"GLF5"},"04CA":{"r":"B-6505","t":"A332"},"04D4":{"r":"B-6178","t":"A319"},"04F9":{"r":"B-2433","t":"B744"},"04FA":{"r":"B-5416","t":"B738"},"0511":{"r":"B-5427","t":"B738"},"0513":{"r":"B-5429","t":"B738"},"0531":{"r":"B-5137","t":"B738"},"0532":{"r":"B-6508","t":"A346"},"0533":{"r":"B-6509","t":"A346"},"0534":{"r":"B-6510","t":"A346"},"053B":{"r":"B-2435","t":"B744"},"0550":{"r":"B-6133","t":"A332"},"0586":{"r":"B-5465","t":"B738"},"058D":{"r":"B-5467","t":"B738"},"058E":{"r":"B-5466","t":"B738"},"05A5":{"r":"B-5482","t":"B738"},"05A6":{"r":"B-5480","t":"B738"},"05A7":{"r":"B-5481","t":"B738"},"05A9":{"r":"B-2073","t":"B77L"},"05AA":{"r":"B-2075","t":"B77L"},"05D3":{"r":"B-5462","t":"B738"},"05D7":{"r":"B-8097","t":"GLF5"},"05DC":{"r":"B-2076","t":"B772"},"05DD":{"r":"B-2077","t":"B772"},"05DE":{"r":"B-8100","t":"GLF5"},"05F6":{"r":"B-6135","t":"A332"},"0610":{"r":"B-5266","t":"B737"},"061E":{"r":"B-8108","t":"GLF5"},"0620":{"r":"B-7697","t":"CRJ2"},"062F":{"r":"B-2078","t":"B77L"},"0630":{"r":"B-2079","t":"B77L"},"0639":{"r":"B-6511","t":"A333"},"0643":{"r":"B-6515","t":"A332"},"0644":{"r":"B-6516","t":"A332"},"0654":{"r":"B-2081","t":"B77L"},"0656":{"r":"B-5521","t":"B738"},"0687":{"r":"B-5538","t":"B738"},"0688":{"r":"B-5540","t":"B738"},"068B":{"r":"B-6517","t":"A320"},"0691":{"r":"B-8122","t":"GLF5"},"0697":{"r":"B-2453","t":"B744"},"0698":{"r":"B-2455","t":"B744"},"0699":{"r":"B-2457","t":"B744"},"06B4":{"r":"B-6519","t":"A332"},"06B5":{"r":"B-6520","t":"A333"},"06BA":{"r":"B-8157","t":"GLF5"},"06DE":{"r":"B-6525","t":"A333"},"06E1":{"r":"B-6527","t":"A333"},"06E2":{"r":"B-6529","t":"A333"},"0706":{"r":"B-8130","t":"GLF5"},"0707":{"r":"B-6418","t":"A319"},"0708":{"r":"B-2725","t":"B788"},"0709":{"r":"B-2726","t":"B788"},"070A":{"r":"B-2727","t":"B788"},"070D":{"r":"B-6526","t":"A332"},"070E":{"r":"B-6528","t":"A332"},"071B":{"r":"B-2082","t":"B77L"},"071C":{"r":"B-2083","t":"B77L"},"0728":{"r":"B-5273","t":"B737"},"072A":{"r":"B-2437","t":"B744"},"0738":{"r":"B-5579","t":"B738"},"0739":{"r":"B-5580","t":"B738"},"073A":{"r":"B-5581","t":"B738"},"0747":{"r":"B-6531","t":"A332"},"0748":{"r":"B-6532","t":"A332"},"076B":{"r":"B-2085","t":"B77W"},"076C":{"r":"B-2086","t":"B77W"},"076D":{"r":"B-2087","t":"B77W"},"076E":{"r":"B-2088","t":"B77W"},"0772":{"r":"B-5597","t":"B738"},"0783":{"r":"B-6533","t":"A332"},"07BB":{"r":"B-2080","t":"B77L"},"07BD":{"r":"B-6535","t":"A332"},"07CE":{"r":"B-6536","t":"A332"},"07D5":{"r":"B-6537","t":"A332"},"07D6":{"r":"B-6538","t":"A332"},"07FC":{"r":"B-3999","t":"B737"},"0814":{"r":"B-7796","t":"CL60"},"0818":{"r":"B-6539","t":"A333"},"082E":{"r":"B-2090","t":"B77W"},"082F":{"r":"B-6540","t":"A332"},"084C":{"r":"B-6877","t":"A320"},"0850":{"r":"B-6543","t":"A332"},"0851":{"r":"B-6546","t":"A332"},"0856":{"r":"B-6875","t":"A320"},"085A":{"r":"B-6898","t":"A320"},"0866":{"r":"B-3138","t":"E190"},"0867":{"r":"B-6881","t":"A320"},"086C":{"r":"B-2031","t":"B77W"},"0873":{"r":"B-6541","t":"A332"},"0888":{"r":"B-3139","t":"E190"},"0889":{"r":"B-6895","t":"A320"},"088D":{"r":"B-5645","t":"B738"},"0890":{"r":"B-8207","t":"FA7X"},"08A8":{"r":"B-6549","t":"A332"},"08A9":{"r":"B-6503","t":"A333"},"08AC":{"r":"B-2032","t":"B77W"},"08AE":{"r":"B-6547","t":"A332"},"08AF":{"r":"B-6548","t":"A332"},"08BC":{"r":"B-5900","t":"A332"},"08CB":{"r":"B-2033","t":"B77W"},"08CC":{"r":"B-2035","t":"B77W"},"08E6":{"r":"B-5902","t":"A332"},"08E7":{"r":"B-5903","t":"A332"},"08E9":{"r":"B-6925","t":"A321"},"08ED":{"r":"B-6929","t":"A320"},"08F0":{"r":"B-6427","t":"A319"},"08F4":{"r":"B-6422","t":"A319"},"0900":{"r":"B-6426","t":"A319"},"0917":{"r":"B-3210","t":"E190"},"0932":{"r":"B-5908","t":"A332"},"0955":{"r":"B-6435","t":"A319"},"0970":{"r":"B-2036","t":"B773"},"0979":{"r":"B-8259","t":"GLF5"},"099E":{"r":"B-8206","t":"FA7X"},"09A9":{"r":"B-2037","t":"B77W"},"09AA":{"r":"B-2038","t":"B77W"},"09B8":{"r":"B-5920","t":"A332"},"09B9":{"r":"B-5921","t":"A332"},"09FE":{"r":"B-8263","t":"GLF4"},"0A02":{"r":"B-LCK","t":"GLF4"},"0A03":{"r":"B-LWW","t":"GLF4"},"0A04":{"r":"B-LRH","t":"GL5T"},"0A0A":{"r":"B-LAM","t":"A333"},"0A0B":{"r":"B-LAN","t":"A333"},"0A0C":{"r":"B-LAO","t":"A333"},"0A0F":{"r":"B-LEX","t":"B737"},"0A14":{"r":"B-KPS","t":"B77W"},"0A15":{"r":"B-KPT","t":"B77W"},"0A16":{"r":"B-KPU","t":"B77W"},"0A17":{"r":"B-KPV","t":"B77W"},"0A18":{"r":"B-KPW","t":"B77W"},"0A19":{"r":"B-KPX","t":"B77W"},"0A1A":{"r":"B-HVP","t":"GLF5"},"0A1B":{"r":"B-KEQ","t":"GLF5"},"0A1D":{"r":"B-LJE","t":"B748"},"0A22":{"r":"B-LNJ","t":"A332"},"0A25":{"r":"B-KHJ","t":"GLF5"},"0A28":{"r":"B-LJF","t":"B748"},"0A29":{"r":"B-LJG","t":"B748"},"0A2A":{"r":"B-KPY","t":"B77W"},"0A2B":{"r":"B-KPZ","t":"B77W"},"0A2C":{"r":"B-KQA","t":"B77W"},"0A2D":{"r":"B-KQB","t":"B77W"},"0A31":{"r":"B-LNK","t":"A332"},"0A35":{"r":"B-KQC","t":"B77W"},"0A36":{"r":"B-KQD","t":"B77W"},"0A37":{"r":"B-KQE","t":"B77W"},"0A38":{"r":"B-KQF","t":"B77W"},"0A39":{"r":"B-KQG","t":"B77W"},"0A3A":{"r":"B-KQH","t":"B77W"},"0A3B":{"r":"B-KQI","t":"B77W"},"0A3C":{"r":"B-KQJ","t":"B77W"},"0A3D":{"r":"B-LJH","t":"B748"},"0A3E":{"r":"B-LJI","t":"B748"},"0A3F":{"r":"B-LJJ","t":"B748"},"0A40":{"r":"B-HSQ","t":"A320"},"0A43":{"r":"B-LNW","t":"A332"},"0A46":{"r":"B-LPD","t":"A320"},"0A47":{"r":"B-LNL","t":"A332"},"0A50":{"r":"B-HHI","t":"GLF5"},"0A5B":{"r":"B-KQK","t":"B77W"},"0A5C":{"r":"B-KQL","t":"B77W"},"0A61":{"r":"B-KQM","t":"B77W"},"0A62":{"r":"B-KQN","t":"B77W"},"0A63":{"r":"B-KQO","t":"B77W"},"0A64":{"r":"B-KQP","t":"B77W"},"0A65":{"r":"B-KQQ","t":"B77W"},"0A66":{"r":"B-KQR","t":"B77W"},"0A67":{"r":"B-KQS","t":"B77W"},"0A6E":{"r":"B-LJK","t":"B748"},"0A6F":{"r":"B-LJL","t":"B748"},"0A89":{"r":"B-KQU","t":"B77W"},"0A8A":{"r":"B-KQV","t":"B77W"},"0A8B":{"r":"B-KQW","t":"B77W"},"0A8D":{"r":"B-KQT","t":"B77W"},"0A98":{"r":"B-KQZ","t":"B77W"},"0AD1":{"r":"B-5925","t":"A332"},"0AD2":{"r":"B-5927","t":"A332"},"0ADA":{"r":"B-5926","t":"A332"},"0AE5":{"r":"B-2039","t":"B77W"},"0AE6":{"r":"B-2040","t":"B77W"},"0AEB":{"r":"B-2041","t":"B77L"},"0B11":{"r":"B-2732","t":"B788"},"0B12":{"r":"B-2733","t":"B788"},"0B13":{"r":"B-2735","t":"B788"},"0B14":{"r":"B-2736","t":"B788"},"0B15":{"r":"B-2737","t":"B788"},"0B33":{"r":"B-5930","t":"A332"},"0B34":{"r":"B-5931","t":"A332"},"0B44":{"r":"B-2043","t":"B77L"},"0B45":{"r":"B-5932","t":"A332"},"0B7D":{"r":"B-5937","t":"A332"},"0B7E":{"r":"B-5936","t":"A332"},"0B7F":{"r":"B-5938","t":"A332"},"0BA2":{"r":"B-2787","t":"B788"},"0BA3":{"r":"B-2788","t":"B788"},"0BB5":{"r":"B-3296","t":"E135"},"0BB6":{"r":"B-2095","t":"B77L"},"0BC1":{"r":"B-8292","t":"GLF5"},"0BF6":{"r":"B-2045","t":"B77W"},"0BF7":{"r":"B-2046","t":"B77W"},"0BF8":{"r":"B-2047","t":"B77W"},"0BFF":{"r":"B-5941","t":"A332"},"0C00":{"r":"B-5942","t":"A332"},"0C01":{"r":"B-5943","t":"A332"},"0C13":{"r":"B-8280","t":"G280"},"0C4D":{"r":"B-5949","t":"A332"},"0C5B":{"r":"B-2091","t":"B77L"},"0C5C":{"r":"B-2092","t":"B77L"},"0C5D":{"r":"B-2093","t":"B77L"},"0C9E":{"r":"B-2006","t":"B77W"},"0CA9":{"r":"B-5952","t":"A332"},"0D22":{"r":"B-5961","t":"A332"},"0D23":{"r":"B-5962","t":"A332"},"0DE5":{"r":"B-5973","t":"A332"}}