{"00008":{"r":"VT-ESM","t":"B744"},"0000B":{"r":"VT-ESN","t":"B744"},"0000C":{"r":"VT-ESO","t":"B744"},"00013":{"r":"VT-ESP","t":"B744"},"00050":{"r":"VT-EVA","t":"B744"},"0005A":{"r":"VT-EVB","t":"B744"},"000CC":{"r":"VT-JCD","t":"AT75"},"000CF":{"r":"VT-SLK","t":"BE9L"},"00119":{"r":"VT-EYA","t":"A320"},"0011B":{"r":"VT-EYC","t":"A320"},"0011F":{"r":"VT-SAQ","t":"CRJ2"},"00120":{"r":"VT-SAR","t":"CRJ2"},"00121":{"r":"VT-SAS","t":"CRJ2"},"0012D":{"r":"VT-DHA","t":"GLEX"},"00140":{"r":"VT-TBT","t":"F2TH"},"00142":{"r":"VT-SFL","t":"BE9L"},"00147":{"r":"VT-EYF","t":"A320"},"00148":{"r":"VT-EYG","t":"A320"},"0014A":{"r":"VT-EYI","t":"A320"},"0015E":{"r":"VT-JGG","t":"B738"},"00160":{"r":"VT-EYJ","t":"A320"},"00165":{"r":"VT-AIL","t":"B772"},"00166":{"r":"VT-AIJ","t":"B772"},"00167":{"r":"VT-AIK","t":"B772"},"0017D":{"r":"VT-AIP","t":"A310"},"0017E":{"r":"VT-KFA","t":"A320"},"00180":{"r":"VT-KFC","t":"A320"},"0018B":{"r":"VT-JWB","t":"A343"},"001B2":{"r":"VT-AXF","t":"B738"},"001B3":{"r":"VT-AXG","t":"B738"},"001C9":{"r":"VT-JWD","t":"A332"},"001CE":{"r":"VT-JGT","t":"B738"},"001CF":{"r":"VT-JGU","t":"B738"},"001D0":{"r":"VT-JGV","t":"B738"},"001D1":{"r":"VT-JGW","t":"B738"},"001F2":{"r":"VT-BDK","t":"B752"},"00365":{"r":"VT-SMI","t":"GLF5"},"0036F":{"r":"VT-KFL","t":"A320"},"00373":{"r":"VT-SCF","t":"A319"},"0037F":{"r":"VT-JWE","t":"A332"},"00380":{"r":"VT-JEA","t":"B77W"},"00381":{"r":"VT-JEB","t":"B77W"},"00382":{"r":"VT-JEC","t":"B77W"},"00386":{"r":"VT-JEG","t":"B77W"},"00387":{"r":"VT-JEH","t":"B77W"},"00388":{"r":"VT-JEJ","t":"B773"},"00389":{"r":"VT-JEK","t":"B77W"},"00392":{"r":"VT-ALA","t":"B77L"},"00393":{"r":"VT-ALB","t":"B77L"},"00394":{"r":"VT-ALC","t":"B77L"},"00396":{"r":"VT-AXI","t":"B738"},"0039B":{"r":"VT-KFQ","t":"A321"},"003A5":{"r":"VT-VJM","t":"A319"},"003A8":{"r":"VT-HGL","t":"F2TH"},"003B0":{"r":"VT-AXJ","t":"B738"},"003B8":{"r":"VT-JWF","t":"A332"},"003B9":{"r":"VT-JWG","t":"A332"},"003BA":{"r":"VT-JWH","t":"A332"},"003D6":{"r":"VT-INJ","t":"A320"},"003E2":{"r":"VT-ALJ","t":"B77W"},"003E3":{"r":"VT-ALK","t":"B77W"},"003E4":{"r":"VT-ALL","t":"B77W"},"003E5":{"r":"VT-PPB","t":"A321"},"003E6":{"r":"VT-PPD","t":"A321"},"003E9":{"r":"VT-KFS","t":"A321"},"003F0":{"r":"VT-AXQ","t":"B738"},"003F2":{"r":"VT-AXT","t":"B738"},"003F3":{"r":"VT-AXU","t":"B738"},"003FF":{"r":"VT-DLF","t":"GLF4"},"00400":{"r":"VT-SCG","t":"A319"},"00401":{"r":"VT-SCH","t":"A319"},"00404":{"r":"VT-SBK","t":"F900"},"0040B":{"r":"VT-JBB","t":"B738"},"0040D":{"r":"VT-JBD","t":"B738"},"00411":{"r":"VT-SCI","t":"A319"},"00412":{"r":"VT-SCJ","t":"A319"},"00413":{"r":"VT-SCK","t":"A319"},"00414":{"r":"VT-PPE","t":"A321"},"0041B":{"r":"VT-ALD","t":"B77L"},"0041C":{"r":"VT-ALE","t":"B77L"},"00429":{"r":"VT-IAH","t":"A319"},"00438":{"r":"VT-JWJ","t":"A332"},"00439":{"r":"VT-JWK","t":"A332"},"0043A":{"r":"VT-JWL","t":"A332"},"0043B":{"r":"VT-JWM","t":"A332"},"0043C":{"r":"VT-JWN","t":"A332"},"0043D":{"r":"VT-JWP","t":"A332"},"0043E":{"r":"VT-JWQ","t":"A332"},"0043F":{"r":"VT-JSK","t":"GL5T"},"00441":{"r":"VT-PPH","t":"A321"},"00448":{"r":"VT-AXW","t":"B738"},"00449":{"r":"VT-AXX","t":"B738"},"0044B":{"r":"VT-AYA","t":"B738"},"0044D":{"r":"VT-AYC","t":"B738"},"0044E":{"r":"VT-AYD","t":"B738"},"00462":{"r":"VT-ALM","t":"B77W"},"00463":{"r":"VT-ALN","t":"B77W"},"0046B":{"r":"VT-JBE","t":"B738"},"0046C":{"r":"VT-JBF","t":"B738"},"0046D":{"r":"VT-JBG","t":"B738"},"00478":{"r":"VT-JUA","t":"CL30"},"0047A":{"r":"VT-PPJ","t":"A321"},"0047B":{"r":"VT-SCL","t":"A319"},"0047C":{"r":"VT-PPI","t":"A321"},"0047F":{"r":"VT-MST","t":"GLF4"},"00485":{"r":"VT-HDL","t":"F2TH"},"00486":{"r":"VT-JBH","t":"B738"},"00490":{"r":"VT-RAK","t":"CL30"},"00496":{"r":"VT-VJK","t":"A332"},"00497":{"r":"VT-VJL","t":"A332"},"00498":{"r":"VT-VJN","t":"A332"},"00499":{"r":"VT-VJO","t":"A332"},"0049A":{"r":"VT-VJP","t":"A332"},"004A7":{"r":"VT-SCM","t":"A319"},"004AF":{"r":"VT-TDT","t":"F2TH"},"004BD":{"r":"VT-SCN","t":"A319"},"004C0":{"r":"VT-PLA","t":"GALX"},"004C6":{"r":"VT-RSR","t":"H25B"},"004C9":{"r":"VT-VSA","t":"LJ40"},"004D3":{"r":"VT-STV","t":"GLEX"},"004D5":{"r":"VT-PPL","t":"A321"},"004D6":{"r":"VT-PPM","t":"A321"},"004DA":{"r":"VT-ALF","t":"B77L"},"004DB":{"r":"VT-ALG","t":"B77L"},"004DC":{"r":"VT-ALH","t":"B77L"},"004DD":{"r":"VT-ALO","t":"B77W"},"004DE":{"r":"VT-ALP","t":"B77W"},"004DF":{"r":"VT-ALQ","t":"B77W"},"004E0":{"r":"VT-ALR","t":"B77W"},"004E2":{"r":"VT-HJA","t":"HA4T"},"004E3":{"r":"VT-CAP","t":"FA7X"},"004FD":{"r":"VT-SCO","t":"A319"},"004FE":{"r":"VT-SCP","t":"A319"},"00505":{"r":"VT-JBJ","t":"B738"},"00506":{"r":"VT-JBK","t":"B738"},"00507":{"r":"VT-JSB","t":"GLEX"},"0050E":{"r":"VT-JUM","t":"GALX"},"00521":{"r":"VT-SCR","t":"A319"},"0052B":{"r":"VT-PPO","t":"A321"},"0052C":{"r":"VT-SCS","t":"A319"},"0052D":{"r":"VT-PPQ","t":"A321"},"0052E":{"r":"VT-SCT","t":"A319"},"00530":{"r":"VT-DBG","t":"CL60"},"0053D":{"r":"VT-SCU","t":"A319"},"00541":{"r":"VT-DBA","t":"GL5T"},"00544":{"r":"VT-SCW","t":"A319"},"00547":{"r":"VT-JBL","t":"B738"},"00554":{"r":"VT-JBM","t":"B738"},"00555":{"r":"VT-JBN","t":"B738"},"00556":{"r":"VT-JBP","t":"B738"},"0057A":{"r":"VT-SCX","t":"A319"},"0057C":{"r":"VT-EDD","t":"A320"},"0057D":{"r":"VT-EDC","t":"A320"},"00582":{"r":"VT-ALS","t":"B77W"},"00583":{"r":"VT-ALT","t":"B77W"},"00584":{"r":"VT-ALU","t":"B77W"},"00588":{"r":"VT-EDE","t":"A320"},"00590":{"r":"VT-APL","t":"CL60"},"00591":{"r":"VT-RGX","t":"FA7X"},"005A1":{"r":"VT-JBQ","t":"B738"},"005A2":{"r":"VT-JBR","t":"B738"},"005A3":{"r":"VT-JBS","t":"B738"},"005AE":{"r":"VT-HMA","t":"GLEX"},"005B8":{"r":"VT-SGF","t":"B738"},"005B9":{"r":"VT-BRS","t":"GLF5"},"005CF":{"r":"VT-AYV","t":"F2TH"},"005D6":{"r":"VT-SGH","t":"B738"},"005E1":{"r":"VT-IBP","t":"CRJ2"},"005EB":{"r":"VT-ANA","t":"B788"},"005EC":{"r":"VT-ANB","t":"B788"},"005ED":{"r":"VT-ANC","t":"B788"},"005EE":{"r":"VT-AND","t":"B788"},"005EF":{"r":"VT-ANE","t":"B788"},"005F0":{"r":"VT-ANG","t":"B788"},"005F1":{"r":"VT-ANH","t":"B788"},"005F2":{"r":"VT-ANI","t":"B788"},"005F3":{"r":"VT-ANJ","t":"B788"},"005F4":{"r":"VT-ANK","t":"B788"},"005F6":{"r":"VT-WAM","t":"A320"},"00600":{"r":"VT-VDM","t":"HA4T"},"0061E":{"r":"VT-TMS","t":"GLF5"},"00648":{"r":"VT-SGU","t":"B738"},"0064A":{"r":"VT-IEI","t":"A320"},"0064C":{"r":"VT-IEK","t":"A320"},"0064D":{"r":"VT-IEL","t":"A320"},"0064E":{"r":"VT-IEM","t":"A320"},"00656":{"r":"VT-SUC","t":"DH8D"},"0065F":{"r":"VT-JBW","t":"B738"},"00660":{"r":"VT-JBX","t":"B738"},"00661":{"r":"VT-SNP","t":"GALX"},"00662":{"r":"VT-AOP","t":"E190"},"00665":{"r":"VT-SEL","t":"B77W"},"00666":{"r":"VT-JEM","t":"B773"},"0066E":{"r":"VT-WAO","t":"A320"},"00670":{"r":"VT-SUE","t":"DH8D"},"00671":{"r":"VT-SUF","t":"DH8D"},"00672":{"r":"VT-SUG","t":"DH8D"},"00687":{"r":"VT-IEP","t":"A320"},"00688":{"r":"VT-IEQ","t":"A320"},"00689":{"r":"VT-IER","t":"A320"},"0068A":{"r":"VT-IES","t":"A320"},"0068C":{"r":"VT-IEU","t":"A320"},"006E5":{"r":"VT-KJB","t":"GL5T"},"006E7":{"r":"VT-SGW","t":"B738"},"006E9":{"r":"VT-SUJ","t":"DH8D"},"006EA":{"r":"VT-SUK","t":"DH8D"},"00705":{"r":"VT-JFA","t":"B738"},"00712":{"r":"VT-SUP","t":"DH8D"},"00717":{"r":"VT-IFB","t":"A320"},"0071E":{"r":"VT-JWR","t":"A333"},"0071F":{"r":"VT-JWS","t":"A333"},"00720":{"r":"VT-JWT","t":"A333"},"00721":{"r":"VT-JWU","t":"A333"},"0072C":{"r":"VT-JFE","t":"B738"},"00732":{"r":"VT-ANL","t":"B788"},"00733":{"r":"VT-ANM","t":"B788"},"00734":{"r":"VT-ANN","t":"B788"},"00735":{"r":"VT-ANO","t":"B788"},"00736":{"r":"VT-ANP","t":"B788"},"00737":{"r":"VT-ANQ","t":"B788"},"00738":{"r":"VT-ANR","t":"B788"},"00739":{"r":"VT-ANS","t":"B788"},"0073A":{"r":"VT-ANT","t":"B788"},"0073B":{"r":"VT-ANU","t":"B788"},"0073C":{"r":"VT-ANV","t":"B788"},"00743":{"r":"VT-RSP","t":"CL30"},"007AE":{"r":"VT-SNG","t":"GLEX"},"007C1":{"r":"VT-JFH","t":"B738"},"007C2":{"r":"VT-JFJ","t":"B738"},"007C3":{"r":"VT-JFK","t":"B738"},"007D7":{"r":"VT-JEN","t":"B77W"},"007D8":{"r":"VT-JEP","t":"B77W"},"007D9":{"r":"VT-JEQ","t":"B77W"},"007DA":{"r":"VT-JER","t":"B77W"},"007E2":{"r":"VT-SZH","t":"B738"},"007E9":{"r":"VT-CPA","t":"GLF5"},"00AF9":{"r":"VT-JFQ","t":"B738"},"00B65":{"r":"VT-JWW","t":"A332"},"405D7":{"t":"B744"},"4096B":{"t":"B744"},"40CFF":{"t":"B744"},"41093":{"t":"B744"},"41427":{"t":"B744"},"417BB":{"t":"B744"},"41B4F":{"t":"B744"},"41EE3":{"t":"B744"},"45F9F":{"t":"B748"},"466C7":{"t":"B748"},"47183":{"t":"B748"},"4B3DE":{"t":"A320"},"4B466":{"t":"A320"},"51C42":{"t":"B738"},"51C64":{"t":"B738"},"51CA8":{"t":"B738"},"51CCA":{"t":"B738"},"51CEC":{"t":"B738"},"56754":{"t":"B744"},"61BF4":{"t":"B763"},"61E56":{"t":"B763"},"61E78":{"t":"B763"},"61E9A":{"t":"B763"},"61EBC":{"t":"B763"},"61F00":{"t":"B763"},"61F44":{"t":"B763"},"61F88":{"t":"B763"},"6222E":{"t":"B763"},"622D0":{"t":"B763"},"62CC8":{"t":"B763"},"62CEA":{"t":"B763"},"62D0C":{"t":"B763"},"62D2E":{"t":"B763"},"638B0":{"t":"B738"},"67512":{"t":"B772"},"67534":{"t":"B772"},"67556":{"t":"B772"},"67578":{"t":"B772"},"6759A":{"t":"B772"},"675BC":{"t":"B772"},"6781E":{"t":"B772"},"67840":{"t":"B772"},"678C0":{"t":"B772"},"678E2":{"t":"B772"},"67904":{"t":"B772"},"67F60":{"t":"B77W"},"67F68":{"t":"B77W"},"67F82":{"t":"B77W"},"67F8A":{"t":"B77W"},"67FA4":{"t":"B77W"},"67FAC":{"t":"B77W"},"67FC6":{"t":"B77W"},"67FCE":{"t":"B77W"},"67FE8":{"t":"B77W"},"67FF0":{"t":"B77W"},"6800A":{"t":"B77W"},"68012":{"t":"B77W"},"68034":{"t":"B77W"},"68056":{"t":"B77W"},"68078":{"t":"B77W"},"682DA":{"t":"B77W"},"682FC":{"t":"B77W"},"6831E":{"t":"B77W"},"68340":{"t":"B77W"},"68E7C":{"t":"B77W"},"68E9E":{"t":"B77W"},"68EC0":{"t":"B77W"},"69122":{"t":"B77W"},"69144":{"t":"B77W"},"69166":{"t":"B77W"},"69188":{"t":"B77W"},"691AA":{"t":"B77W"},"691CC":{"t":"B77W"},"691EE":{"t":"B77W"},"69210":{"t":"B77W"},"69232":{"t":"B77W"},"69254":{"t":"B77W"},"694B6":{"t":"B77W"},"6CEB0":{"t":"B788"},"6CEBD":{"t":"A320"},"6CEDF":{"t":"A320"},"6CEF4":{"t":"B788"},"6CF16":{"t":"B788"},"6CF2F":{"t":"B744"},"6CF55":{"t":"B744"},"6CF7C":{"t":"B788"},"6D1DE":{"t":"B788"},"6D200":{"t":"B788"},"6D244":{"t":"B788"},"6D5BE":{"t":"B788"},"6D624":{"t":"B788"},"6D646":{"t":"B788"},"6D668":{"t":"B788"},"6D68A":{"t":"B788"},"6DA16":{"t":"B788"},"6EE76":{"t":"B744"},"6EE99":{"t":"B744"},"6EE9A":{"t":"B744"},"6EE9C":{"t":"B744"},"6EE9F":{"t":"B744"},"6EEBA":{"t":"B744"},"7C000":{"r":"20-1101","t":"B744"},"7C001":{"r":"20-1102","t":"B744"},"7CC0A":{"r":"07-3604","t":"B762"},"80002":{"r":"HS-TGH","t":"B744"},"80004":{"r":"HS-TGJ","t":"B744"},"80006":{"r":"HS-TAO","t":"A306"},"8000A":{"r":"HS-TAR","t":"A306"},"8000B":{"r":"HS-TAS","t":"A306"},"8000C":{"r":"HS-TEA","t":"A333"},"8000D":{"r":"HS-TEB","t":"A333"},"8000E":{"r":"HS-TEC","t":"A333"},"8000F":{"r":"HS-TED","t":"A333"},"80011":{"r":"HS-TEE","t":"A333"},"80012":{"r":"HS-TEF","t":"A333"},"80013":{"r":"HS-TEG","t":"A333"},"80014":{"r":"HS-TEH","t":"A333"},"80016":{"r":"HS-TJA","t":"B772"},"80017":{"r":"HS-TJB","t":"B772"},"80018":{"r":"HS-TJC","t":"B772"},"80019":{"r":"HS-TJD","t":"B772"},"8001A":{"r":"HS-TJE","t":"B772"},"8001B":{"r":"HS-TJF","t":"B772"},"8001C":{"r":"HS-TJG","t":"B772"},"8001D":{"r":"HS-TJH","t":"B772"},"8001E":{"r":"HS-TGR","t":"B744"},"8001F":{"r":"HS-TGT","t":"B744"},"8002D":{"r":"HS-TGW","t":"B744"},"8002E":{"r":"HS-TGX","t":"B744"},"80035":{"r":"HS-TAT","t":"A306"},"80036":{"r":"HS-TAW","t":"A306"},"80037":{"r":"HS-TAX","t":"A306"},"80038":{"r":"HS-TEJ","t":"A333"},"80039":{"r":"HS-TEK","t":"A333"},"8003A":{"r":"HS-TGY","t":"B744"},"8003B":{"r":"HS-TAY","t":"A306"},"8003C":{"r":"HS-TAZ","t":"A306"},"8003D":{"r":"HS-TKA","t":"B773"},"8003E":{"r":"HS-TEL","t":"A333"},"8003F":{"r":"HS-TKB","t":"B773"},"80041":{"r":"HS-TGZ","t":"B744"},"80042":{"r":"HS-TEM","t":"A333"},"80043":{"r":"HS-TKC","t":"B773"},"80044":{"r":"HS-TKD","t":"B773"},"80045":{"r":"HS-TKE","t":"B773"},"80046":{"r":"HS-TKF","t":"B773"},"80048":{"r":"HS-NMB","t":"B430"},"80050":{"r":"HS-TGA","t":"B744"},"80051":{"r":"HS-TGB","t":"B744"},"8005E":{"r":"HS-PGQ","t":"B712"},"8005F":{"r":"HS-PGR","t":"B712"},"8006D":{"r":"HS-TGF","t":"B744"},"8006E":{"r":"HS-TGG","t":"B744"},"80400":{"r":"HS-TGK","t":"B744"},"80441":{"r":"HS-ABA","t":"A320"},"80442":{"r":"HS-ABB","t":"A320"},"80443":{"r":"HS-ABC","t":"A320"},"80444":{"r":"HS-ABD","t":"A320"},"80445":{"r":"HS-ABE","t":"A320"},"80446":{"r":"HS-ABF","t":"A320"},"80447":{"r":"HS-ABG","t":"A320"},"80448":{"r":"HS-ABH","t":"A320"},"80449":{"r":"HS-ABI","t":"A320"},"8044A":{"r":"HS-ABJ","t":"A320"},"8044B":{"r":"HS-ABK","t":"A320"},"8044C":{"r":"HS-ABL","t":"A320"},"8044D":{"r":"HS-ABM","t":"A320"},"8044E":{"r":"HS-ABN","t":"A320"},"8044F":{"r":"HS-ABO","t":"A320"},"80450":{"r":"HS-ABP","t":"A320"},"80451":{"r":"HS-ABQ","t":"A320"},"80452":{"r":"HS-ABR","t":"A320"},"80453":{"r":"HS-ABS","t":"A320"},"80454":{"r":"HS-ABT","t":"A320"},"80456":{"r":"HS-ABV","t":"A320"},"80457":{"r":"HS-ABW","t":"A320"},"80458":{"r":"HS-ABX","t":"A320"},"80843":{"r":"HS-BBC","t":"A320"},"80DB6":{"r":"HS-CMV","t":"B734"},"82821":{"r":"HS-JAA","t":"GALX"},"83AC1":{"r":"2112","t":"E135"},"840AB":{"r":"HS-PEK","t":"H25B"},"840EE":{"r":"HS-PGN","t":"A319"},"840F4":{"r":"HS-PGT","t":"A319"},"840F8":{"r":"HS-PGX","t":"A319"},"840F9":{"r":"HS-PGY","t":"A319"},"840FA":{"r":"HS-PGZ","t":"A319"},"84202":{"r":"HS-PPB","t":"A319"},"84852":{"r":"HS-RBR","t":"F2TH"},"84E81":{"r":"HS-STA","t":"B744"},"84E83":{"r":"HS-STC","t":"B744"},"85041":{"r":"HS-TBA","t":"A333"},"85042":{"r":"HS-TBB","t":"A333"},"850AE":{"r":"HS-TEN","t":"A333"},"850AF":{"r":"HS-TEO","t":"A333"},"850B0":{"r":"HS-TEP","t":"A333"},"850B1":{"r":"HS-TEQ","t":"A333"},"850B2":{"r":"HS-TER","t":"A333"},"850B3":{"r":"HS-TES","t":"A333"},"850B4":{"r":"HS-TET","t":"A333"},"850B5":{"r":"HS-TEU","t":"A333"},"85152":{"r":"HS-TJR","t":"B772"},"85153":{"r":"HS-TJS","t":"B772"},"85154":{"r":"HS-TJT","t":"B772"},"85155":{"r":"HS-TJU","t":"B772"},"85156":{"r":"HS-TJV","t":"B772"},"85157":{"r":"HS-TJW","t":"B772"},"85167":{"r":"HS-TKG","t":"B77W"},"85168":{"r":"HS-TKH","t":"B77W"},"8516A":{"r":"HS-TKJ","t":"B77W"},"8516B":{"r":"HS-TKK","t":"B77W"},"8516D":{"r":"HS-TKM","t":"B77W"},"85173":{"r":"HS-TKS","t":"B77W"},"85174":{"r":"HS-TKT","t":"B77W"},"85181":{"r":"HS-TLA","t":"A345"},"85182":{"r":"HS-TLB","t":"A345"},"85183":{"r":"HS-TLC","t":"A345"},"85184":{"r":"HS-TLD","t":"A345"},"851C1":{"r":"HS-TNA","t":"A346"},"851C2":{"r":"HS-TNB","t":"A346"},"851C3":{"r":"HS-TNC","t":"A346"},"851C4":{"r":"HS-TND","t":"A346"},"851C5":{"r":"HS-TNE","t":"A346"},"851C6":{"r":"HS-TNF","t":"A346"},"852A1":{"r":"HS-TUA","t":"A388"},"852A2":{"r":"HS-TUB","t":"A388"},"852A3":{"r":"HS-TUC","t":"A388"},"852A4":{"r":"HS-TUD","t":"A388"},"852A5":{"r":"HS-TUE","t":"A388"},"852A6":{"r":"HS-TUF","t":"A388"},"85332":{"r":"HS-TYR","t":"A319"},"85A6B":{"r":"HS-VSK","t":"GLF6"},"87200":{"r":"HS-TGL","t":"B744"},"87400":{"r":"HS-TGM","t":"B744"},"87800":{"r":"HS-TGN","t":"B744"},"87801":{"r":"HS-TGO","t":"B744"},"87802":{"r":"HS-TGP","t":"B744"},"88012":{"r":"VN-A141","t":"B772"},"88013":{"r":"VN-A142","t":"B772"},"8801A":{"r":"VN-A143","t":"B772"},"8801B":{"r":"VN-A144","t":"B772"},"8801C":{"r":"VN-A145","t":"B772"},"8801D":{"r":"VN-A146","t":"B772"},"88021":{"r":"VN-A344","t":"A321"},"88022":{"r":"VN-A345","t":"A321"},"88023":{"r":"VN-A347","t":"A321"},"88024":{"r":"VN-A348","t":"A321"},"88025":{"r":"VN-A149","t":"B772"},"88026":{"r":"VN-A150","t":"B772"},"88028":{"r":"VN-A147","t":"B772"},"88029":{"r":"VN-A151","t":"B772"},"88034":{"r":"VN-A190","t":"B734"},"88036":{"r":"VN-A192","t":"B734"},"8804B":{"r":"VN-A350","t":"A321"},"8804D":{"r":"VN-A352","t":"A321"},"8804E":{"r":"VN-A353","t":"A321"},"88051":{"r":"VN-A354","t":"A321"},"88052":{"r":"VN-A356","t":"A321"},"88053":{"r":"VN-A357","t":"A321"},"88054":{"r":"VN-A358","t":"A321"},"88055":{"r":"VN-A359","t":"A321"},"88057":{"r":"VN-A372","t":"A332"},"88059":{"r":"VN-A375","t":"A332"},"8805A":{"r":"VN-A360","t":"A321"},"8805B":{"r":"VN-A361","t":"A321"},"8805C":{"r":"VN-A362","t":"A321"},"88061":{"r":"VN-A363","t":"A321"},"88062":{"r":"VN-A365","t":"A321"},"88063":{"r":"VN-A366","t":"A321"},"88075":{"r":"VN-A367","t":"A321"},"8807A":{"r":"VN-A322","t":"A321"},"8807F":{"r":"VN-A378","t":"A332"},"88081":{"r":"VN-A376","t":"A332"},"88082":{"r":"VN-A377","t":"A332"},"8808A":{"r":"VN-A323","t":"A321"},"8808B":{"r":"VN-A324","t":"A321"},"8808C":{"r":"VN-A325","t":"A321"},"8808D":{"r":"VN-A326","t":"A321"},"8808F":{"r":"VN-A329","t":"A321"},"88090":{"r":"VN-A331","t":"A321"},"88091":{"r":"VN-A379","t":"A332"},"88092":{"r":"VN-A381","t":"A332"},"88093":{"r":"VN-A332","t":"A321"},"88098":{"r":"VN-A334","t":"A321"},"880B1":{"r":"VN-A557","t":"A320"},"880DF":{"r":"VN-A861","t":"B789"},"880E0":{"r":"VN-A862","t":"B789"},"880E1":{"r":"VN-A863","t":"B789"},"A0037":{"r":"PK-GPA","t":"A333"},"A0038":{"r":"PK-GPC","t":"A333"},"A0039":{"r":"PK-GPD","t":"A333"},"A003A":{"r":"PK-GPE","t":"A333"},"A003B":{"r":"PK-GPF","t":"A333"},"A003C":{"r":"PK-GPG","t":"A333"},"A017A":{"r":"PK-AXA","t":"A320"},"A017B":{"r":"PK-AXC","t":"A320"},"A017C":{"r":"PK-AXD","t":"A320"},"A018C":{"r":"PK-AXE","t":"A320"},"A01BA":{"r":"PK-AXF","t":"A320"},"A01BB":{"r":"PK-AXG","t":"A320"},"A01C5":{"r":"PK-CKA","t":"B734"},"A01C9":{"r":"PK-AXH","t":"A320"},"A01CB":{"r":"PK-LGJ","t":"B739"},"A01CC":{"r":"PK-LGK","t":"B739"},"A01D3":{"r":"PK-GPH","t":"A332"},"A01D4":{"r":"PK-GPI","t":"A332"},"A01DA":{"r":"PK-GPJ","t":"A332"},"A01DB":{"r":"PK-GPK","t":"A332"},"A01DC":{"r":"PK-GMA","t":"B738"},"A01DD":{"r":"PK-GMC","t":"B738"},"A01DE":{"r":"PK-GMD","t":"B738"},"A01DF":{"r":"PK-GME","t":"B738"},"A01E0":{"r":"PK-GMF","t":"B738"},"A01E2":{"r":"PK-AXI","t":"A320"},"A01E6":{"r":"PK-CKD","t":"B734"},"A01F7":{"r":"PK-YVI","t":"A332"},"A01F8":{"r":"PK-LGP","t":"B739"},"A01F9":{"r":"PK-LGQ","t":"B739"},"A01FE":{"r":"PK-AXJ","t":"A320"},"A0204":{"r":"PK-AXK","t":"A320"},"A020C":{"r":"PK-GMG","t":"B738"},"A020D":{"r":"PK-GMH","t":"B738"},"A020E":{"r":"PK-GMI","t":"B738"},"A0210":{"r":"PK-GMK","t":"B738"},"A0211":{"r":"PK-GML","t":"B738"},"A0212":{"r":"PK-YVJ","t":"A332"},"A021B":{"r":"PK-GFA","t":"B738"},"A021C":{"r":"PK-GFC","t":"B738"},"A021D":{"r":"PK-GFD","t":"B738"},"A021E":{"r":"PK-GMM","t":"B738"},"A021F":{"r":"PK-GMN","t":"B738"},"A0220":{"r":"PK-GMO","t":"B738"},"A0231":{"r":"PK-AXL","t":"A320"},"A0235":{"r":"PK-LHI","t":"B739"},"A023E":{"r":"PK-GFF","t":"B738"},"A023F":{"r":"PK-GMP","t":"B738"},"A0240":{"r":"PK-GFG","t":"B738"},"A0241":{"r":"PK-GFH","t":"B738"},"A0242":{"r":"PK-GMQ","t":"B738"},"A0243":{"r":"PK-GFI","t":"B738"},"A0244":{"r":"PK-GFJ","t":"B738"},"A0245":{"r":"PK-GMR","t":"B738"},"A0246":{"r":"PK-GFK","t":"B738"},"A0247":{"r":"PK-GFL","t":"B738"},"A025D":{"r":"PK-AXM","t":"A320"},"A025F":{"r":"PK-AXO","t":"A320"},"A0261":{"r":"PK-LHO","t":"B739"},"A026A":{"r":"PK-LHQ","t":"B739"},"A026C":{"r":"PK-GPL","t":"A332"},"A026D":{"r":"PK-GPM","t":"A332"},"A026E":{"r":"PK-GFM","t":"B738"},"A026F":{"r":"PK-GFN","t":"B738"},"A0286":{"r":"PK-LHT","t":"B739"},"A0288":{"r":"PK-GFO","t":"B738"},"A0289":{"r":"PK-GFP","t":"B738"},"A028E":{"r":"PK-GFQ","t":"B738"},"A028F":{"r":"PK-GFR","t":"B738"},"A0290":{"r":"PK-GFS","t":"B738"},"A0291":{"r":"PK-GFT","t":"B738"},"A0292":{"r":"PK-GMS","t":"B738"},"A02A8":{"r":"PK-AXR","t":"A320"},"A02AC":{"r":"PK-GLC","t":"A320"},"A02AF":{"r":"PK-GLF","t":"A320"},"A02B0":{"r":"PK-AXS","t":"A320"},"A02B7":{"r":"PK-GPN","t":"A332"},"A02C8":{"r":"PK-CKN","t":"B734"},"A02CA":{"r":"PK-AXT","t":"A320"},"A02CB":{"r":"PK-AXU","t":"A320"},"A02CD":{"r":"PK-GPO","t":"A332"},"A02D2":{"r":"PK-AXV","t":"A320"},"A02D3":{"r":"PK-GMU","t":"B738"},"A02D4":{"r":"PK-GMV","t":"B738"},"A02D5":{"r":"PK-GMW","t":"B738"},"A02D6":{"r":"PK-GMX","t":"B738"},"A02E3":{"r":"PK-LJL","t":"B739"},"A02E5":{"r":"PK-RMN","t":"A320"},"A02FC":{"r":"PK-RMP","t":"A320"},"A0300":{"r":"PK-GLH","t":"A320"},"A0303":{"r":"PK-AXW","t":"A320"},"A030A":{"r":"PK-LJZ","t":"B738"},"A031F":{"r":"PK-LKL","t":"B739"},"A0320":{"r":"PK-AXX","t":"A320"},"A036C":{"r":"PK-AXZ","t":"A320"},"A037A":{"r":"PK-CLR","t":"B738"},"A037B":{"r":"PK-RMR","t":"A320"},"A039B":{"r":"PK-WGG","t":"AT76"},"A039C":{"r":"PK-WGH","t":"AT76"},"A039F":{"r":"PK-ECM","t":"SU95"},"A03A5":{"r":"PK-GIA","t":"B77W"},"A03A6":{"r":"PK-GIC","t":"B77W"},"A03A7":{"r":"PK-GID","t":"B77W"},"A03AB":{"r":"PK-GLQ","t":"A320"},"A03AF":{"r":"PK-GLU","t":"A320"},"A03C3":{"r":"PK-GIE","t":"B77W"},"A03C4":{"r":"PK-GMY","t":"B738"},"A03C7":{"r":"PK-GFV","t":"B738"},"A043C":{"r":"PK-GAA","t":"AT76"},"A0451":{"r":"PK-GIF","t":"B77W"},"A0452":{"r":"PK-GIG","t":"B77W"},"children":["89"]}