{"0001":{"r":"7O-YMN","t":"B74S"},"0008":{"r":"7O-ADM","t":"B738"},"000A":{"r":"7O-ADP","t":"A332"},"000B":{"r":"7O-ADT","t":"A332"},"000F":{"r":"7O-ADQ","t":"B738"},"0020":{"r":"7O-AFA","t":"A320"},"0021":{"r":"7O-AFB","t":"A320"},"4001":{"r":"A9C-BAH","t":"GLF4"},"4002":{"r":"A9C-BA","t":"B722"},"400B":{"r":"A9C-LB","t":"A343"},"400E":{"r":"A9C-LE","t":"A343"},"400F":{"r":"A9C-LF","t":"A343"},"4011":{"r":"A9C-BDF","t":"RJ85"},"4014":{"r":"A9C-HMK","t":"B744"},"4016":{"r":"A9C-HWR","t":"RJ85"},"401D":{"r":"A9C-BXG","t":"CL60"},"401F":{"r":"A9C-BXI","t":"C56X"},"4020":{"r":"A9C-MTC","t":"E135"},"4023":{"r":"A9C-HAK","t":"B74S"},"4029":{"r":"A9C-KA","t":"A332"},"402A":{"r":"A9C-KB","t":"A332"},"402B":{"r":"A9C-KC","t":"A332"},"402C":{"r":"A9C-KD","t":"A332"},"402D":{"r":"A9C-KE","t":"A332"},"402E":{"r":"A9C-KF","t":"A332"},"4036":{"r":"A9C-LI","t":"A343"},"4039":{"r":"A9C-LG","t":"A343"},"403D":{"r":"A9C-LH","t":"A343"},"403E":{"r":"A9C-LJ","t":"A343"},"4040":{"r":"A9C-BAY","t":"A320"},"4041":{"r":"A9C-BAZ","t":"A320"},"4042":{"r":"A9C-AWL","t":"RJ1H"},"4046":{"r":"A9C-EU","t":"A319"},"4047":{"r":"A9C-EV","t":"A319"},"404A":{"r":"A9C-BAX","t":"A320"},"404B":{"r":"A9C-BAW","t":"A319"},"404C":{"r":"A9C-DAR","t":"CL30"},"404E":{"r":"A9C-KJ","t":"A332"},"404F":{"r":"A9C-KG","t":"A332"},"4050":{"r":"A9C-KH","t":"A332"},"4051":{"r":"A9C-KI","t":"A332"},"4055":{"r":"A9C-BHR","t":"GLF4"},"4059":{"r":"A9C-AB","t":"A320"},"405A":{"r":"A9C-AC","t":"A320"},"405B":{"r":"A9C-AD","t":"A320"},"405E":{"r":"A9C-AG","t":"A320"},"405F":{"r":"A9C-AH","t":"A320"},"4060":{"r":"A9C-BRN","t":"GLF5"},"4061":{"r":"A9C-AI","t":"A320"},"4062":{"r":"A9C-MA","t":"E170"},"4063":{"r":"A9C-MB","t":"E170"},"4064":{"r":"A9C-ACE","t":"CL60"},"4065":{"r":"A9C-AJ","t":"A320"},"4066":{"r":"A9C-AK","t":"A320"},"4067":{"r":"A9C-MC","t":"E190"},"4068":{"r":"A9C-MD","t":"E190"},"406A":{"r":"A9C-BAO","t":"A320"},"406D":{"r":"A9C-AL","t":"A320"},"406E":{"r":"A9C-AM","t":"A320"},"406F":{"r":"A9C-AN","t":"A320"},"4070":{"r":"A9C-AO","t":"A320"},"4072":{"r":"A9C-DHC","t":"B752"},"4074":{"r":"A9C-DHC","t":"B752"},"4075":{"r":"A9C-CB","t":"A321"},"4076":{"r":"A9C-CC","t":"A321"},"4077":{"r":"A9C-AP","t":"A320"},"4078":{"r":"A9C-AQ","t":"A320"},"4079":{"r":"A9C-TLH","t":"CL60"},"407A":{"r":"A9C-CD","t":"A321"},"407E":{"r":"A9C-DHF","t":"B752"},"407F":{"r":"A9C-BAH","t":"GLF6"},"501F":{"r":"V8-RBT","t":"A320"},"503F":{"r":"V8-BLB","t":"B772"},"5041":{"r":"V8-RBL","t":"B763"},"5043":{"r":"V8-BLC","t":"B772"},"5047":{"r":"V8-BLD","t":"B772"},"504F":{"r":"V8-BLE","t":"B772"},"5053":{"r":"V8-DLA","t":"B788"},"5057":{"r":"V8-DLB","t":"B788"},"505A":{"r":"V8-DLC","t":"B788"},"505B":{"r":"V8-DLD","t":"B788"},"505F":{"r":"V8-BLF","t":"B772"},"5061":{"r":"V8-RBK","t":"B763"},"5071":{"r":"V8-RBJ","t":"B763"},"507D":{"r":"V8-RBH","t":"B763"},"507E":{"r":"V8-RBF","t":"B763"},"507F":{"r":"V8-RBG","t":"B763"},"53C3":{"r":"V8-ALI","t":"B744"},"53C7":{"r":"V8-MHB","t":"B762"},"53D1":{"r":"V8-BKH","t":"A342"},"6002":{"r":"A6-DEJ","t":"GLF5"},"6004":{"r":"A6-EHH","t":"A346"},"6005":{"r":"A6-SUN","t":"E135"},"6012":{"r":"A6-AAM","t":"A318"},"6015":{"r":"A6-EKQ","t":"A332"},"6016":{"r":"A6-EKR","t":"A332"},"6017":{"r":"A6-EKS","t":"A332"},"6018":{"r":"A6-EKT","t":"A332"},"6019":{"r":"A6-EKU","t":"A332"},"601A":{"r":"A6-EKV","t":"A332"},"601B":{"r":"A6-EKW","t":"A332"},"601C":{"r":"A6-EKX","t":"A332"},"601D":{"r":"A6-EKY","t":"A332"},"601E":{"r":"A6-EKZ","t":"A332"},"6023":{"r":"A6-HHH","t":"GLF4"},"6026":{"r":"A6-ADF","t":"DH8C"},"6047":{"r":"A6-EMD","t":"B772"},"6048":{"r":"A6-EME","t":"B772"},"6049":{"r":"A6-EMF","t":"B772"},"604A":{"r":"A6-EMG","t":"B772"},"604B":{"r":"A6-EMH","t":"B772"},"604C":{"r":"A6-EMI","t":"B772"},"604D":{"r":"A6-EMJ","t":"B772"},"604E":{"r":"A6-EMK","t":"B772"},"604F":{"r":"A6-EML","t":"B772"},"6050":{"r":"A6-EMM","t":"B773"},"6051":{"r":"A6-EMN","t":"B773"},"6052":{"r":"A6-EMO","t":"B773"},"6053":{"r":"A6-EMP","t":"B773"},"6054":{"r":"A6-EMQ","t":"B773"},"6057":{"r":"A6-MAF","t":"F900"},"6058":{"r":"A6-ABJ","t":"A320"},"605A":{"r":"A6-HRS","t":"B737"},"605B":{"r":"A6-AIN","t":"B737"},"605D":{"r":"A6-LIW","t":"RJ70"},"605E":{"r":"A6-DAS","t":"B737"},"6060":{"r":"A6-YAS","t":"B744"},"6061":{"r":"A6-KAH","t":"E190"},"6063":{"r":"A6-ESH","t":"A319"},"6064":{"r":"A6-EAA","t":"A332"},"6065":{"r":"A6-EAB","t":"A332"},"6067":{"r":"A6-EAD","t":"A332"},"6068":{"r":"A6-EAE","t":"A332"},"6069":{"r":"A6-EAF","t":"A332"},"606A":{"r":"A6-EAG","t":"A332"},"606B":{"r":"A6-EAH","t":"A332"},"606C":{"r":"A6-EAI","t":"A332"},"606D":{"r":"A6-EAJ","t":"A332"},"606E":{"r":"A6-EAK","t":"A332"},"606F":{"r":"A6-EAL","t":"A332"},"6070":{"r":"A6-EAM","t":"A332"},"6071":{"r":"A6-EAN","t":"A332"},"6072":{"r":"A6-EAO","t":"A332"},"6073":{"r":"A6-EAP","t":"A332"},"6074":{"r":"A6-EAQ","t":"A332"},"6075":{"r":"A6-EAR","t":"A332"},"6076":{"r":"A6-EAS","t":"A332"},"6079":{"r":"A6-GDP","t":"B742"},"607A":{"r":"A6-MRM","t":"B738"},"607B":{"r":"A6-EMR","t":"B77W"},"607C":{"r":"A6-EMS","t":"B773"},"607D":{"r":"A6-EMT","t":"B773"},"607E":{"r":"A6-EMU","t":"B773"},"607F":{"r":"A6-EMV","t":"B773"},"6080":{"r":"A6-ERA","t":"A345"},"6081":{"r":"A6-ERB","t":"A345"},"6082":{"r":"A6-ERC","t":"A345"},"6083":{"r":"A6-ERD","t":"A345"},"6084":{"r":"A6-ERE","t":"A345"},"6085":{"r":"A6-ERF","t":"A345"},"6086":{"r":"A6-ERG","t":"A345"},"6087":{"r":"A6-ERH","t":"A345"},"6088":{"r":"A6-ERI","t":"A345"},"6089":{"r":"A6-ERJ","t":"A345"},"608C":{"r":"A6-ERM","t":"A343"},"608D":{"r":"A6-ERN","t":"A343"},"608E":{"r":"A6-ERO","t":"A343"},"608F":{"r":"A6-ERP","t":"A343"},"6090":{"r":"A6-ERQ","t":"A343"},"6091":{"r":"A6-ERR","t":"A343"},"6092":{"r":"A6-ERS","t":"A343"},"6093":{"r":"A6-ERT","t":"A343"},"609B":{"r":"A6-EMW","t":"B773"},"609C":{"r":"A6-EMX","t":"B773"},"60AD":{"r":"A6-RJZ","t":"B737"},"60AE":{"r":"A6-MMM","t":"B744"},"60AF":{"r":"A6-RJA","t":"GLF4"},"60B0":{"r":"A6-RJB","t":"GLF4"},"60B1":{"r":"A6-AUH","t":"B738"},"60B4":{"r":"A6-HRM","t":"B744"},"60B8":{"r":"A6-EYB","t":"A332"},"60BE":{"r":"A6-MAH","t":"H25B"},"60C1":{"r":"A6-NMA","t":"GLF4"},"60C4":{"r":"A6-KNH","t":"CL30"},"60C5":{"r":"A6-RJY","t":"B737"},"60C6":{"r":"A6-EYD","t":"A332"},"60C8":{"r":"A6-EBA","t":"B77W"},"60C9":{"r":"A6-EBB","t":"B77W"},"60CA":{"r":"A6-EBC","t":"B77W"},"60CB":{"r":"A6-EBD","t":"B77W"},"60CC":{"r":"A6-EBE","t":"B77W"},"60CD":{"r":"A6-EBF","t":"B77W"},"60CE":{"r":"A6-EBG","t":"B77W"},"60CF":{"r":"A6-EBH","t":"B77W"},"60D0":{"r":"A6-EBI","t":"B77W"},"60D1":{"r":"A6-EBJ","t":"B77W"},"60D2":{"r":"A6-EBK","t":"B77W"},"60D3":{"r":"A6-EBL","t":"B77W"},"60D4":{"r":"A6-EBM","t":"B77W"},"60D5":{"r":"A6-EBN","t":"B77W"},"60D6":{"r":"A6-EBO","t":"B77W"},"60D7":{"r":"A6-EBP","t":"B77W"},"60D8":{"r":"A6-EBQ","t":"B77W"},"60D9":{"r":"A6-EBR","t":"B77W"},"60DA":{"r":"A6-EBS","t":"B77W"},"60DB":{"r":"A6-EBT","t":"B77W"},"60DC":{"r":"A6-EBU","t":"B77W"},"60DD":{"r":"A6-EBV","t":"B77W"},"60DE":{"r":"A6-EBW","t":"B77W"},"60DF":{"r":"A6-EBX","t":"B77W"},"60E0":{"r":"A6-EBY","t":"B77W"},"60E1":{"r":"A6-EBZ","t":"B77W"},"60E2":{"r":"A6-EDA","t":"A388"},"60E3":{"r":"A6-EDB","t":"A388"},"60E4":{"r":"A6-EDC","t":"A388"},"60E5":{"r":"A6-EDD","t":"A388"},"60E6":{"r":"A6-EDE","t":"A388"},"60E7":{"r":"A6-EDF","t":"A388"},"60E8":{"r":"A6-EDG","t":"A388"},"60E9":{"r":"A6-EDH","t":"A388"},"60EA":{"r":"A6-EDI","t":"A388"},"60EB":{"r":"A6-EDJ","t":"A388"},"60EC":{"r":"A6-EDK","t":"A388"},"60ED":{"r":"A6-EDL","t":"A388"},"60EE":{"r":"A6-EDM","t":"A388"},"60EF":{"r":"A6-EDN","t":"A388"},"60F0":{"r":"A6-EDO","t":"A388"},"60F1":{"r":"A6-EDP","t":"A388"},"60F2":{"r":"A6-EDQ","t":"A388"},"60F3":{"r":"A6-EDR","t":"A388"},"60F4":{"r":"A6-EDS","t":"A388"},"60F5":{"r":"A6-EDT","t":"A388"},"60F6":{"r":"A6-EDU","t":"A388"},"60F7":{"r":"A6-EDV","t":"A388"},"60F8":{"r":"A6-EDW","t":"A388"},"60F9":{"r":"A6-EDX","t":"A388"},"60FA":{"r":"A6-EDY","t":"A388"},"60FB":{"r":"A6-EDZ","t":"A388"},"6100":{"r":"A6-ABD","t":"A320"},"6101":{"r":"A6-UAE","t":"B744"},"6103":{"r":"A6-HEH","t":"B738"},"6108":{"r":"A6-ECA","t":"B77W"},"6109":{"r":"A6-ECB","t":"B77W"},"610A":{"r":"A6-ECC","t":"B77W"},"610B":{"r":"A6-ECD","t":"B77W"},"610C":{"r":"A6-ECE","t":"B77W"},"610D":{"r":"A6-ECF","t":"B77W"},"610E":{"r":"A6-ECG","t":"B77W"},"610F":{"r":"A6-ECH","t":"B77W"},"6110":{"r":"A6-ECI","t":"B77W"},"6111":{"r":"A6-ECJ","t":"B77W"},"6112":{"r":"A6-ECK","t":"B77W"},"6113":{"r":"A6-ECL","t":"B77W"},"6114":{"r":"A6-ECM","t":"B77W"},"6115":{"r":"A6-ECN","t":"B77W"},"6116":{"r":"A6-ECO","t":"B77W"},"6117":{"r":"A6-ECP","t":"B77W"},"6118":{"r":"A6-ECQ","t":"B77W"},"6119":{"r":"A6-ECR","t":"B77W"},"611A":{"r":"A6-ECS","t":"B77W"},"611B":{"r":"A6-ECT","t":"B77W"},"611C":{"r":"A6-ECU","t":"B77W"},"611D":{"r":"A6-ECV","t":"B77W"},"611E":{"r":"A6-ECW","t":"B77W"},"611F":{"r":"A6-ECX","t":"B77W"},"6120":{"r":"A6-ECY","t":"B77W"},"6121":{"r":"A6-ECZ","t":"B77W"},"612B":{"r":"A6-ETA","t":"B77W"},"612C":{"r":"A6-ETB","t":"B77W"},"612D":{"r":"A6-ETC","t":"B77W"},"612E":{"r":"A6-ETD","t":"B77W"},"612F":{"r":"A6-ETE","t":"B77W"},"6132":{"r":"A6-DFR","t":"B737"},"6133":{"r":"A6-EYE","t":"A332"},"6134":{"r":"A6-SSV","t":"E135"},"6139":{"r":"A6-RJX","t":"B737"},"613B":{"r":"A6-EYF","t":"A332"},"613C":{"r":"A6-EYG","t":"A332"},"613D":{"r":"A6-EYH","t":"A332"},"613E":{"r":"A6-EYI","t":"A332"},"6143":{"r":"A6-EYJ","t":"A332"},"6144":{"r":"A6-EHA","t":"A345"},"6145":{"r":"A6-EHB","t":"A345"},"6146":{"r":"A6-EHC","t":"A345"},"6147":{"r":"A6-EHD","t":"A345"},"614E":{"r":"A6-NKL","t":"E135"},"615A":{"r":"A6-MRS","t":"B738"},"6160":{"r":"A6-EYL","t":"A332"},"6161":{"r":"A6-ELC","t":"H25B"},"6163":{"r":"A6-DPW","t":"E135"},"6168":{"r":"A6-EWH","t":"B77L"},"6169":{"r":"A6-EWI","t":"B77L"},"616A":{"r":"A6-EWJ","t":"B77L"},"616B":{"r":"A6-EFE","t":"B77L"},"616C":{"r":"A6-EFF","t":"B77L"},"616D":{"r":"A6-EFG","t":"B77L"},"616E":{"r":"A6-EFH","t":"B77L"},"616F":{"r":"A6-EFI","t":"B77L"},"6170":{"r":"A6-EFJ","t":"B77L"},"6171":{"r":"A6-EFK","t":"B77L"},"6172":{"r":"A6-EFL","t":"B77L"},"6173":{"r":"A6-EWA","t":"B77L"},"6174":{"r":"A6-EWB","t":"B77L"},"6175":{"r":"A6-EWC","t":"B77L"},"6176":{"r":"A6-EWD","t":"B77L"},"6177":{"r":"A6-EWE","t":"B77L"},"6178":{"r":"A6-EWF","t":"B77L"},"6179":{"r":"A6-EWG","t":"B77L"},"617A":{"r":"A6-EGB","t":"B77W"},"617B":{"r":"A6-EGC","t":"B77W"},"617C":{"r":"A6-EGD","t":"B77W"},"617D":{"r":"A6-EGE","t":"B77W"},"617E":{"r":"A6-EGF","t":"B77W"},"617F":{"r":"A6-EGG","t":"B77W"},"6180":{"r":"A6-EEA","t":"A388"},"6181":{"r":"A6-EEB","t":"A388"},"6182":{"r":"A6-EEC","t":"A388"},"6183":{"r":"A6-EED","t":"A388"},"6184":{"r":"A6-EEE","t":"A388"},"6185":{"r":"A6-EEF","t":"A388"},"6186":{"r":"A6-EEG","t":"A388"},"6187":{"r":"A6-EEH","t":"A388"},"6188":{"r":"A6-EEI","t":"A388"},"6189":{"r":"A6-EEJ","t":"A388"},"618A":{"r":"A6-EEK","t":"A388"},"618B":{"r":"A6-EEL","t":"A388"},"618C":{"r":"A6-EEM","t":"A388"},"618D":{"r":"A6-EEN","t":"A388"},"618E":{"r":"A6-EEO","t":"A388"},"618F":{"r":"A6-EEP","t":"A388"},"6190":{"r":"A6-EEQ","t":"A388"},"6191":{"r":"A6-EER","t":"A388"},"6192":{"r":"A6-EES","t":"A388"},"6194":{"r":"A6-EEU","t":"A388"},"6195":{"r":"A6-EEV","t":"A388"},"6196":{"r":"A6-EEW","t":"A388"},"6197":{"r":"A6-EEX","t":"A388"},"6198":{"r":"A6-EEY","t":"A388"},"6199":{"r":"A6-EEZ","t":"A388"},"619A":{"r":"A6-EGA","t":"B77W"},"619B":{"r":"A6-TBF","t":"H25B"},"619E":{"r":"A6-EYK","t":"A332"},"61A2":{"r":"A6-EYM","t":"A332"},"61A3":{"r":"A6-EYN","t":"A332"},"61A4":{"r":"A6-EYO","t":"A332"},"61A5":{"r":"A6-EYP","t":"A332"},"61A6":{"r":"A6-EYQ","t":"A332"},"61A8":{"r":"A6-ABG","t":"A320"},"61A9":{"r":"A6-ABH","t":"A320"},"61AC":{"r":"A6-RKA","t":"B752"},"61B2":{"r":"A6-EHE","t":"A346"},"61B4":{"r":"A6-COM","t":"B744"},"61B8":{"r":"A6-ABI","t":"A320"},"61B9":{"r":"A6-EHF","t":"A346"},"61BC":{"r":"A6-RZJ","t":"PRM1"},"61BD":{"r":"A6-MBH","t":"CL60"},"61BF":{"r":"A6-EIA","t":"A320"},"61C0":{"r":"A6-EIB","t":"A320"},"61C1":{"r":"A6-EIC","t":"A320"},"61C5":{"r":"A6-FLG","t":"GLF4"},"61CA":{"r":"A6-AAG","t":"CL60"},"61CC":{"r":"A6-IAS","t":"LJ60"},"61CF":{"r":"A6-DNH","t":"CL60"},"61D1":{"r":"A6-CYS","t":"LJ60"},"61D7":{"r":"A6-EID","t":"A319"},"61D8":{"r":"A6-EIE","t":"A319"},"61DA":{"r":"A6-GJC","t":"C56X"},"61DB":{"r":"A6-RJ1","t":"RJ85"},"61DC":{"r":"A6-RJ2","t":"RJ85"},"61DD":{"r":"A6-ABK","t":"A320"},"61E2":{"r":"A6-AAH","t":"CL60"},"61E4":{"r":"A6-ABL","t":"A320"},"61E6":{"r":"A6-EYR","t":"A332"},"61E7":{"r":"A6-EYS","t":"A332"},"61E8":{"r":"A6-EIF","t":"A320"},"61EA":{"r":"A6-EIH","t":"A320"},"61EB":{"r":"A6-EII","t":"A320"},"61EC":{"r":"A6-EHI","t":"A346"},"61ED":{"r":"A6-EHJ","t":"A346"},"61EE":{"r":"A6-EHK","t":"A346"},"61EF":{"r":"A6-EHL","t":"A346"},"61F3":{"r":"A6-FLL","t":"E135"},"61FB":{"r":"A6-PJE","t":"E135"},"61FF":{"r":"A6-DJL","t":"GLF4"},"6200":{"r":"A6-ARK","t":"E190"},"6201":{"r":"A6-HWK","t":"H25B"},"6202":{"r":"A6-ASQ","t":"CL60"},"6204":{"r":"A6-MAB","t":"H25B"},"6209":{"r":"A6-EGH","t":"B77W"},"620A":{"r":"A6-EGI","t":"B77W"},"620B":{"r":"A6-EGJ","t":"B77W"},"620C":{"r":"A6-EGK","t":"B77W"},"620D":{"r":"A6-EGL","t":"B77W"},"620E":{"r":"A6-EGM","t":"B77W"},"620F":{"r":"A6-EGN","t":"B77W"},"6210":{"r":"A6-EGO","t":"B77W"},"6211":{"r":"A6-EGP","t":"B77W"},"6212":{"r":"A6-EGQ","t":"B77W"},"6213":{"r":"A6-EGR","t":"B77W"},"6214":{"r":"A6-EGS","t":"B77W"},"6215":{"r":"A6-EGT","t":"B77W"},"6216":{"r":"A6-EGU","t":"B77W"},"6217":{"r":"A6-EGV","t":"B77W"},"6218":{"r":"A6-EGW","t":"B77W"},"6219":{"r":"A6-EGX","t":"B77W"},"621A":{"r":"A6-EGY","t":"B77W"},"621B":{"r":"A6-EGZ","t":"B77W"},"621E":{"r":"A6-ABO","t":"A320"},"621F":{"r":"A6-DLM","t":"A320"},"6220":{"r":"A6-UGH","t":"E135"},"6221":{"r":"A6-NLA","t":"E135"},"6228":{"r":"A6-EFD","t":"B77L"},"6229":{"r":"A6-SAC","t":"F900"},"622C":{"r":"A6-FLO","t":"E135"},"6231":{"r":"A6-FBQ","t":"GL5T"},"6235":{"r":"A6-AJA","t":"E135"},"6236":{"r":"A6-AJB","t":"E135"},"6237":{"r":"A6-MAZ","t":"E135"},"6240":{"r":"A6-MXB","t":"A306"},"6241":{"r":"A6-EIK","t":"A320"},"6242":{"r":"A6-AZH","t":"GLF4"},"6246":{"r":"A6-VVV","t":"E135"},"624B":{"r":"A6-HMS","t":"A320"},"624F":{"r":"A6-ABP","t":"A320"},"6255":{"r":"A6-EIJ","t":"A320"},"6256":{"r":"A6-ABQ","t":"A320"},"625A":{"r":"A6-EIL","t":"A320"},"625B":{"r":"A6-EIM","t":"A320"},"625C":{"r":"A6-EIN","t":"A320"},"6263":{"r":"A6-AAB","t":"RJ1H"},"6264":{"r":"A6-ALN","t":"B772"},"6266":{"r":"A6-FDC","t":"B738"},"6267":{"r":"A6-FDD","t":"B738"},"6268":{"r":"A6-FLH","t":"GLF4"},"6269":{"r":"A6-AJC","t":"A318"},"626D":{"r":"A6-ABR","t":"A320"},"626E":{"r":"A6-SHH","t":"HA4T"},"626F":{"r":"A6-HLH","t":"B733"},"6271":{"r":"A6-RTS","t":"F900"},"6272":{"r":"A6-GGP","t":"B744"},"6273":{"r":"A6-SKA","t":"H25B"},"6274":{"r":"A6-DU3","t":"A139"},"6276":{"r":"A6-ETF","t":"B77W"},"6277":{"r":"A6-FDE","t":"B738"},"6293":{"r":"A6-HHS","t":"E190"},"6294":{"r":"A6-ORX","t":"GLF4"},"6295":{"r":"A6-FDF","t":"B738"},"6298":{"r":"A6-ABS","t":"A320"},"6299":{"r":"A6-AFA","t":"A333"},"629A":{"r":"A6-DCA","t":"A332"},"629B":{"r":"A6-DCB","t":"A332"},"629C":{"r":"A6-AFB","t":"A333"},"629D":{"r":"A6-AFC","t":"A333"},"629F":{"r":"A6-SIL","t":"B77W"},"62A0":{"r":"A6-FDG","t":"B738"},"62A3":{"r":"A6-AJH","t":"E190"},"62A4":{"r":"A6-AJI","t":"E190"},"62AA":{"r":"A6-FDH","t":"B738"},"62AB":{"r":"A6-FDI","t":"B738"},"62B0":{"r":"A6-ABT","t":"A320"},"62B2":{"r":"A6-AUJ","t":"H25B"},"62B4":{"r":"A6-PHS","t":"H25B"},"62B5":{"r":"A6-FDJ","t":"B738"},"62B6":{"r":"A6-FDK","t":"B738"},"62B7":{"r":"A6-FDL","t":"B738"},"62B8":{"r":"A6-FDM","t":"B738"},"62B9":{"r":"A6-FDN","t":"B738"},"62BA":{"r":"A6-FDO","t":"B738"},"62BB":{"r":"A6-FDP","t":"B738"},"62BC":{"r":"A6-FDQ","t":"B738"},"62BD":{"r":"A6-FDR","t":"B738"},"62BE":{"r":"A6-FDS","t":"B738"},"62BF":{"r":"A6-FDT","t":"B738"},"62C0":{"r":"A6-FDU","t":"B738"},"62C1":{"r":"A6-FDV","t":"B738"},"62C3":{"r":"A6-MBS","t":"CL60"},"62C8":{"r":"A6-DFR","t":"B737"},"62CC":{"r":"A6-ESF","t":"B734"},"62CD":{"r":"A6-BBD","t":"GLEX"},"62D0":{"r":"A6-ANA","t":"A320"},"62D1":{"r":"A6-ANB","t":"A320"},"62D4":{"r":"A6-SMS","t":"FA7X"},"62DE":{"r":"A6-ANC","t":"A320"},"62DF":{"r":"A6-AND","t":"A320"},"62E1":{"r":"A6-TLH","t":"CL60"},"62E2":{"r":"A6-AFD","t":"A333"},"62E3":{"r":"A6-AFE","t":"A333"},"62E4":{"r":"A6-AFF","t":"A333"},"62E5":{"r":"A6-ETG","t":"B77W"},"62E6":{"r":"A6-ETH","t":"B77W"},"62E7":{"r":"A6-DDA","t":"B77L"},"62EA":{"r":"A6-SAJ","t":"CL60"},"62EB":{"r":"A6-HAZ","t":"A306"},"62EC":{"r":"A6-SUL","t":"A306"},"62ED":{"r":"A6-NIN","t":"A306"},"62FF":{"r":"A6-ANE","t":"A320"},"6300":{"r":"A6-ANF","t":"A320"},"6301":{"r":"A6-RKB"},"6302":{"r":"A6-CJE","t":"A319"},"6303":{"r":"A6-ENA","t":"B77W"},"6304":{"r":"A6-ENB","t":"B77W"},"6305":{"r":"A6-ENC","t":"B77W"},"6306":{"r":"A6-END","t":"B77W"},"6307":{"r":"A6-ENE","t":"B77W"},"6308":{"r":"A6-ENF","t":"B77W"},"6309":{"r":"A6-ENG","t":"B77W"},"630A":{"r":"A6-ENH","t":"B77W"},"630B":{"r":"A6-ENI","t":"B77W"},"630C":{"r":"A6-ENJ","t":"B77W"},"630D":{"r":"A6-ENK","t":"B77W"},"630E":{"r":"A6-ENL","t":"B77W"},"630F":{"r":"A6-ENM","t":"B77W"},"6310":{"r":"A6-ENN","t":"B77W"},"6311":{"r":"A6-ENO","t":"B77W"},"6312":{"r":"A6-ENP","t":"B77W"},"6313":{"r":"A6-ENQ","t":"B77W"},"6314":{"r":"A6-ENR","t":"B77W"},"6316":{"r":"A6-ENT","t":"B77W"},"6318":{"r":"A6-ENV","t":"B77W"},"6319":{"r":"A6-ENW","t":"B77W"},"631A":{"r":"A6-ENX","t":"B77W"},"631B":{"r":"A6-ENY","t":"B77W"},"631D":{"r":"A6-EFM","t":"B77L"},"6325":{"r":"A6-EIO","t":"A320"},"6326":{"r":"A6-ETI","t":"B77W"},"6327":{"r":"A6-ETJ","t":"B77W"},"6328":{"r":"A6-ETK","t":"B77W"},"6329":{"r":"A6-ETL","t":"B77W"},"632C":{"r":"A6-ABU","t":"A320"},"632D":{"r":"A6-ABM","t":"A320"},"632E":{"r":"A6-FDW","t":"B738"},"632F":{"r":"A6-FDX","t":"B738"},"6330":{"r":"A6-FDY","t":"B738"},"6331":{"r":"A6-FDZ","t":"B738"},"6332":{"r":"A6-FEA","t":"B738"},"6337":{"r":"A6-ANH","t":"A320"},"6338":{"r":"A6-ANG","t":"A320"},"6339":{"r":"A6-ADL","t":"E135"},"633A":{"r":"A6-EIP","t":"A320"},"633B":{"r":"A6-ANI","t":"A320"},"6341":{"r":"A6-ETM","t":"B77W"},"6342":{"r":"A6-ETN","t":"B77W"},"6343":{"r":"A6-ETO","t":"B77W"},"6348":{"r":"A6-ANJ","t":"A320"},"634E":{"r":"A6-KBB","t":"CL60"},"634F":{"r":"A6-CPC","t":"CL60"},"6353":{"r":"A6-ETP","t":"B77W"},"6354":{"r":"A6-ETQ","t":"B77W"},"6355":{"r":"A6-ETR","t":"B77W"},"635A":{"r":"A6-140","t":"A139"},"635D":{"r":"A6-MVD","t":"CL60"},"6363":{"r":"A6-RRJ","t":"A319"},"6367":{"r":"A6-GCC","t":"E135"},"636D":{"r":"A6-VAS","t":"E135"},"636E":{"r":"A6-PFC","t":"B788"},"6370":{"r":"A6-ACE","t":"GL5T"},"6384":{"r":"A6-IFA","t":"CL60"},"6385":{"r":"A6-EYT","t":"A332"},"6389":{"r":"A6-TSF","t":"CL60"},"6399":{"r":"A6-EYU","t":"A332"},"639A":{"r":"A6-EOA","t":"A388"},"639B":{"r":"A6-EOB","t":"A388"},"639C":{"r":"A6-EOC","t":"A388"},"639F":{"r":"A6-EOF","t":"A388"},"63A7":{"r":"A6-JAA","t":"B77W"},"63A8":{"r":"A6-JAB","t":"B77W"},"63C1":{"r":"A6-AGB","t":"A332"},"63C4":{"r":"A6-LRB","t":"B77L"},"63C7":{"r":"A6-LRE","t":"B77L"},"63CC":{"r":"A6-ETS","t":"B77W"},"63CD":{"r":"A6-APA","t":"A388"},"63CE":{"r":"A6-BLA","t":"B789"},"63CF":{"r":"A6-BLB","t":"B789"},"63E5":{"r":"A6-EOH","t":"A388"},"63E6":{"r":"A6-EOI","t":"A388"},"63E7":{"r":"A6-EOJ","t":"A388"},"63EB":{"r":"A6-EON","t":"A388"},"6403":{"r":"A6-CPC","t":"E35L"},"6405":{"r":"A6-APB","t":"A388"},"6406":{"r":"A6-APC","t":"A388"},"6407":{"r":"A6-APD","t":"A388"},"6409":{"r":"A6-BLD","t":"B789"},"6414":{"r":"A6-JAC","t":"B77W"},"6415":{"r":"A6-JAD","t":"B77W"},"67D1":{"r":"DU-140","t":"A139"},"67D3":{"r":"DU-142","t":"A139"},"6C3D":{"r":"312","t":"C130"},"8037":{"r":"P2-ANB","t":"B752"},"8055":{"r":"P2-PXV","t":"B763"},"805E":{"r":"P2-PXW","t":"B763"},"806E":{"r":"P2-PXD","t":"B737"},"9014":{"r":"B-18251","t":"B744"},"9015":{"r":"B-18701","t":"B744"},"9016":{"r":"B-18702","t":"B744"},"9042":{"r":"B-16101","t":"MD11"},"9043":{"r":"B-16401","t":"B744"},"9044":{"r":"B-16402","t":"B744"},"904B":{"r":"B-16107","t":"MD11"},"9050":{"r":"B-16462","t":"B744"},"9051":{"r":"B-16463","t":"B744"},"9063":{"r":"B-95959","t":"GLEX"},"9082":{"r":"B-16410","t":"B744"},"9083":{"r":"B-16411","t":"B744"},"9084":{"r":"B-16108","t":"MD11"},"9085":{"r":"B-16109","t":"MD11"},"9086":{"r":"B-16412","t":"B744"},"9087":{"r":"B-16110","t":"MD11"},"9088":{"r":"B-16111","t":"MD11"},"9089":{"r":"B-16112","t":"MD11"},"908C":{"r":"B-16406","t":"B744"},"908D":{"r":"B-16407","t":"B744"},"90C0":{"r":"B-16481","t":"B744"},"90C1":{"r":"B-16482","t":"B744"},"90C2":{"r":"B-16483","t":"B744"},"90C4":{"r":"B-16302","t":"A332"},"90C6":{"r":"B-16305","t":"A332"},"90C7":{"r":"B-16306","t":"A332"},"90C8":{"r":"B-16307","t":"A332"},"90C9":{"r":"B-16308","t":"A332"},"90CA":{"r":"B-16309","t":"A332"},"90CB":{"r":"B-16310","t":"A332"},"90CD":{"r":"B-16312","t":"A332"},"90D1":{"r":"B-16701","t":"B77W"},"90D2":{"r":"B-16702","t":"B77W"},"90D3":{"r":"B-16703","t":"B77W"},"90D4":{"r":"B-16705","t":"B77W"},"90D5":{"r":"B-16706","t":"B77W"},"90D6":{"r":"B-16707","t":"B77W"},"90D7":{"r":"B-16708","t":"B77W"},"90D8":{"r":"B-16709","t":"B77W"},"90D9":{"r":"B-16710","t":"B77W"},"90DA":{"r":"B-16711","t":"B77W"},"90DB":{"r":"B-16712","t":"B77W"},"90DC":{"r":"B-16713","t":"B77W"},"90DD":{"r":"B-16715","t":"B77W"},"90DE":{"r":"B-16716","t":"B77W"},"90DF":{"r":"B-16717","t":"B77W"},"9100":{"r":"B-18712","t":"B744"},"9101":{"r":"B-18715","t":"B744"},"9102":{"r":"B-18716","t":"B744"},"9103":{"r":"B-18717","t":"B744"},"9104":{"r":"B-18718","t":"B744"},"9105":{"r":"B-18719","t":"B744"},"9106":{"r":"B-18720","t":"B744"},"9107":{"r":"B-18721","t":"B744"},"9108":{"r":"B-18201","t":"B744"},"9109":{"r":"B-18202","t":"B744"},"910A":{"r":"B-18203","t":"B744"},"910B":{"r":"B-18205","t":"B744"},"910C":{"r":"B-18206","t":"B744"},"910D":{"r":"B-18207","t":"B744"},"910E":{"r":"B-18208","t":"B744"},"9110":{"r":"B-18705","t":"B744"},"9111":{"r":"B-18706","t":"B744"},"9112":{"r":"B-18707","t":"B744"},"9113":{"r":"B-18708","t":"B744"},"9114":{"r":"B-18801","t":"A343"},"9115":{"r":"B-18802","t":"A343"},"9116":{"r":"B-18803","t":"A343"},"9117":{"r":"B-18805","t":"A343"},"9118":{"r":"B-18806","t":"A343"},"9119":{"r":"B-18807","t":"A343"},"911B":{"r":"B-18722","t":"B744"},"911C":{"r":"B-18723","t":"B744"},"911D":{"r":"B-18709","t":"B744"},"911E":{"r":"B-18710","t":"B744"},"911F":{"r":"B-18711","t":"B744"},"91A0":{"r":"B-18210","t":"B744"},"91A1":{"r":"B-18211","t":"B744"},"91A2":{"r":"B-18212","t":"B744"},"91A3":{"r":"B-18215","t":"B744"},"91A4":{"r":"B-18725","t":"B744"},"91AC":{"r":"B-18356","t":"A333"},"91AD":{"r":"B-18357","t":"A333"},"91B0":{"r":"B-18301","t":"A333"},"91B1":{"r":"B-18302","t":"A333"},"91B2":{"r":"B-18303","t":"A333"},"91B3":{"r":"B-18305","t":"A333"},"91B4":{"r":"B-18306","t":"A333"},"91B6":{"r":"B-18308","t":"A333"},"91B7":{"r":"B-18309","t":"A333"},"91B8":{"r":"B-18310","t":"A333"},"91B9":{"r":"B-18311","t":"A333"},"91BA":{"r":"B-18312","t":"A333"},"91BC":{"r":"B-18315","t":"A333"},"91BD":{"r":"B-18316","t":"A333"},"91BE":{"r":"B-18317","t":"A333"},"91BF":{"r":"B-18352","t":"A333"},"91C1":{"r":"B-18355","t":"A333"}}