{"20035":{"t":"GLF4"},"2007C":{"t":"B772"},"2008C":{"t":"DA42"},"200DF":{"t":"CL30"},"20297":{"t":"CL30"},"202AF":{"t":"C25B"},"202C5":{"t":"F900"},"20433":{"t":"B772"},"2060E":{"t":"BE33"},"206AE":{"t":"EA50"},"206B0":{"t":"FA50"},"2071F":{"t":"P210"},"2073A":{"t":"GLF5"},"207B9":{"t":"CL60"},"207C4":{"t":"M20P"},"209D6":{"t":"CRJ2"},"209EF":{"t":"F2TH"},"20C6E":{"t":"GLF5"},"20DD0":{"t":"M20T"},"2102B":{"t":"F900"},"210CF":{"t":"GLF4"},"21113":{},"2113A":{"t":"SR22"},"2115D":{"t":"F2TH"},"21489":{"t":"F900"},"214CA":{"t":"EA50"},"21514":{"t":"F2TH"},"21749":{"t":"R22"},"21772":{"t":"B762"},"217A9":{"t":"GLF5"},"217B5":{"t":"CL30"},"217E2":{"t":"F2TH"},"21808":{"t":"GLEX"},"218DA":{},"218ED":{"t":"F900"},"219E8":{"t":"BE30"},"21AE1":{"t":"PAY1"},"21B74":{"t":"GLF5"},"21BFE":{"t":"GLF4"},"21C5D":{"t":"GLF5"},"21C5E":{"t":"P28A"},"21C6C":{"t":"GLF5"},"21C70":{"t":"GLF4"},"21E01":{},"21F58":{"t":"GLF4"},"21FC7":{"t":"GALX"},"21FD2":{"t":"GLF4"},"21FE6":{"t":"GLF4"},"21FF6":{"t":"CL60"},"221F3":{"t":"BE58"},"22318":{"t":"GLF4"},"22617":{"t":"C182"},"2263F":{"t":"B734"},"227BB":{"t":"C25A"},"22A05":{"t":"F900"},"22AC5":{"t":"C425"},"22DDB":{"t":"AC90"},"22E3E":{"t":"C421"},"22E7E":{"t":"C182"},"22EE4":{"t":"BE58"},"22F57":{"t":"GLF4"},"22F59":{"t":"LJ24"},"22FDD":{"t":"GLF2"},"23011":{"t":"B737"},"23047":{"t":"GLF4"},"23100":{"t":"F900"},"231DA":{"t":"H25B"},"23443":{"t":"CL60"},"23445":{"t":"C550"},"234E2":{"t":"CL60"},"2353E":{"t":"BE36"},"235AC":{"t":"BE58"},"2365B":{"t":"PA46"},"23696":{"t":"BE36"},"237B3":{"t":"DA42"},"23A74":{"t":"C680"},"23A97":{"t":"C560"},"23C0B":{"t":"PA46"},"23C6C":{"t":"HA4T"},"23F37":{"t":"GLF4"},"23FA3":{"t":"GLF4"},"2406B":{"t":"GALX"},"241F6":{"t":"C182"},"24264":{"t":"C182"},"242A9":{"t":"B762"},"242AF":{"t":"GLF5"},"24439":{"t":"B734"},"2444D":{"t":"GLF5"},"24650":{"t":"F900"},"24660":{"t":"B762"},"24693":{"t":"C25B"},"2479F":{"t":"CRJ2"},"24824":{"t":"GLF4"},"248A8":{"t":"C208"},"24A3B":{"t":"F900"},"24A3C":{"t":"CL60"},"24A70":{"t":"GLF4"},"24B06":{"t":"PA31"},"24BF9":{"t":"CL60"},"24DC0":{},"24DCE":{"t":"B762"},"24EC7":{"t":"F900"},"24F5E":{"t":"B734"},"25181":{"t":"B762"},"25188":{"t":"B744"},"252C4":{"t":"CRJ2"},"25328":{"t":"DA42"},"2552E":{"t":"B06"},"255AB":{"t":"F2TH"},"2567A":{"t":"PA30"},"256B7":{"t":"CL60"},"256BE":{"t":"FA50"},"2573D":{"t":"C310"},"2576B":{"t":"CL60"},"25781":{"t":"PA31"},"25784":{"t":"GLF4"},"25785":{"t":"B733"},"25795":{"t":"B762"},"257A2":{"t":"C25A"},"257B3":{"t":"PA24"},"257BA":{"t":"SR22"},"257DD":{"t":"GLF5"},"2587F":{"t":"FA7X"},"258A8":{"t":"B762"},"258FC":{"t":"GLF4"},"2594E":{"t":"MD11"},"25B4C":{"t":"B762"},"25BDF":{"t":"GLF5"},"25C54":{"t":"GLF4"},"25CD3":{"t":"H25B"},"25D05":{"t":"MD11"},"25D1E":{"t":"GLF4"},"25DC6":{"t":"COL3"},"25EFF":{"t":"B762"},"25F21":{"t":"M20T"},"25F25":{"t":"M20T"},"25F26":{"t":"GLF4"},"25F3F":{"t":"CL60"},"260BC":{"t":"MD11"},"2619E":{"t":"PA31"},"262BA":{"t":"B762"},"262E1":{"t":"GLF5"},"26302":{"t":"GLF5"},"26473":{"t":"MD11"},"26666":{"t":"CL60"},"266F1":{"t":"GLF4"},"267B0":{"t":"CRJ2"},"267EE":{"t":"GLF4"},"2682A":{"t":"MD11"},"26A28":{"t":"B762"},"26A46":{"t":"CL60"},"26A72":{"t":"H25B"},"26AA8":{"t":"GLF4"},"26B8A":{"t":"H25B"},"26BE1":{"t":"MD11"},"26DDF":{"t":"B762"},"26E14":{"t":"C25B"},"26E93":{"t":"FA50"},"26ECC":{"t":"GLF5"},"26F00":{"t":"B350"},"26F1E":{"t":"CRJ2"},"26F98":{"t":"MD11"},"2722E":{"t":"GLF4"},"27253":{"t":"TBM8"},"27256":{"t":"E145"},"2734F":{"t":"MD11"},"273F5":{"t":"B737"},"273FA":{"t":"SR22"},"27659":{"t":"H25B"},"276BB":{"t":"BE58"},"276D4":{"t":"TBM8"},"27706":{"t":"MD11"},"278D2":{"t":"PA46"},"27920":{"t":"B752"},"27922":{"t":"C208"},"27ABD":{"t":"MD11"},"27D88":{"t":"PA46"},"27DBC":{"t":"H25B"},"27E2D":{"t":"BE33"},"27EA1":{"t":"FA50"},"27EA6":{"t":"FA50"},"27F11":{"t":"A320"},"27F4E":{"t":"C182"},"280CD":{"t":"MD11"},"282C6":{"t":"B737"},"282C8":{"t":"A320"},"28338":{"t":"A320"},"283FA":{"t":"H25C"},"2840E":{"t":"CL60"},"2856E":{"t":"B752"},"285CC":{"t":"CL60"},"286B8":{"t":"SR22"},"28702":{"t":"GALX"},"28733":{"t":"TBM7"},"2876B":{"t":"BE58"},"2878C":{"t":"SR20"},"28A36":{"t":"A320"},"28B4B":{},"28BB9":{"t":"B744"},"28DD9":{"t":"GLEX"},"28E0B":{"t":"F900"},"28E0F":{"t":"SR20"},"2923F":{"t":"F900"},"29271":{"t":"CL30"},"292A0":{"t":"F900"},"292B4":{"t":"B744"},"2931D":{"t":"C750"},"29329":{"t":"GLF4"},"2958B":{"t":"A319"},"295AC":{"t":"BE58"},"295DE":{"t":"G280"},"29611":{"t":"E190"},"29825":{"t":"PA24"},"29910":{"t":"B737"},"2992C":{"t":"F2TH"},"299FF":{"t":"GLF4"},"29A98":{"t":"E145"},"29CB6":{"t":"GLEX"},"29F56":{"t":"C182"},"2A127":{"t":"GLF4"},"2A206":{"t":"E145"},"2A261":{"t":"MD11"},"2A2DF":{"t":"B788"},"2A2E3":{"t":"B788"},"2A2E6":{"t":"B788"},"2A300":{"t":"B788"},"2A38E":{"t":"B789"},"2A4AB":{"t":"H25B"},"2A54B":{"t":"BE58"},"2A59D":{"t":"BE20"},"2A5E7":{"t":"C25B"},"2A64A":{"t":"GLF4"},"2A692":{"t":"DC10"},"2A693":{"t":"A333"},"2A801":{"t":"B744"},"2A80F":{"t":"GLF4"},"2A816":{"t":"E145"},"2A84C":{"t":"MD11"},"2A871":{"t":"MD11"},"2A915":{"t":"B772"},"2A99E":{"t":"EA50"},"2AA4A":{"t":"A333"},"2AA92":{"t":"F900"},"2AA9C":{"t":"TBM8"},"2AB89":{"t":"GLF4"},"2AC03":{"t":"MD11"},"2AC28":{"t":"MD11"},"2ADFC":{"t":"B737"},"2AE01":{"t":"A333"},"2AE06":{"t":"CL30"},"2AFA9":{"t":"GLF4"},"2AFBA":{"t":"MD11"},"2AFDF":{"t":"MD11"},"2B1A1":{"t":"GLF5"},"2B1B3":{"t":"B737"},"2B1B8":{"t":"A333"},"2B26C":{},"2B346":{"t":"F2TH"},"2B371":{"t":"MD11"},"2B396":{"t":"MD11"},"2B56F":{"t":"A333"},"2B623":{},"2B728":{"t":"MD11"},"2B74D":{"t":"MD11"},"2B810":{"t":"B739"},"2B926":{"t":"A333"},"2B963":{"t":"GLF4"},"2BA34":{"t":"CL60"},"2BABB":{"t":"BE36"},"2BADF":{"t":"MD11"},"2BB04":{"t":"MD11"},"2BCD8":{"t":"B737"},"2BCDD":{"t":"A333"},"2BD5F":{"t":"CL60"},"2BE96":{"t":"MD11"},"2BEBB":{"t":"MD11"},"2C013":{"t":"B762"},"2C084":{"t":"BE55"},"2C094":{"t":"A333"},"2C0AF":{"t":"C25C"},"2C11F":{"t":"GLF4"},"2C1A5":{},"2C24D":{"t":"MD11"},"2C272":{"t":"MD11"},"2C442":{"t":"PRM1"},"2C446":{"t":"B737"},"2C44B":{"t":"A333"},"2C481":{"t":"M20P"},"2C4BA":{"t":"F900"},"2C52E":{"t":"GLF6"},"2C561":{"t":"GLF4"},"2C5D8":{"t":"C680"},"2C604":{"t":"MD11"},"2C629":{"t":"MD11"},"2C7EF":{"t":"B734"},"2C7FD":{"t":"B737"},"2C7FF":{"t":"A332"},"2C802":{"t":"A332"},"2C807":{"t":"BE9L"},"2C84A":{"t":"C25C"},"2C9BB":{"t":"MD11"},"2C9E0":{"t":"MD11"},"2CA5D":{"t":"B788"},"2CA5F":{"t":"B788"},"2CA64":{"t":"B788"},"2CB13":{"t":"B789"},"2CC41":{"t":"BE36"},"2CC84":{"t":"CL60"},"2CCED":{"t":"SR20"},"2CD19":{"t":"F2TH"},"2CD40":{"t":"C550"},"2CD50":{"t":"BE58"},"2CE0F":{"t":"A332"},"2CE12":{"t":"A332"},"2CE17":{"t":"FA50"},"2CE75":{"t":"G280"},"2CE94":{"t":"G280"},"2CE95":{"t":"G280"},"2CEDC":{"t":"CL60"},"2CF95":{"t":"E145"},"2CFCB":{"t":"MD11"},"2D1C4":{"t":"B737"},"2D1C9":{"t":"A332"},"2D1F5":{"t":"B733"},"2D27C":{"t":"E190"},"2D371":{"t":"BE40"},"2D382":{"t":"MD11"},"2D4B0":{},"2D580":{"t":"A332"},"2D59D":{"t":"SR22"},"2D5A7":{"t":"GALX"},"2D6C7":{"t":"GLF5"},"2D739":{"t":"MD11"},"2D754":{"t":"C560"},"2D818":{"t":"P28A"},"2D932":{"t":"B737"},"2D937":{"t":"A332"},"2D977":{"t":"CL60"},"2DABA":{"t":"E145"},"2DABB":{"t":"F2TH"},"2DAF0":{"t":"MD11"},"2DCE9":{"t":"B737"},"2DCEE":{"t":"A332"},"2DD0C":{"t":"GLF5"},"2DEA7":{"t":"MD11"},"2DFFE":{"t":"B739"},"2E0A0":{"t":"B737"},"2E0A5":{"t":"A332"},"2E25E":{"t":"MD11"},"2E45C":{"t":"A332"},"2E48D":{"t":"F2TH"},"2E561":{"t":"F900"},"2E615":{"t":"MD11"},"2E696":{"t":"FA50"},"2E6DD":{"t":"P28A"},"2E80E":{"t":"B737"},"2E813":{"t":"A332"},"2E852":{"t":"CL60"},"2E8DF":{"t":"MD87"},"2E9BB":{"t":"GLF4"},"2E9CC":{"t":"MD11"},"2EBB3":{"t":"GLF5"},"2EBC5":{"t":"B737"},"2EBCA":{"t":"A332"},"2EBFB":{"t":"C750"},"2EC49":{"t":"C25A"},"2EC5A":{"t":"BE20"},"2ECA0":{"t":"BE20"},"2ECC8":{"t":"H25B"},"2ED83":{"t":"MD11"},"2EDF2":{"t":"GLEX"},"2EF44":{"t":"E190"},"2EF7C":{"t":"B737"},"2EF81":{"t":"A332"},"2EFB6":{"t":"SR20"},"2F04B":{"t":"CL60"},"2F090":{"t":"GLF4"},"2F13A":{"t":"MD11"},"2F200":{"t":"B788"},"2F424":{"t":"LJ60"},"2F565":{"t":"LJ45"},"2F58C":{"t":"B737"},"2F591":{"t":"A332"},"2F6A3":{"t":"FA50"},"2F74A":{"t":"MD11"},"2F943":{"t":"B737"},"2F948":{"t":"A332"},"2F9A8":{"t":"PRM1"},"2FB01":{"t":"MD11"},"2FBEC":{"t":"B752"},"2FBF1":{"t":"B752"},"2FCFA":{"t":"B737"},"2FCFF":{"t":"A332"},"2FD2B":{"t":"C680"},"2FE0E":{"t":"GLF4"},"2FEB8":{"t":"MD11"},"2FFB6":{"t":"PA32"},"500C5":{"t":"GLF4"},"500FE":{"t":"GLEX"},"50126":{"t":"B752"},"50321":{"t":"A319"},"50408":{"t":"B763"},"5047C":{"t":"GLF4"},"5049F":{"t":"BE60"},"504AE":{"t":"M20P"},"504DD":{"t":"B752"},"506D9":{"t":"CRJ2"},"5073B":{"t":"BE36"},"50746":{"t":"A310"},"5075B":{"t":"GLF4"},"5087F":{"t":"GLF4"},"50894":{"t":"B752"},"508C0":{},"50AB6":{"t":"C25C"},"50BD6":{"t":"GLF4"},"50BEA":{"t":"GLF4"},"50C30":{"t":"CL30"},"50C4B":{"t":"B752"},"50E4F":{"t":"CL30"},"50EB4":{"t":"A310"},"50EC7":{"t":"C425"},"50EE3":{"t":"C425"},"50F01":{"t":"C425"},"50F13":{"t":"P28T"},"50FA1":{"t":"GLF4"},"50FCD":{"t":"C425"},"50FD4":{"t":"C550"},"51002":{"t":"B752"},"51164":{"t":"M20P"},"51221":{"t":"CL60"},"5126B":{"t":"A310"},"51333":{"t":"CL60"},"51334":{"t":"CL60"},"51358":{"t":"GLF4"},"513A4":{"t":"GLF4"},"513B9":{"t":"B752"},"51622":{"t":"A310"},"5164B":{"t":"F2TH"},"51656":{"t":"GLF5"},"51731":{"t":"GLF4"},"51770":{"t":"B752"},"5196C":{"t":"CRJ2"},"5197A":{},"5198C":{"t":"FA50"},"51992":{"t":"C25C"},"519D9":{"t":"A310"},"51A6A":{"t":"GLF4"},"51AC6":{"t":"GLF4"},"51B27":{"t":"B752"},"51D23":{"t":"CRJ2"},"51D2F":{"t":"B429"},"51D41":{"t":"PA46"},"51D44":{"t":"SR22"},"51D51":{"t":"C25B"},"51D5D":{"t":"GLF4"},"51D90":{"t":"A310"},"51E24":{"t":"B744"},"51E31":{"t":"C25C"},"51E9F":{"t":"F2TH"},"51EA7":{"t":"F2TH"},"51EDE":{"t":"B752"},"51F09":{"t":"CL60"},"520FF":{"t":"PA46"},"5221A":{"t":"B737"},"5223C":{"t":"CL60"},"522BF":{"t":"DA42"},"522D3":{"t":"B734"},"52321":{"t":"FA50"},"523A0":{"t":"A310"},"523A4":{"t":"J328"},"523EE":{"t":"C525"},"52473":{"t":"B430"},"5248D":{"t":"GLF4"},"524B8":{},"524C5":{"t":"B430"},"524EE":{"t":"B752"},"526EA":{"t":"CRJ2"},"52709":{"t":"CL60"},"52757":{"t":"A310"},"527A4":{},"528A5":{"t":"B752"},"52946":{"t":"PA46"},"52A9D":{"t":"GLF4"},"52B3E":{"t":"GLF4"},"52C5C":{"t":"B752"},"52E54":{"t":"B739"},"53013":{"t":"B752"},"531FA":{"t":"SR22"},"5329B":{},"533CA":{"t":"B752"},"535C6":{"t":"CRJ2"},"53633":{"t":"A310"},"53663":{"t":"GLF4"},"53696":{"t":"MD11"},"53720":{"t":"GLF4"},"5375A":{"t":"F900"},"53781":{"t":"B752"},"5399B":{"t":"CRJ2"},"539BF":{"t":"CL60"},"539EA":{"t":"A310"},"53AD7":{"t":"GLF4"},"53B38":{"t":"B752"},"53D2A":{"t":"PA34"},"53DB6":{"t":"GLF4"},"53EEF":{"t":"B752"},"53F59":{"t":"DH8B"},"542A6":{"t":"B752"},"54345":{"t":"B350"},"54423":{"t":"GLF4"},"5465D":{"t":"B752"},"54696":{"t":"WW24"},"548AF":{"t":"F900"},"548BC":{"t":"LJ35"},"548E5":{},"548EE":{"t":"GLF4"},"548F0":{"t":"GLEX"},"54926":{"t":"BE20"},"5492E":{"t":"GLF6"},"54957":{"t":"C680"},"54975":{"t":"C414"},"549DA":{"t":"CL60"},"54A2D":{"t":"F900"},"54A89":{"t":"GLF4"},"54AAE":{"t":"B739"},"54AB2":{"t":"CRJ2"},"54B34":{},"54B36":{"t":"PA44"},"54B4E":{"t":"HA4T"},"54B6E":{"t":"LJ45"},"54B8A":{"t":"CL60"},"54C0C":{"t":"GLF4"},"54C29":{"t":"SR22"},"54C49":{"t":"GLF4"},"54C6D":{"t":"B752"},"54EDF":{"t":"BE30"},"54FC3":{"t":"GLF4"},"55024":{"t":"B752"},"55090":{"t":"E170"},"55161":{"t":"BE9L"},"552C6":{"t":"GLF4"},"553C6":{"t":"SR22"},"553DB":{"t":"B752"},"555D7":{"t":"CRJ2"},"55644":{"t":"A310"},"556D5":{"t":"GLF5"},"55792":{"t":"B752"},"5599C":{"t":"BE20"},"55A2D":{"t":"B733"},"55A93":{"t":"H25B"},"55ADE":{"t":"GLF4"},"55B49":{"t":"B752"},"55B7A":{"t":"B737"},"55D7D":{"t":"GL5T"},"55DB2":{"t":"A310"},"55E9F":{"t":"GLF4"},"55F00":{"t":"B752"},"56122":{"t":"C25A"},"56135":{"t":"DA40"},"56198":{"t":"HA4T"},"561EA":{"t":"LJ45"},"5627C":{"t":"P32R"},"562B7":{"t":"B752"},"564C0":{"t":"B738"},"56511":{"t":"SR22"},"56520":{"t":"A310"},"5666E":{"t":"B752"},"56866":{"t":"CL30"},"5686A":{"t":"CRJ2"},"56892":{"t":"CL30"},"568B9":{"t":"CL60"},"56906":{"t":"HA4T"},"569C4":{"t":"GLF4"},"569DE":{"t":"C680"},"56A0A":{"t":"E55P"},"56A25":{"t":"B752"},"56B15":{"t":"R66"},"56B2B":{"t":"BE40"},"56C3C":{"t":"PC12"},"56D27":{"t":"C310"},"56D9D":{"t":"F2TH"},"56DDC":{"t":"B752"},"56E46":{"t":"DH8B"},"56FC6":{"t":"GLF4"},"56FCB":{"t":"S22T"},"56FE9":{"t":"WACF"},"57039":{"t":"GLF4"},"5706F":{"t":"GLEX"},"5708D":{"t":"FA20"},"57090":{"t":"GLEX"},"570C6":{"t":"LJ45"},"57110":{"t":"CL60"},"57165":{"t":"GLF5"},"571BD":{"t":"PA46"},"571C2":{"t":"CL60"},"5721E":{"t":"GLF4"},"57239":{"t":"GLF3"},"5723A":{"t":"GLF4"},"57253":{"t":"GLF4"},"5725A":{"t":"C25C"},"57285":{"t":"GLF4"},"5729E":{"t":"A310"},"572A3":{"t":"GLF4"},"572B3":{"t":"GLF4"},"572B6":{"t":"GLF4"},"572E9":{"t":"GLF4"},"572F4":{"t":"GLF4"},"57307":{"t":"GLF4"},"5730D":{"t":"GLF4"},"57319":{"t":"GLF4"},"57331":{"t":"GLF4"},"5733A":{"t":"DC10"},"57348":{"t":"SR22"},"57362":{"t":"B744"},"57368":{"t":"GLF4"},"5738B":{"t":"GLF4"},"5739A":{"t":"GLF4"},"573AF":{"t":"P210"},"573EC":{"t":"B752"},"5743F":{"t":"GLF4"},"574C1":{},"5753E":{"t":"PA31"},"575F4":{"t":"GLF4"},"575F5":{"t":"B737"},"57605":{"t":"GLF4"},"57611":{"t":"GLF4"},"57616":{"t":"GLEX"},"57621":{"t":"GLF4"},"5765E":{"t":"C25A"},"5766A":{"t":"GLF4"},"5767D":{"t":"GLF5"},"5767F":{"t":"GLEX"},"5769E":{"t":"GLF4"},"57710":{"t":"GLF4"},"57719":{"t":"B744"},"577A3":{"t":"B752"},"578CD":{"t":"P28A"},"5799F":{"t":"CRJ2"},"57AC7":{"t":"GLF4"},"57AD0":{"t":"B744"},"57AF9":{"t":"GLF4"},"57B5A":{"t":"B752"},"57D63":{"t":"B737"},"57DA1":{"t":"C510"},"57DC3":{"t":"A310"},"57DE8":{"t":"CL60"},"57E87":{"t":"B744"},"57F11":{"t":"B752"},"58153":{"t":"E55P"},"5817A":{"t":"A310"},"5823E":{"t":"B744"},"58267":{"t":"GLF4"},"582A9":{"t":"GALX"},"582AD":{"t":"BE20"},"582C8":{"t":"B752"},"583F5":{"t":"B739"},"584C4":{"t":"CRJ2"},"58531":{"t":"A310"},"5861E":{"t":"GLF4"},"5867F":{"t":"B752"},"58871":{"t":"GLF3"},"5889E":{"t":"SR22"},"588E8":{"t":"A310"},"588EE":{"t":"BE40"},"5894D":{"t":"PA46"},"58A02":{"t":"C680"},"58A36":{"t":"B752"},"58C32":{"t":"CRJ2"},"58C79":{"t":"GLF4"},"58CCC":{"t":"GLF4"},"58CE8":{"t":"GLF3"},"58DED":{"t":"B752"},"590EA":{"t":"B744"},"591A4":{"t":"B752"},"591E1":{"t":"GLF4"},"593CE":{"t":"CL60"},"594A1":{"t":"B744"},"59534":{"t":"BE35"},"5955B":{"t":"B752"},"59601":{"t":"B788"},"596B1":{"t":"B789"},"59733":{"t":"AC11"},"59760":{"t":"C25A"},"59767":{},"597BF":{"t":"CL60"},"597EE":{"t":"GLEX"},"59904":{"t":"PA46"},"59939":{"t":"H25C"},"59940":{"t":"PA46"},"599E6":{"t":"F900"},"59A18":{"t":"CL60"},"59B0A":{"t":"GLF4"},"59B6B":{"t":"B752"},"59C0A":{},"59D62":{"t":"GLF3"},"59DFA":{"t":"GLF3"},"59E55":{"t":"LJ45"},"59EC1":{"t":"GLF4"},"59F22":{"t":"B752"},"5A1B0":{"t":"PC12"},"5A226":{"t":"GLF5"},"5A257":{"t":"P46T"},"5A2D9":{"t":"B752"},"5A5D4":{"t":"GLF4"},"5A63B":{"t":"TBM8"},"5A66F":{"t":"SR22"},"5A690":{"t":"B752"},"5A98D":{"t":"B744"},"5AA47":{"t":"B752"},"5AD44":{"t":"B744"},"5AD9D":{"t":"GLF4"},"5ADFE":{"t":"B752"},"5AFEA":{"t":"C525"},"5B020":{"t":"C25A"},"5B033":{},"5B062":{"t":"C25B"},"5B0F8":{"t":"COL4"},"5B186":{"t":"C550"},"5B1B5":{"t":"B752"},"5B3B1":{"t":"CRJ2"},"5B3D7":{"t":"C25A"},"5B3DF":{},"5B55F":{"t":"A320"},"5B56C":{"t":"B752"},"5B755":{"t":"GLF4"},"5B75F":{"t":"FA50"},"5B768":{"t":"CRJ2"},"5B7F1":{"t":"F900"},"5B83F":{"t":"GL5T"},"5B8C2":{"t":"GLF4"},"5B923":{"t":"B752"},"5BB0D":{"t":"B744"},"5BCDA":{"t":"B752"},"5BF2C":{"t":"F900"},"5BF30":{"t":"F2TH"},"5BFAC":{"t":"C303"},"5BFFF":{"t":"C25B"},"5C0CA":{},"5C192":{"t":"B742"},"5C1E8":{"t":"AT43"},"5C289":{"t":"GLF4"},"5C2EA":{"t":"B752"},"5C549":{"t":"B742"},"5C6A1":{"t":"B752"},"5C9A7":{"t":"GLF4"},"5C9F7":{"t":"GLF4"},"5CA58":{"t":"B752"},"5CC61":{"t":"SR22"},"5CC83":{"t":"B733"},"5CC86":{"t":"GLF4"},"5CE0F":{"t":"B752"},"5D041":{"t":"GLF4"},"5D109":{"t":"GLF4"},"5D1C6":{"t":"B752"},"5D28E":{"t":"B739"},"5D3A6":{"t":"P28R"},"5D4AA":{"t":"GLF4"},"5D4C0":{"t":"GLF4"},"5D4C3":{"t":"B744"},"5D57D":{"t":"B752"},"5D66E":{"t":"GLF4"},"5D68D":{"t":"PA34"},"5D87A":{"t":"B744"},"5DB72":{"t":"CL60"},"5DBD8":{"t":"P32R"},"5DC31":{"t":"B744"},"5DC8A":{"t":"GLF4"},"5DCAC":{"t":"GLF4"},"5DCB4":{"t":"GLF3"},"5DD16":{"t":"GLF3"},"5DEE3":{"t":"B739"},"5DF0D":{"t":"C25A"},"5DF16":{"t":"DC10"},"5DF79":{"t":"GLF4"},"5E07C":{"t":"A319"},"5E094":{"t":"CL60"},"5E263":{"t":"DC10"},"5E433":{"t":"A319"},"5E679":{"t":"F900"},"5E683":{"t":"BE20"},"5E6BF":{"t":"F2TH"},"5E6E1":{"t":"GLF4"},"5E6EC":{"t":"GALX"},"5E6F5":{"t":"C750"},"5E739":{"t":"LJ60"},"5E77D":{"t":"C550"},"5E820":{"t":"C750"},"5E8B3":{"t":"CL30"},"5E8CE":{"t":"C25B"},"5E963":{"t":"EN48"},"5E969":{"t":"C25B"},"5E96A":{"t":"G150"},"5EA08":{"t":"GLF4"},"5EA43":{"t":"A319"},"5EC5C":{"t":"C25C"},"5EF0E":{"t":"B752"},"5F03D":{"t":"SR22"},"5F042":{"t":"C25C"},"5F07F":{"t":"B742"},"5F578":{"t":"DA42"},"5FB67":{"t":"C25C"},"5FBA4":{"t":"B742"},"5FF5B":{"t":"B742"},"5FF7A":{"t":"G150"},"5FFB1":{"t":"SR22"},"children":["A0","A1","A3","A4","A6","A7","A8","A9","AA","AB","AC","AD","AE"]}