{"0001":{"t":"GLF4"},"000D":{"t":"GLF6"},"000E":{"t":"GLF4"},"0012":{"t":"GLF4"},"001D":{"t":"GLF4"},"0028":{"t":"GLF5"},"0031":{"t":"GLF4"},"0034":{"t":"F2TH"},"003B":{"t":"FA50"},"003C":{"t":"C25C"},"0042":{"t":"CL60"},"0050":{"t":"GLF5"},"0054":{"t":"GL5T"},"0055":{"t":"CL60"},"0059":{"t":"C25C"},"0084":{"t":"GLEX"},"0096":{"t":"C421"},"00A5":{"t":"GLF5"},"00AA":{"t":"GLF5"},"00B4":{},"00D4":{"t":"F2TH"},"00D7":{"t":"GLF5"},"00E8":{"t":"GLF5"},"00FC":{"t":"F900"},"00FE":{"t":"GLF5"},"012F":{"t":"CL60"},"0131":{"t":"F2TH"},"014E":{"t":"GLF4"},"017F":{"t":"C680"},"0187":{},"0188":{"t":"P46T"},"0193":{"t":"F900"},"0198":{"t":"GLF5"},"019F":{"t":"GLF4"},"01B1":{"t":"GLF5"},"01B7":{"t":"GLF4"},"01BC":{"t":"B737"},"01D0":{"t":"C501"},"0229":{"t":"C421"},"0241":{"t":"GALX"},"02B0":{"t":"PA46"},"02BC":{},"02D2":{"t":"F2TH"},"02DD":{"t":"CL60"},"0322":{"t":"F900"},"0331":{"t":"F2TH"},"0370":{"t":"LJ60"},"0371":{"t":"SR22"},"0386":{"t":"GLF5"},"03CA":{"t":"HA4T"},"03EA":{"t":"G150"},"03F6":{"t":"GLEX"},"0414":{"t":"C510"},"041E":{"t":"SR22"},"046F":{"t":"GLF5"},"048A":{"t":"H25B"},"04B4":{"t":"GLEX"},"0505":{"t":"GLF4"},"0527":{"t":"E50P"},"0529":{"t":"GLEX"},"052D":{"t":"GLF4"},"0537":{"t":"E50P"},"0538":{"t":"E55P"},"0541":{"t":"SR22"},"0551":{"t":"C501"},"055E":{"t":"GLF5"},"056A":{"t":"GLF4"},"0582":{"t":"GLF4"},"058D":{"t":"C25B"},"0594":{"t":"C25B"},"05AF":{"t":"H25B"},"05C4":{"t":"C501"},"05C9":{"t":"F2TH"},"05D8":{"t":"PC12"},"0623":{"t":"GL5T"},"0643":{"t":"SR22"},"0684":{"t":"F900"},"0690":{"t":"EA50"},"06F1":{"t":"SR20"},"07F7":{"t":"DC10"},"080C":{"t":"P28R"},"082B":{"t":"C208"},"0835":{"t":"B788"},"08AB":{"t":"GLF5"},"08B1":{"t":"GLF4"},"08CB":{"t":"P32R"},"08ED":{"t":"B763"},"08FB":{"t":"C510"},"0932":{"t":"F2TH"},"0969":{"t":"C525"},"0986":{"t":"GLF5"},"09AE":{"t":"F2TH"},"09C4":{"t":"F2TH"},"09DA":{"t":"GL5T"},"0A31":{"t":"CL30"},"0B74":{"t":"B788"},"0BFB":{"t":"B788"},"0C22":{"t":"GLEX"},"0C42":{"t":"GLF5"},"0C4A":{"t":"GLF4"},"0C85":{"t":"GLF5"},"0CA3":{"t":"GALX"},"0D25":{"t":"LJ60"},"0D68":{"t":"E50P"},"0E0E":{},"0F4D":{"t":"M20P"},"0F60":{"t":"C208"},"0F76":{},"100F":{"t":"GLF3"},"1148":{"t":"GL5T"},"1180":{"t":"E170"},"1230":{"t":"GL5T"},"128D":{"t":"M20P"},"1399":{"t":"BE9L"},"13A0":{"t":"GLF4"},"13D8":{"t":"BE20"},"13DC":{"t":"GLEX"},"1407":{"t":"BE20"},"141F":{"t":"CL30"},"149C":{"t":"P68"},"14FF":{"t":"GL5T"},"1527":{"t":"GALX"},"1553":{"t":"B744"},"15E8":{"t":"GLF5"},"16AF":{},"174B":{"t":"C25C"},"1752":{"t":"A320"},"176A":{"t":"F900"},"1880":{"t":"A321"},"18E9":{},"190A":{"t":"B744"},"1917":{"t":"CL60"},"1A00":{"t":"PA46"},"1AD2":{"t":"COL4"},"1B0B":{"t":"C208"},"1B35":{"t":"GLF4"},"1BBC":{"t":"E170"},"1C1C":{"t":"BE9L"},"1EE9":{"t":"SR22"},"1EEC":{"t":"H25B"},"2078":{"t":"B744"},"20A1":{"t":"GLF5"},"20B9":{"t":"PRM1"},"2125":{"t":"M20T"},"2282":{"t":"DC10"},"22A3":{"t":"GLF5"},"22B9":{"t":"GLF5"},"22BB":{"t":"H25B"},"22CA":{"t":"GLF4"},"22F2":{"t":"F900"},"232A":{"t":"E170"},"2390":{"t":"B737"},"23AF":{"t":"GLF5"},"2413":{"t":"E170"},"2427":{"t":"COL4"},"2596":{"t":"GLF4"},"2672":{"t":"GLF3"},"27C5":{"t":"GLF4"},"27D2":{"t":"A109"},"27D6":{"t":"A109"},"27E1":{"t":"C25B"},"2891":{"t":"CL60"},"28C9":{"t":"BE9L"},"29B0":{"t":"B429"},"29DA":{"t":"CL60"},"29E6":{"t":"LJ60"},"2A8D":{"t":"C310"},"2BA0":{"t":"C25B"},"2BA7":{"t":"H25B"},"2BDA":{"t":"F900"},"2C40":{"t":"A321"},"2CE3":{"t":"GALX"},"2CEA":{},"2D04":{"t":"G150"},"2D7F":{"t":"C56X"},"2DA2":{"t":"GL5T"},"2DDA":{"t":"E170"},"2FB0":{"t":"BE36"},"2FE9":{"t":"F900"},"302B":{"t":"GLF4"},"30B1":{"t":"F2TH"},"30D4":{"t":"C25B"},"3164":{"t":"P46T"},"318F":{"t":"F900"},"31D1":{"t":"GLF5"},"3236":{"t":"H25B"},"33D9":{"t":"CL60"},"345F":{"t":"E170"},"34CB":{"t":"GLEX"},"34DD":{"t":"SR22"},"3541":{"t":"SR22"},"359E":{"t":"GLF4"},"3739":{"t":"C56X"},"3745":{"t":"BE58"},"375B":{},"377F":{"t":"PA46"},"379B":{"t":"GLF4"},"392F":{"t":"A320"},"3955":{"t":"GLF4"},"3A99":{"t":"BE36"},"3B2C":{"t":"LJ60"},"3B74":{"t":"EA50"},"3BA1":{"t":"C525"},"3BCD":{"t":"E170"},"3FAA":{"t":"TBM7"},"3FDD":{},"3FE1":{"t":"GLEX"},"40B2":{},"41DB":{"t":"C206"},"42D2":{"t":"E55P"},"433B":{"t":"E170"},"4341":{"t":"G150"},"4375":{"t":"PA32"},"4391":{"t":"LJ35"},"440F":{"t":"AC11"},"4424":{"t":"E170"},"4440":{"t":"B744"},"4476":{"t":"LJ45"},"447A":{"t":"GLF4"},"466C":{"t":"C337"},"4690":{"t":"HA4T"},"4699":{"t":"EA50"},"46AB":{"t":"BE20"},"46B6":{"t":"B763"},"4758":{"t":"GLF4"},"47CA":{"t":"F900"},"47D7":{"t":"SR22"},"47E3":{"t":"GLEX"},"47F7":{"t":"B744"},"480B":{"t":"A320"},"4838":{"t":"GLF3"},"4A9D":{"t":"BE9L"},"4B10":{"t":"CL60"},"4B1F":{"t":"BE33"},"4B6A":{"t":"CL60"},"4BAE":{"t":"B744"},"4BF1":{"t":"GLEX"},"4C42":{"t":"GLEX"},"4CE2":{"t":"C182"},"4DA6":{"t":"GLF4"},"4DA8":{"t":"GLF4"},"4DAC":{"t":"HA4T"},"4E12":{"t":"F2TH"},"4E2B":{"t":"GLF4"},"4E60":{"t":"E170"},"4E7C":{"t":"A119"},"4EA1":{"t":"GLF5"},"4EB8":{"t":"BE20"},"4EBF":{"t":"SR20"},"4F49":{"t":"E170"},"4F65":{"t":"B744"},"5160":{},"51C2":{},"5269":{"t":"F2TH"},"5281":{"t":"F2TH"},"529D":{"t":"GLF4"},"531B":{"t":"FA7X"},"5327":{"t":"GLF4"},"53AE":{},"53BC":{"t":"GLEX"},"53F5":{"t":"C525"},"5408":{"t":"B763"},"5469":{"t":"B407"},"5483":{"t":"GLF4"},"5575":{"t":"B744"},"5582":{"t":"A306"},"5614":{"t":"B763"},"563B":{"t":"B763"},"5770":{"t":"E400"},"5811":{"t":"BE9L"},"5813":{"t":"GALX"},"5837":{"t":"BE33"},"583A":{"t":"GLF4"},"583D":{"t":"GLF4"},"586F":{"t":"CL30"},"58B1":{"t":"E50P"},"58F1":{"t":"CL60"},"5910":{"t":"E170"},"5922":{"t":"TRIN"},"592C":{"t":"B744"},"5939":{"t":"A306"},"59E3":{"t":"B752"},"5A01":{"t":"B752"},"5A03":{"t":"B752"},"5A25":{"t":"B752"},"5B46":{"t":"GLEX"},"5BCA":{"t":"GLF4"},"5C3A":{"t":"SR22"},"5CB1":{"t":"SR22"},"5CE3":{"t":"B744"},"5CF0":{"t":"A306"},"5D71":{"t":"SR22"},"5DC0":{"t":"C425"},"5DC5":{"t":"COL3"},"5DCC":{"t":"GLF5"},"5EED":{"t":"P32R"},"5F21":{"t":"C25B"},"5F2F":{"t":"B763"},"5F36":{"t":"SR22"},"5F66":{"t":"GLF5"},"5F81":{"t":"GALX"},"5FE5":{"t":"GLF4"},"62C4":{"t":"SR20"},"62CE":{"t":"SR22"},"62EB":{"t":"GLF3"},"6300":{"t":"GLF3"},"6310":{"t":"B763"},"63AB":{},"63D7":{"t":"H500"},"643D":{"t":"GLF4"},"645E":{"t":"A306"},"667F":{"t":"GLEX"},"66A4":{"t":"P46T"},"66E3":{"t":"GLF5"},"6703":{"t":"E170"},"675C":{"t":"C206"},"679B":{"t":"CL60"},"67C0":{"t":"B763"},"67DE":{"t":"GLF4"},"67E7":{"t":"CL60"},"67F4":{"t":"GLF4"},"67FA":{"t":"CL30"},"6815":{"t":"A306"},"681C":{"t":"A320"},"684B":{"t":"C25A"},"6860":{"t":"H25B"},"6A0E":{"t":"B737"},"6AE0":{"t":"H25B"},"6B48":{"t":"C25C"},"6BCC":{"t":"A306"},"6BD3":{"t":"A320"},"6C53":{"t":"HA4T"},"6CA4":{"t":"C425"},"6DDF":{"t":"C551"},"6E39":{"t":"C25A"},"6E50":{"t":"GLF5"},"6E53":{"t":"GLF3"},"6ED6":{"t":"BE20"},"6F22":{"t":"B737"},"6F49":{"t":"F900"},"6F53":{"t":"CL60"},"6F76":{"t":"B744"},"6F83":{"t":"A306"},"6F8A":{"t":"A320"},"705E":{"t":"COL4"},"716C":{"t":"GLF4"},"7202":{"t":"GLF5"},"7214":{"t":"GLF5"},"732D":{"t":"B744"},"733A":{"t":"A306"},"7341":{"t":"A320"},"7528":{"t":"TBM7"},"763C":{"t":"GLF4"},"765E":{"t":"GLF4"},"7690":{"t":"B737"},"76B4":{"t":"PA32"},"76CC":{"t":"AC90"},"76F1":{"t":"A306"},"77D9":{"t":"E145"},"79B1":{"t":"GL5T"},"7A69":{"t":"GLF4"},"7B3E":{"t":"A321"},"7BDB":{"t":"GLF5"},"7CE6":{"t":"GLF5"},"7D01":{"t":"A306"},"7EF1":{"t":"LJ35"},"7F1E":{"t":"SR20"},"7F5A":{"t":"F2TH"},"808D":{"t":"GLF4"},"80A7":{"t":"SR22"},"80B8":{"t":"A306"},"817C":{"t":"B752"},"817F":{"t":"B752"},"81CA":{"t":"B752"},"82EB":{"t":"F2TH"},"8433":{"t":"GLF5"},"859F":{"t":"C172"},"8639":{"t":"C525"},"86B1":{"t":"PA32"},"8714":{"t":"E170"},"879C":{"t":"P180"},"87D8":{"t":"F2TH"},"87E9":{"t":"C501"},"87FD":{"t":"E170"},"8826":{"t":"A306"},"8BDD":{"t":"A306"},"8C0D":{"t":"CL60"},"8E72":{},"8E98":{"t":"P46T"},"8EDF":{"t":"EC35"},"8F5B":{"t":"E135"},"8F5E":{"t":"E135"},"8F5F":{"t":"E135"},"8F94":{"t":"A306"},"9025":{"t":"AC11"},"9188":{"t":"A321"},"91F2":{"t":"BE36"},"9229":{},"9296":{"t":"EC35"},"934B":{"t":"A306"},"9370":{"t":"DC10"},"93BD":{"t":"GLF4"},"94F7":{"t":"GL5T"},"9533":{"t":"A321"},"95B0":{"t":"FA50"},"961F":{"t":"P46T"},"9702":{"t":"A306"},"9727":{"t":"DC10"},"985F":{},"9923":{"t":"CL30"},"9927":{"t":"PA46"},"9A04":{"t":"EC35"},"9AA6":{"t":"PC12"},"9AB9":{"t":"A306"},"9ADE":{"t":"DC10"},"9C62":{"t":"C680"},"9CAB":{"t":"F900"},"9DBB":{"t":"EC35"},"9DEC":{"t":"SR20"},"9E5B":{},"9E70":{"t":"A306"},"9FE9":{"t":"PA27"},"A0D9":{"t":"GLEX"},"A0EA":{"t":"F900"},"A10C":{},"A184":{"t":"F900"},"A1C6":{"t":"HA4T"},"A23A":{"t":"SR20"},"A46A":{"t":"C650"},"A480":{"t":"A306"},"A69A":{"t":"AEST"},"A6A7":{"t":"GLF4"},"A728":{"t":"SR22"},"A751":{"t":"S22T"},"A7D6":{"t":"GLEX"},"A837":{"t":"A306"},"A8DA":{"t":"B752"},"A8DE":{"t":"B752"},"A8DF":{"t":"B752"},"A900":{"t":"B752"},"A903":{"t":"B752"},"A91E":{"t":"B752"},"A91F":{"t":"B752"},"A97B":{"t":"GLEX"},"AA1F":{"t":"C56X"},"AA3A":{"t":"P210"},"AAD0":{"t":"GLF4"},"AB2A":{"t":"PC12"},"AB8D":{"t":"BE40"},"ABAE":{"t":"BE58"},"ABC5":{"t":"E170"},"ABEE":{"t":"A306"},"ACFD":{"t":"B738"},"AD05":{"t":"C182"},"ADE2":{"t":"A321"},"AE0C":{"t":"B350"},"AE6B":{"t":"GLF5"},"AEAF":{"t":"C25B"},"AF44":{"t":"GLEX"},"AFA5":{"t":"A306"},"B1B6":{"t":"CL60"},"B211":{"t":"F900"},"B277":{"t":"GLF5"},"B2DB":{"t":"GLF4"},"B35C":{"t":"A306"},"B5EA":{},"B6D9":{"t":"C25A"},"B713":{"t":"A306"},"B82F":{"t":"GLF5"},"B8D6":{"t":"B350"},"B914":{"t":"CL60"},"B974":{"t":"F900"},"B9CB":{"t":"SR20"},"BACA":{"t":"A306"},"BBA5":{"t":"C182"},"BCB8":{"t":"CL30"},"BCE7":{"t":"SR20"},"BD37":{"t":"FA7X"},"BD47":{"t":"F2TH"},"BD59":{"t":"SR22"},"BD68":{"t":"CL60"},"BD8B":{"t":"C172"},"BD93":{"t":"SR22"},"BD94":{"t":"SR22"},"BDAF":{"t":"SR22"},"BDB5":{"t":"SR22"},"BE20":{"t":"GLEX"},"BE81":{"t":"A306"},"BE8F":{"t":"SR22"},"BEBE":{"t":"GLF4"},"C069":{"t":"B350"},"C0EE":{"t":"F900"},"C1D7":{"t":"GLEX"},"C238":{"t":"A306"},"C3DB":{"t":"SR20"},"C431":{"t":"B737"},"C4AC":{"t":"SR20"},"C5EF":{"t":"A306"},"C808":{"t":"C25B"},"C869":{"t":"FA7X"},"C875":{"t":"C510"},"C87E":{"t":"CL30"},"C88A":{"t":"GLF3"},"C931":{"t":"GLEX"},"C955":{},"C96A":{"t":"C750"},"C9FC":{"t":"GLF4"},"CA4A":{"t":"CL60"},"CA4B":{"t":"FA7X"},"CAC6":{"t":"G150"},"CAC9":{"t":"G150"},"CACB":{"t":"H25B"},"CAD9":{"t":"G150"},"CBAF":{"t":"FA50"},"CBB8":{"t":"G150"},"CBFF":{"t":"A306"},"CC86":{"t":"SR22"},"CCB8":{"t":"B763"},"CE06":{"t":"BE20"},"CE60":{"t":"F2TH"},"CF7A":{"t":"GLF4"},"CFB6":{"t":"A306"},"CFBD":{"t":"A321"},"D1F3":{"t":"B763"},"D223":{"t":"FA50"},"D273":{"t":"BE35"},"D338":{},"D36D":{"t":"A306"},"D5AA":{"t":"B763"},"D5B8":{"t":"SR22"},"D5C1":{"t":"PA31"},"D5E1":{"t":"SR20"},"D724":{"t":"A306"},"D72B":{"t":"A321"},"D76F":{"t":"H25B"},"D93D":{"t":"GLF4"},"D93E":{"t":"PA31"},"D95F":{"t":"C303"},"D961":{"t":"B763"},"D9A1":{"t":"GLF4"},"DADB":{"t":"A306"},"DB63":{"t":"GLF5"},"DC62":{"t":"COL4"},"DCC6":{"t":"GLF5"},"DCCF":{"t":"GLF5"},"DCF5":{"t":"DC87"},"DD18":{"t":"B763"},"DE92":{"t":"A306"},"DE99":{"t":"A321"},"E056":{"t":"PA20"},"E0CF":{"t":"B763"},"E1F5":{"t":"FA50"},"E249":{"t":"A306"},"E262":{"t":"C750"},"E276":{"t":"GLF4"},"E40F":{"t":"SR22"},"E59F":{"t":"BE40"},"E600":{"t":"A306"},"E607":{"t":"A321"},"E8FA":{"t":"FA50"},"E995":{"t":"EA50"},"E9B7":{"t":"A306"},"EC67":{"t":"GLF5"},"ECCC":{"t":"GLF2"},"ECE4":{},"ED6E":{"t":"A306"},"EF66":{"t":"MD90"},"EFE8":{"t":"F900"},"EFF1":{"t":"BE20"},"F08B":{"t":"GLF5"},"F17F":{"t":"CL60"},"F1B7":{"t":"LJ60"},"F217":{"t":"LJ60"},"F31D":{"t":"GLEX"},"F35E":{"t":"LJ60"},"F37E":{"t":"A306"},"F44C":{"t":"B763"},"F46F":{"t":"B763"},"F4A2":{"t":"B763"},"F4B5":{"t":"B763"},"F4F6":{"t":"B763"},"F4FD":{"t":"B763"},"F51E":{"t":"B763"},"F541":{"t":"B763"},"F684":{"t":"GLF4"},"F735":{"t":"A306"},"F7C1":{"t":"B763"},"F7E2":{"t":"B763"},"F815":{"t":"B763"},"F828":{"t":"B763"},"F92E":{"t":"L101"},"F970":{"t":"EA50"},"F9B4":{"t":"GALX"},"F9E7":{"t":"GLF5"},"FA59":{"t":"F2TH"},"FA8B":{"t":"GLEX"},"FAEC":{"t":"A306"},"FB13":{"t":"B737"},"FC23":{"t":"GLF4"},"FD28":{"t":"HA4T"},"FD39":{"t":"F2TH"},"FD3E":{"t":"CL60"},"FD59":{"t":"FA7X"},"FE19":{"t":"GLF3"},"FEA3":{"t":"A306"}}