{"020A":{"t":"B737"},"022A":{"t":"SR20"},"025A":{"t":"A306"},"04DB":{"t":"GLF4"},"050F":{"t":"GLF4"},"0611":{"t":"A306"},"078A":{"t":"P28R"},"080A":{"t":"B737"},"0877":{"t":"F900"},"0915":{"t":"GL5T"},"09C8":{"t":"A306"},"0B4E":{"t":"B350"},"0BB0":{"t":"GLF4"},"0BB3":{"t":"GLF4"},"0BC1":{"t":"B737"},"0D2A":{"t":"CL30"},"0D6C":{"t":"GLF4"},"0D7F":{"t":"A306"},"0F78":{"t":"B737"},"0F85":{"t":"H25B"},"0F86":{"t":"C56X"},"0F9D":{"t":"GLF5"},"0F9E":{"t":"MD87"},"0FA3":{"t":"B744"},"0FAD":{"t":"TBM7"},"100E":{},"109B":{"t":"GLF5"},"10A1":{"t":"CL60"},"10B5":{"t":"GLF4"},"1136":{"t":"A306"},"1166":{"t":"GLF4"},"132F":{"t":"B737"},"1350":{"t":"B752"},"1380":{"t":"B763"},"13A3":{"t":"F900"},"1422":{"t":"GLEX"},"14B1":{"t":"GLF5"},"14C7":{"t":"CL60"},"14ED":{"t":"A306"},"1515":{"t":"C208"},"171C":{"t":"C750"},"175A":{"t":"GLF5"},"1767":{"t":"F900"},"1780":{"t":"GLEX"},"17A6":{"t":"GLF4"},"17AD":{"t":"GLF5"},"1804":{"t":"GLF5"},"1882":{"t":"CL60"},"1899":{"t":"CL30"},"18A0":{"t":"SR22"},"19F8":{"t":"BE20"},"1A78":{},"1AD2":{"t":"GLEX"},"1AFD":{"t":"A306"},"1CF0":{"t":"GLF3"},"1D3C":{"t":"B763"},"1D47":{"t":"B763"},"1D5E":{},"1DAF":{"t":"GLF4"},"1DB5":{"t":"GL5T"},"1E94":{"t":"FA50"},"1EA3":{"t":"SR22"},"1EA7":{"t":"B744"},"1EB4":{"t":"A306"},"1F59":{"t":"B752"},"1F5A":{"t":"B752"},"1F5D":{"t":"E145"},"1F9D":{"t":"B752"},"1FA1":{"t":"B752"},"1FA3":{"t":"B752"},"1FC1":{"t":"B752"},"1FC7":{"t":"B752"},"20A4":{"t":"B752"},"20F3":{"t":"B763"},"20FE":{"t":"B763"},"226B":{"t":"A306"},"2316":{"t":"BE36"},"245F":{"t":"B752"},"2464":{"t":"B737"},"2491":{"t":"FA7X"},"24B5":{"t":"B763"},"24DF":{},"2544":{"t":"BE30"},"2598":{"t":"GLF3"},"25FE":{"t":"BE20"},"2615":{"t":"B744"},"2622":{"t":"A306"},"280A":{"t":"B752"},"2810":{"t":"A321"},"281B":{"t":"B737"},"2861":{"t":"B763"},"286C":{"t":"B763"},"29CC":{"t":"B744"},"29D9":{"t":"A306"},"29FE":{},"2BCD":{"t":"B752"},"2BD2":{"t":"B737"},"2BE0":{"t":"GLF3"},"2BE4":{"t":"GLF4"},"2C18":{"t":"B763"},"2C23":{"t":"B763"},"2C37":{"t":"BE20"},"2CD6":{"t":"E55P"},"2D83":{"t":"B744"},"2F0D":{"t":"B752"},"2F56":{},"2F78":{"t":"B752"},"2F89":{"t":"B737"},"2FAA":{"t":"B752"},"2FB0":{"t":"F2TH"},"2FB4":{"t":"F900"},"2FCF":{"t":"B763"},"2FDA":{"t":"B763"},"3035":{"t":"E190"},"3091":{"t":"GLF4"},"3235":{"t":"B735"},"333B":{"t":"B752"},"3349":{"t":"GLF4"},"336A":{"t":"EA50"},"3386":{"t":"B763"},"3391":{"t":"B763"},"33EC":{"t":"E190"},"3451":{"t":"C77R"},"34A6":{},"34BF":{"t":"C77R"},"34F1":{"t":"B744"},"365B":{"t":"H25B"},"3687":{"t":"GLF6"},"36E6":{"t":"B752"},"373D":{"t":"B763"},"3748":{"t":"B763"},"38A8":{"t":"B744"},"3A9D":{"t":"B752"},"3AF4":{"t":"B763"},"3C5F":{"t":"B744"},"3E60":{"t":"GLF4"},"3E8C":{"t":"F2TH"},"3E8E":{"t":"GLF4"},"3EA4":{"t":"F900"},"3EE6":{"t":"F900"},"3EEA":{"t":"C25B"},"3F7E":{"t":"F900"},"4008":{"t":"GLEX"},"404D":{"t":"GLEX"},"405F":{"t":"GLEX"},"40C7":{"t":"C180"},"4104":{"t":"B763"},"411B":{},"41B0":{"t":"P28A"},"426F":{"t":"B744"},"42A9":{"t":"C180"},"4480":{"t":"BE60"},"449E":{"t":"C510"},"44A0":{"t":"GLEX"},"44A5":{"t":"GLF4"},"44A6":{},"44BB":{"t":"B763"},"4514":{"t":"C25C"},"452B":{"t":"CL60"},"4626":{"t":"B744"},"46D5":{"t":"E45X"},"46F9":{"t":"B752"},"4700":{"t":"B752"},"4704":{"t":"GLEX"},"47D6":{"t":"GLF4"},"47E4":{"t":"F900"},"4872":{"t":"B763"},"48B3":{"t":"C182"},"48FB":{"t":"C182"},"49DD":{"t":"B744"},"4BBE":{"t":"FA50"},"4BDE":{"t":"B752"},"4C29":{"t":"B763"},"4D09":{"t":"C182"},"4F0D":{"t":"BE36"},"4F52":{"t":"FA50"},"4F75":{"t":"FA50"},"4F95":{"t":"B752"},"4F9A":{"t":"B737"},"4FAB":{"t":"CL30"},"4FE0":{"t":"B763"},"500E":{"t":"F900"},"50FF":{"t":"CL30"},"5139":{"t":"PC12"},"528F":{"t":"BE30"},"534C":{"t":"B752"},"5397":{"t":"B763"},"53D6":{"t":"GLF5"},"53EB":{"t":"GLEX"},"54BE":{"t":"C185"},"55DF":{"t":"GLF5"},"5703":{"t":"B752"},"572A":{"t":"PA46"},"574E":{"t":"B763"},"578D":{"t":"PA31"},"5798":{"t":"M20P"},"5838":{"t":"PC12"},"583C":{"t":"GLF3"},"5911":{},"5A72":{"t":"GLEX"},"5ABA":{"t":"B752"},"5B05":{"t":"B763"},"5BFF":{"t":"FA50"},"5C70":{"t":"B744"},"5E71":{"t":"B752"},"5EBB":{"t":"FA50"},"5EBC":{"t":"B763"},"5ED9":{"t":"GLF5"},"5F2C":{"t":"GL5T"},"5F85":{"t":"C25A"},"6009":{"t":"FA7X"},"604D":{"t":"C550"},"6069":{"t":"C56X"},"60BF":{"t":"B350"},"6228":{"t":"B752"},"6273":{"t":"B763"},"6276":{"t":"E135"},"62E3":{"t":"GLF4"},"631A":{"t":"BE36"},"6362":{"t":"SR22"},"6394":{"t":"FA20"},"63AC":{"t":"PA31"},"64B9":{"t":"GLF5"},"6525":{"t":"C25A"},"6646":{"t":"C550"},"6648":{"t":"XL2"},"6678":{"t":"B350"},"6681":{"t":"GLF3"},"6753":{"t":"BE9T"},"67B3":{"t":"F900"},"67E5":{},"67E6":{},"682C":{"t":"B752"},"6883":{"t":"B763"},"6925":{"t":"BE36"},"6A93":{"t":"B190"},"6ACD":{"t":"B190"},"6AD7":{"t":"GLF4"},"6B01":{"t":"F2TH"},"6B24":{"t":"GLF4"},"6B47":{"t":"GLF5"},"6BE7":{"t":"F900"},"6BEF":{"t":"B752"},"6C3A":{"t":"B763"},"6D7D":{},"6E72":{"t":"GLF5"},"6E7D":{"t":"B752"},"6EBC":{"t":"B752"},"6EC2":{"t":"B752"},"6EE0":{"t":"B752"},"6FA6":{"t":"B752"},"6FB9":{"t":"GLF5"},"6FF1":{"t":"B763"},"706D":{},"70C5":{"t":"GLF4"},"70C8":{"t":"GLF4"},"7121":{"t":"FA50"},"7134":{},"7139":{"t":"SR22"},"713E":{"t":"G150"},"72AC":{"t":"GLF4"},"735D":{"t":"B752"},"73A8":{"t":"B763"},"73CD":{"t":"F900"},"73DE":{"t":"BE30"},"744B":{"t":"GLEX"},"7527":{"t":"A321"},"75FC":{"t":"GLF5"},"7708":{"t":"B752"},"775F":{"t":"B763"},"776F":{"t":"PA46"},"777B":{"t":"C510"},"77DA":{},"7806":{"t":"CL30"},"78CA":{"t":"B744"},"78DE":{"t":"A321"},"7907":{"t":"GLEX"},"79EC":{},"7ACA":{"t":"PA46"},"7ACB":{"t":"B752"},"7B16":{"t":"B763"},"7BD4":{"t":"E55P"},"7C59":{},"7C62":{"t":"FA50"},"7C95":{"t":"A321"},"7DD1":{"t":"GLEX"},"7E76":{"t":"B752"},"7EAA":{"t":"GLF3"},"7ECD":{"t":"B763"},"7F4B":{"t":"C560"},"7F59":{"t":"F2TH"},"7FC1":{"t":"SR20"},"804C":{"t":"A321"},"811C":{"t":"C750"},"81CE":{"t":"CL30"},"8239":{"t":"B752"},"8284":{"t":"B763"},"82FE":{"t":"F2TH"},"830E":{"t":"F2TH"},"8372":{"t":"GLF3"},"83EF":{"t":"B744"},"8403":{"t":"A321"},"854F":{"t":"C172"},"85E4":{"t":"B752"},"863B":{"t":"B763"},"868A":{"t":"GLF4"},"86B3":{"t":"C525"},"8706":{"t":"FA50"},"8853":{"t":"CL30"},"89A7":{"t":"B752"},"89F2":{"t":"B763"},"8A1E":{"t":"FA50"},"8A95":{"t":"GL5T"},"8AC2":{"t":"PA32"},"8AF0":{"t":"PA34"},"8B5D":{"t":"B744"},"8B71":{"t":"A321"},"8BF1":{"t":"SR22"},"8D6E":{"t":"F900"},"8D75":{"t":"M20P"},"8D86":{"t":"GLF4"},"8D8E":{"t":"P28T"},"8DA2":{"t":"GLF4"},"8DD3":{"t":"CL60"},"8DE1":{"t":"LJ31"},"8DE7":{"t":"GALX"},"8E0B":{"t":"GALX"},"8E2E":{"t":"CL60"},"8E6B":{"t":"CL60"},"8E7D":{"t":"GLF5"},"8E84":{},"8E9D":{"t":"GLF4"},"8F0B":{"t":"B737"},"8F1C":{"t":"C680"},"8F5F":{},"8F7D":{"t":"PC12"},"8F9D":{"t":"BE9L"},"8FB1":{},"8FBD":{"t":"C25B"},"9040":{"t":"CL60"},"90ED":{"t":"FA20"},"9153":{},"9176":{},"9203":{"t":"GLEX"},"9219":{"t":"GALX"},"9224":{"t":"GALX"},"9229":{},"9253":{"t":"CL60"},"9272":{"t":"GLF3"},"9278":{"t":"GL5T"},"9282":{"t":"PA31"},"929A":{"t":"GALX"},"92A3":{"t":"P28R"},"92A6":{"t":"F2TH"},"92CD":{"t":"GALX"},"9300":{"t":"GLF4"},"9324":{"t":"GALX"},"9330":{"t":"BE20"},"937F":{},"939A":{"t":"FA50"},"93D3":{"t":"FA50"},"93D8":{"t":"B752"},"9429":{"t":"C680"},"945C":{"t":"F2TH"},"9597":{"t":"C56X"},"95F4":{"t":"BE20"},"978F":{"t":"B752"},"97BE":{"t":"F2TH"},"97EA":{},"985B":{"t":"GLEX"},"99C2":{"t":"C680"},"99EB":{"t":"F2TH"},"9ACD":{"t":"C172"},"9B48":{"t":"B752"},"9B64":{"t":"GLF4"},"9B75":{"t":"F900"},"9B94":{"t":"L39"},"9C77":{"t":"P28T"},"9D27":{"t":"CL60"},"9D28":{"t":"GLF5"},"9D4F":{"t":"PRM1"},"9D5E":{"t":"SR20"},"9DB5":{"t":"A320"},"9DF5":{"t":"GLEX"},"9E9F":{"t":"CL60"},"9EDD":{"t":"H25B"},"9EFF":{"t":"B752"},"A084":{"t":"BE36"},"A116":{"t":"F2TH"},"A12E":{"t":"GALX"},"A16C":{"t":"A320"},"A1B1":{"t":"CL60"},"A218":{"t":"E170"},"A24E":{"t":"F2TH"},"A2A2":{"t":"B772"},"A2B6":{"t":"B752"},"A3C4":{"t":"BE58"},"A4FD":{"t":"SR20"},"A505":{"t":"GL5T"},"A523":{"t":"A320"},"A5B0":{},"A62C":{"t":"P32R"},"A66D":{"t":"B752"},"A712":{"t":"C25A"},"A8DA":{"t":"A320"},"A8DB":{"t":"G280"},"A9A3":{"t":"CRJ2"},"AA10":{"t":"B772"},"AA24":{"t":"B752"},"AAD2":{"t":"BE58"},"AC91":{"t":"A320"},"AD10":{},"AD7B":{"t":"CL60"},"ADBD":{"t":"FA7X"},"ADBF":{"t":"H25A"},"ADDB":{"t":"B752"},"AFC0":{"t":"C208"},"AFC1":{"t":"C208"},"AFD2":{"t":"C208"},"AFDC":{"t":"LJ60"},"B048":{"t":"A320"},"B052":{},"B078":{"t":"PRM1"},"B0B5":{"t":"H25C"},"B0C7":{"t":"CL60"},"B103":{"t":"C208"},"B132":{"t":"CL60"},"B1B3":{"t":"C208"},"B3B3":{"t":"F900"},"B3D2":{},"B3F8":{"t":"F900"},"B400":{"t":"G280"},"B4B9":{"t":"PC12"},"B515":{"t":"F2TH"},"B535":{"t":"B772"},"B5E7":{"t":"B788"},"B730":{"t":"PA46"},"B7AB":{"t":"CL30"},"B7AF":{"t":"GLF4"},"B7BC":{"t":"H25B"},"B85A":{"t":"GLF5"},"B85C":{"t":"C680"},"B8F5":{"t":"SR22"},"B9C0":{"t":"C560"},"B9F9":{"t":"C210"},"BA08":{"t":"F900"},"BA0F":{"t":"A320"},"BABA":{"t":"C210"},"BB03":{"t":"H25B"},"BB1A":{"t":"P210"},"BB4E":{"t":"C210"},"BB6E":{"t":"C56X"},"BCE7":{"t":"GLF4"},"BD8C":{"t":"GLF4"},"BD8E":{"t":"GLF4"},"BDC6":{"t":"A320"},"BDCC":{"t":"B429"},"BDCE":{"t":"GLF4"},"BE0E":{"t":"H25A"},"BE4D":{"t":"GLF4"},"BE80":{"t":"GLEX"},"BFB2":{"t":"B752"},"C183":{},"C1F0":{"t":"GLF4"},"C1FF":{"t":"BE20"},"C237":{"t":"PC12"},"C2B2":{"t":"GALX"},"C2E3":{"t":"GLF4"},"C36B":{"t":"B737"},"C37D":{"t":"AA5"},"C401":{"t":"M20T"},"C4C1":{"t":"GLF3"},"C534":{"t":"A320"},"C54E":{"t":"CL60"},"C6B4":{"t":"GLF2"},"C7D6":{"t":"P28A"},"C863":{},"C89B":{"t":"SR22"},"C8AA":{"t":"M20P"},"C8EB":{"t":"A320"},"C95C":{"t":"F2TH"},"CC39":{"t":"CL30"},"CC61":{"t":"CL30"},"CC71":{"t":"DA40"},"CD91":{"t":"F2TH"},"CDA9":{"t":"P46T"},"D059":{"t":"A320"},"D065":{"t":"P28A"},"D18F":{"t":"B772"},"D39D":{"t":"GALX"},"D3B7":{"t":"SR22"},"D3F9":{"t":"SR22"},"D405":{"t":"B722"},"D421":{"t":"CL30"},"D4A7":{"t":"G150"},"D546":{"t":"B772"},"D74B":{"t":"MD90"},"D77D":{"t":"C240"},"D77E":{"t":"SR22"},"D7A1":{"t":"GLF5"},"D81F":{"t":"GLF4"},"D85E":{},"D8FD":{"t":"B772"},"D943":{"t":"GLF4"},"DB07":{"t":"GALX"},"DB3A":{"t":"B763"},"DB51":{"t":"SR22"},"DBEB":{"t":"C25B"},"DC42":{"t":"SR22"},"DCB4":{"t":"B772"},"DDAF":{"t":"C172"},"DEE1":{"t":"C441"},"DFB8":{"t":"C25A"},"DFD2":{"t":"TBM8"},"DFDB":{"t":"C750"},"DFE1":{"t":"C182"},"DFFB":{},"E026":{"t":"C750"},"E03E":{"t":"CL60"},"E04A":{"t":"G150"},"E04F":{"t":"PA46"},"E051":{"t":"F900"},"E078":{},"E089":{"t":"P210"},"E103":{"t":"F2TH"},"E105":{"t":"SR22"},"E114":{"t":"DC10"},"E11B":{"t":"C25C"},"E124":{"t":"P32R"},"E14A":{"t":"B763"},"E152":{"t":"F2TH"},"E181":{"t":"M20P"},"E203":{"t":"GLF4"},"E281":{"t":"SR22"},"E2C4":{"t":"B772"},"E2CF":{"t":"P46T"},"E2DC":{"t":"BE55"},"E47C":{"t":"C680"},"E4F2":{"t":"SR22"},"E50A":{"t":"GLF5"},"E627":{"t":"F2TH"},"E67B":{"t":"B772"},"E6BC":{"t":"GLF3"},"E6DB":{"t":"PC12"},"E810":{"t":"C182"},"E8CE":{"t":"SR22"},"E8D7":{"t":"SR22"},"E913":{"t":"E50P"},"E97F":{"t":"GLF5"},"E985":{"t":"CL60"},"E99D":{"t":"GLF4"},"E9A1":{"t":"C25A"},"EA14":{"t":"SR22"},"EA32":{"t":"B772"},"EC2C":{"t":"HA4T"},"ECA3":{"t":"FA50"},"ECA4":{"t":"H25B"},"ECBD":{"t":"GLF5"},"ECF5":{"t":"TBM8"},"ED25":{"t":"SR22"},"ED95":{"t":"F2TH"},"EDE9":{"t":"B772"},"EEA7":{"t":"C182"},"EFFE":{"t":"GLF4"},"F018":{"t":"C525"},"F05A":{"t":"CL60"},"F157":{"t":"SR22"},"F1A0":{"t":"B772"},"F3A4":{"t":"CL30"},"F3AA":{"t":"B762"},"F3B6":{"t":"H25B"},"F3C9":{"t":"FA10"},"F3DC":{"t":"GLF4"},"F3E2":{"t":"GLF4"},"F3FD":{"t":"GLF5"},"F4C0":{"t":"CL60"},"F50D":{"t":"S22T"},"F516":{"t":"SR22"},"F557":{"t":"B772"},"F5F3":{"t":"C25C"},"F766":{"t":"SR22"},"F7B2":{"t":"CL60"},"F7E1":{"t":"B752"},"F824":{"t":"CRJ2"},"F86C":{"t":"GLF4"},"F90E":{"t":"B772"},"FB42":{"t":"CL60"},"FBAC":{"t":"E190"},"FBB5":{"t":"F900"},"FC81":{"t":"GLF4"},"FC97":{"t":"C680"},"FCA6":{"t":"GLF4"},"FCC5":{"t":"B772"},"FCFB":{"t":"E135"},"FCFD":{"t":"CL60"},"FDD2":{"t":"P28A"},"FF06":{"t":"C750"},"FF0A":{"t":"SR22"},"FF3F":{"t":"FA50"},"FFAC":{"t":"CL30"}}