{"007B":{"t":"GLF5"},"00B6":{"t":"A332"},"0151":{"t":"CL30"},"0239":{"t":"E145"},"026F":{"t":"MD11"},"048B":{"t":"C25B"},"049C":{"t":"H25B"},"059C":{"t":"P28A"},"0626":{"t":"MD11"},"071B":{"t":"P28T"},"081F":{"t":"B737"},"09DD":{"t":"MD11"},"0BD6":{"t":"B737"},"0CC1":{"t":"P46T"},"0D15":{"t":"C25B"},"0D42":{"t":"F2TH"},"0D56":{"t":"CL30"},"0D94":{"t":"MD11"},"0F9F":{"t":"SR22"},"1013":{"t":"GLF4"},"1092":{"t":"B737"},"13A9":{"t":"SR22"},"1526":{"t":"F900"},"16D1":{"t":"PA32"},"16F0":{"t":"M20P"},"16FB":{"t":"B737"},"1961":{"t":"B788"},"199D":{"t":"COL4"},"1AC9":{"t":"BE35"},"1ACB":{"t":"PA31"},"1AF9":{"t":"GLF3"},"1B21":{"t":"ASTR"},"1B22":{"t":"CL60"},"1B39":{"t":"BE9L"},"1B4F":{"t":"GLF4"},"1B51":{"t":"F900"},"1B59":{"t":"C340"},"1BB3":{"t":"GLF5"},"1BE8":{"t":"GLEX"},"1BEC":{"t":"GLF5"},"1C31":{"t":"GLF4"},"1D81":{"t":"BE9L"},"1D93":{"t":"GLF4"},"1DA7":{},"1DF5":{"t":"F900"},"1DF9":{"t":"F2TH"},"1DFB":{"t":"GLF4"},"1E09":{"t":"GLF3"},"1EFD":{"t":"GLF3"},"1F09":{"t":"CL30"},"1F52":{"t":"GLF5"},"1F61":{"t":"LJ45"},"1F64":{"t":"B737"},"1F83":{"t":"CL30"},"1F94":{"t":"GLF4"},"1FA4":{"t":"CL30"},"1FC7":{"t":"GLF4"},"1FD8":{},"1FDA":{"t":"E55P"},"1FF0":{"t":"C550"},"1FF4":{"t":"CL30"},"1FF6":{"t":"CL30"},"201B":{"t":"GLF4"},"201E":{"t":"C750"},"2033":{"t":"GLF5"},"204C":{"t":"GLF5"},"207C":{"t":"CL30"},"20C1":{"t":"C680"},"20C9":{"t":"E55P"},"20EE":{"t":"CL30"},"2110":{"t":"CL60"},"211D":{"t":"GLF3"},"215D":{"t":"GLF3"},"21AC":{"t":"TEX2"},"2312":{"t":"C510"},"2363":{"t":"B737"},"23A0":{"t":"C180"},"23EA":{"t":"GLF5"},"24B9":{"t":"E55P"},"24D9":{"t":"B763"},"2695":{"t":"C208"},"26CA":{"t":"GLEX"},"271A":{"t":"B737"},"2742":{"t":"DC10"},"2837":{"t":"CL30"},"2862":{"t":"GLF3"},"2890":{"t":"B763"},"2AD1":{"t":"B737"},"2AEE":{"t":"BE58"},"2AF9":{"t":"DC10"},"2C2E":{"t":"GLF4"},"2C47":{"t":"B763"},"2C7C":{"t":"CL30"},"2D29":{"t":"C208"},"2D69":{"t":"C208"},"2E63":{"t":"GLEX"},"2E88":{"t":"B737"},"2EB0":{"t":"DC10"},"2EB6":{"t":"E55P"},"2FFE":{"t":"B763"},"321A":{"t":"GLEX"},"321D":{"t":"GLF4"},"3222":{"t":"CL30"},"323F":{"t":"B737"},"3267":{"t":"DC10"},"327C":{"t":"G150"},"32EB":{"t":"GLF4"},"330E":{},"333C":{"t":"SR22"},"3378":{"t":"H25B"},"3391":{"t":"GLF4"},"33B5":{"t":"B763"},"33E5":{"t":"CL30"},"343D":{"t":"GLF5"},"3594":{"t":"C210"},"35F6":{"t":"B737"},"361E":{"t":"DC10"},"3624":{"t":"E55P"},"3666":{"t":"E190"},"3674":{"t":"C25A"},"3757":{"t":"GLF4"},"376C":{"t":"B763"},"3965":{"t":"B737"},"39AD":{"t":"B737"},"39D5":{"t":"DC10"},"39DB":{},"3B23":{"t":"B763"},"3D0C":{"t":"GLF4"},"3D1C":{"t":"B737"},"3D45":{"t":"C208"},"3D4C":{"t":"CL60"},"3D52":{"t":"C750"},"3D5A":{"t":"B737"},"3D8C":{"t":"DC10"},"3DB2":{"t":"C25B"},"3E26":{"t":"E55P"},"3E85":{"t":"DH8A"},"3EAC":{"t":"P46T"},"3ECC":{"t":"F2TH"},"3EDA":{"t":"B763"},"40D3":{"t":"B737"},"4111":{"t":"B737"},"41E5":{"t":"B734"},"4291":{"t":"B763"},"4358":{"t":"B788"},"46DA":{"t":"C310"},"4721":{"t":"B737"},"473E":{"t":"GLF4"},"4740":{"t":"GLF4"},"4768":{},"476E":{"t":"C310"},"4770":{"t":"GLF4"},"47F5":{"t":"B734"},"4884":{"t":"CL60"},"4893":{"t":"F2TH"},"48A1":{"t":"B763"},"494A":{"t":"P32R"},"4A8F":{"t":"B721"},"4A9A":{"t":"B737"},"4AAF":{"t":"FA50"},"4AC1":{"t":"GLF5"},"4AF7":{"t":"GLF4"},"4B10":{},"4B51":{"t":"F900"},"4C3B":{"t":"GLF5"},"4C58":{"t":"B763"},"4CE2":{},"4D68":{"t":"P46T"},"4D8A":{"t":"P46T"},"4DDE":{"t":"PA46"},"4E40":{"t":"B762"},"4E4B":{"t":"CL60"},"4E51":{"t":"B737"},"4EAE":{"t":"GLF4"},"4EC1":{"t":"DC10"},"4EC7":{"t":"E55P"},"4F3A":{"t":"B763"},"4F84":{"t":"F900"},"4F98":{"t":"F900"},"4FD1":{"t":"C25A"},"500F":{"t":"B763"},"5208":{"t":"B737"},"520A":{"t":"F2TH"},"5210":{"t":"BE30"},"522B":{"t":"F2TH"},"5252":{"t":"CL30"},"5278":{"t":"DC10"},"52CF":{},"5373":{"t":"GLEX"},"5374":{"t":"GLF5"},"53C6":{"t":"B763"},"562F":{"t":"DC10"},"5635":{},"5759":{"t":"H25B"},"577D":{"t":"B763"},"5965":{"t":"B762"},"5976":{"t":"B737"},"599B":{"t":"SR22"},"599F":{"t":"C25B"},"59A6":{"t":"AT43"},"59E6":{"t":"DC10"},"5A81":{"t":"GLF4"},"5AA9":{"t":"C310"},"5AE2":{"t":"GLF5"},"5B06":{"t":"B752"},"5B1E":{"t":"B737"},"5B34":{"t":"B763"},"5D2D":{"t":"B737"},"5D38":{"t":"C25B"},"5D59":{"t":"B763"},"5D70":{},"5D9D":{"t":"DC10"},"5DA3":{"t":"E55P"},"5DC2":{"t":"GLEX"},"5DE5":{"t":"E190"},"5EBC":{"t":"F900"},"5ED1":{"t":"M20T"},"5EEB":{"t":"B763"},"5F0F":{"t":"B350"},"6107":{"t":"H25B"},"6110":{"t":"B763"},"6154":{"t":"DC10"},"615A":{"t":"E50P"},"61A6":{"t":"C560"},"61EE":{"t":"GLF4"},"61F0":{"t":"C56X"},"62A2":{"t":"B763"},"62BB":{},"6490":{"t":"GLF5"},"649B":{"t":"B737"},"64C9":{"t":"SR22"},"650B":{"t":"DC10"},"6511":{"t":"E55P"},"663B":{"t":"SR22"},"6659":{"t":"B763"},"66AC":{"t":"GLF5"},"6756":{"t":"C414"},"680F":{"t":"H25B"},"687E":{"t":"B763"},"68C2":{"t":"DC10"},"68C8":{"t":"E55P"},"6A10":{"t":"B763"},"6AF7":{"t":"P32R"},"6B95":{"t":"HA4T"},"6C14":{"t":"GLF5"},"6C33":{"t":"PA46"},"6D13":{"t":"GLF3"},"6D3D":{"t":"LJ35"},"6D4C":{},"6DAC":{"t":"GALX"},"6ED2":{"t":"DC10"},"6EFC":{"t":"GLEX"},"6F73":{"t":"PA30"},"7020":{"t":"B763"},"7249":{"t":"PA46"},"7289":{"t":"DC10"},"72F3":{},"73FB":{"t":"SR20"},"746C":{"t":"H25B"},"755B":{"t":"H25B"},"75FE":{"t":"F900"},"763C":{"t":"GLEX"},"7646":{"t":"E55P"},"7750":{},"7755":{"t":"B744"},"778E":{"t":"B763"},"7992":{"t":"GLF5"},"79E0":{"t":"F2TH"},"7B0E":{},"7B45":{"t":"B763"},"7B48":{"t":"A320"},"7D45":{"t":"CL60"},"7D74":{"t":"GLF5"},"7DB4":{"t":"E55P"},"7DB7":{"t":"GLF4"},"7DEC":{"t":"C510"},"7E05":{"t":"TBM7"},"7EFC":{"t":"B763"},"80FC":{"t":"F2TH"},"8171":{},"82B3":{"t":"B763"},"82B6":{"t":"A320"},"84AC":{"t":"B737"},"84B2":{"t":"GLF4"},"8513":{"t":"F2TH"},"8566":{"t":"GLF4"},"85A9":{"t":"F2TH"},"8644":{"t":"SIRA"},"866A":{"t":"B763"},"89F5":{"t":"C680"},"8A05":{"t":"GLF4"},"8A21":{"t":"B763"},"8C1A":{"t":"B737"},"8D27":{"t":"GLF5"},"8DD8":{"t":"B763"},"8FD1":{"t":"B737"},"8FF7":{"t":"C25C"},"9089":{"t":"E190"},"918F":{"t":"B763"},"93C1":{"t":"F2TH"},"9473":{"t":"F900"},"9489":{"t":"GLF5"},"94B0":{"t":"C510"},"94B7":{},"94C9":{"t":"B06"},"9554":{"t":"HA4T"},"9588":{"t":"GLF5"},"95D6":{"t":"E55P"},"95E1":{"t":"B737"},"9621":{},"971E":{"t":"C25B"},"979F":{"t":"B763"},"97D3":{"t":"GLF3"},"99D4":{"t":"F2TH"},"9A9C":{"t":"F900"},"9B56":{"t":"B763"},"9BFA":{"t":"B752"},"9C62":{"t":"B752"},"9D6B":{"t":"SR22"},"9DD0":{"t":"CL60"},"9E5C":{"t":"GLF5"},"9E7E":{"t":"A320"},"9ECF":{"t":"C25B"},"9F0D":{"t":"B763"},"A144":{"t":"M20T"},"A150":{"t":"CL60"},"A15B":{"t":"GLF4"},"A211":{"t":"M20T"},"A250":{"t":"GLF4"},"A29C":{"t":"GLF4"},"A3C1":{"t":"C340"},"A44A":{"t":"CL30"},"A4B1":{"t":"LJ45"},"A53E":{"t":"CL60"},"A67B":{"t":"B763"},"A873":{},"A8F5":{"t":"CL60"},"A967":{"t":"GLF4"},"A96D":{},"AA32":{"t":"B763"},"AC2B":{"t":"B737"},"ACAC":{"t":"CL60"},"ADE9":{"t":"B763"},"AFE2":{"t":"B737"},"B005":{"t":"C560"},"B063":{"t":"CL60"},"B09A":{"t":"E190"},"B17F":{"t":"P46T"},"B185":{"t":"SR22"},"B1A0":{"t":"B763"},"B399":{"t":"B737"},"B3D4":{"t":"PA46"},"B41A":{"t":"CL60"},"B4A6":{"t":"GLF4"},"B53E":{"t":"GLEX"},"B548":{"t":"GLF4"},"B557":{"t":"B763"},"B722":{"t":"GL5T"},"B7D1":{"t":"CL60"},"B90E":{"t":"B763"},"BB73":{},"BC72":{"t":"BE9L"},"BCB7":{"t":"GLEX"},"BD12":{"t":"LJ45"},"BDE1":{"t":"CL60"},"BDEA":{"t":"GL5T"},"BDEB":{"t":"C340"},"BDED":{"t":"C340"},"BEF2":{"t":"C340"},"BF1E":{"t":"B763"},"BF82":{"t":"C340"},"BF9E":{"t":"C340"},"C113":{"t":"F2TH"},"C19C":{},"C2D5":{"t":"B763"},"C3E0":{"t":"B752"},"C3E6":{"t":"B752"},"C4C9":{"t":"B763"},"C4CA":{"t":"GLF4"},"C4D0":{"t":"A332"},"C4D2":{"t":"B763"},"C500":{"t":"B737"},"C54F":{"t":"CL60"},"C68C":{"t":"B763"},"C71D":{"t":"BE20"},"C880":{"t":"B763"},"C883":{"t":"GLF5"},"C8C4":{"t":"GLEX"},"C906":{"t":"CL60"},"C98D":{"t":"F900"},"C9FA":{"t":"PA46"},"CA1E":{"t":"TRIN"},"CA43":{"t":"B763"},"CC2B":{"t":"GLF4"},"CC37":{"t":"B763"},"CC3C":{"t":"B737"},"CD7A":{"t":"E55P"},"CDB2":{"t":"GLF5"},"CDFA":{"t":"B763"},"CF4F":{"t":"B739"},"CFE2":{"t":"GLF4"},"CFEE":{"t":"B763"},"D05E":{},"D07A":{"t":"ASTR"},"D082":{"t":"GLF2"},"D0DE":{"t":"GLF5"},"D0ED":{"t":"C25B"},"D163":{"t":"LJ45"},"D18C":{"t":"TRIN"},"D1B1":{"t":"B763"},"D1F0":{"t":"CL60"},"D3A5":{"t":"B763"},"D3B2":{"t":"BE20"},"D3F8":{"t":"C340"},"D474":{"t":"P46T"},"D4E0":{"t":"F2TH"},"D568":{"t":"B763"},"D70C":{"t":"BE40"},"D75C":{"t":"B763"},"D91F":{"t":"B763"},"DB13":{"t":"B763"},"DCC0":{"t":"SR22"},"DCD6":{"t":"B763"},"DEC7":{"t":"HA4T"},"DECA":{"t":"B763"},"DF6C":{"t":"F900"},"DF95":{"t":"CL60"},"DF9E":{"t":"GLF4"},"E00A":{"t":"DH8B"},"E08D":{"t":"B763"},"E19E":{"t":"C177"},"E213":{"t":"H25B"},"E27B":{"t":"A109"},"E27F":{"t":"DA42"},"E322":{"t":"GLF3"},"E403":{"t":"F900"},"E469":{},"E47F":{"t":"PC12"},"E4B1":{},"E4DA":{"t":"B763"},"E533":{"t":"B350"},"E547":{"t":"FBA2"},"E554":{"t":"GLF4"},"E614":{"t":"PA31"},"E624":{"t":"B350"},"E648":{"t":"B350"},"E69D":{"t":"B763"},"E885":{"t":"B763"},"E88D":{"t":"C25B"},"E89A":{"t":"B763"},"E8B8":{"t":"BE20"},"EA22":{"t":"H25B"},"EA54":{"t":"B763"},"EA68":{"t":"CL35"},"EC3C":{"t":"B763"},"EC40":{"t":"F900"},"EC41":{"t":"F900"},"EC49":{"t":"CL60"},"EC57":{"t":"B350"},"EC5C":{"t":"GLF4"},"EC71":{"t":"SR22"},"EC79":{"t":"PA46"},"EE0B":{"t":"B763"},"EE31":{"t":"FA50"},"EFA2":{"t":"B738"},"EFF3":{"t":"B763"},"F004":{"t":"B737"},"F106":{"t":"GLF3"},"F13A":{"t":"CL30"},"F13F":{"t":"DH8B"},"F1C2":{"t":"B763"},"F1CE":{"t":"GLF3"},"F1E9":{"t":"C750"},"F31C":{},"F362":{"t":"BE10"},"F3AA":{"t":"B763"},"F3BB":{"t":"B737"},"F3E4":{"t":"C25B"},"F579":{"t":"B763"},"F6D3":{"t":"GLF5"},"F708":{"t":"C206"},"F761":{"t":"B763"},"F80B":{"t":"C172"},"F876":{"t":"B743"},"F8B1":{"t":"P46T"},"F930":{"t":"B763"},"FB40":{"t":"GLF3"},"FB94":{"t":"TBM7"},"FCE7":{"t":"B763"},"FECF":{"t":"B763"},"FF50":{"t":"DC10"},"FFBB":{"t":"GLF3"}}