{"0023":{"t":"GLF3"},"0050":{"t":"B350"},"007C":{"t":"E135"},"009E":{"t":"B763"},"0286":{"t":"B763"},"0307":{"t":"DC10"},"03AA":{"t":"B738"},"03CA":{"t":"LJ60"},"0455":{"t":"B763"},"05B3":{"t":"PA31"},"063D":{"t":"B763"},"0671":{"t":"C56X"},"06BE":{"t":"DC10"},"06CF":{"t":"E55P"},"080C":{"t":"B763"},"0817":{"t":"CL60"},"0978":{"t":"AC50"},"0A3F":{"t":"GLF3"},"0A65":{"t":"F2TH"},"0A6A":{},"0A74":{"t":"EA50"},"0A9D":{"t":"GLF5"},"0AF4":{"t":"GLEX"},"0B7A":{"t":"GLF2"},"0B96":{"t":"BE36"},"0BA4":{"t":"F2TH"},"0BB1":{"t":"PA31"},"0C4B":{"t":"CL60"},"0C4D":{"t":"B763"},"0C6E":{"t":"B737"},"0C88":{"t":"C25B"},"0CCE":{"t":"DC10"},"0D0C":{"t":"C560"},"0D47":{"t":"GLEX"},"0D92":{"t":"CL30"},"0D9B":{"t":"C25A"},"0D9C":{"t":"CL60"},"0DE7":{"t":"CL60"},"0DF9":{"t":"C25B"},"0E1C":{"t":"B763"},"0E41":{"t":"B733"},"0EBA":{"t":"SR22"},"1004":{"t":"B763"},"104F":{"t":"A320"},"1068":{"t":"BE20"},"1085":{"t":"DC10"},"10E4":{"t":"F900"},"11D3":{"t":"B763"},"1379":{"t":"A319"},"13BB":{"t":"B763"},"13F8":{},"1407":{},"143C":{"t":"DC10"},"14E8":{"t":"A319"},"1722":{"t":"B738"},"1772":{"t":"B763"},"177F":{"t":"C680"},"17AF":{},"17D6":{"t":"BE20"},"17F3":{"t":"DC10"},"1849":{"t":"P46T"},"1897":{"t":"C510"},"1944":{"t":"M20T"},"1AB6":{"t":"C180"},"1B39":{"t":"B744"},"1B66":{"t":"B763"},"1DBA":{"t":"AEST"},"1E29":{"t":"B739"},"1E2C":{"t":"B739"},"1E90":{"t":"B739"},"1F1A":{"t":"GLEX"},"1F1D":{"t":"B763"},"1F61":{"t":"DC10"},"20D4":{"t":"C550"},"2297":{"t":"B763"},"22CC":{"t":"SR22"},"22E7":{"t":"E145"},"2318":{"t":"DC10"},"235F":{"t":"GLF3"},"25DE":{"t":"BE36"},"26CF":{"t":"DC10"},"27F9":{},"2A05":{"t":"B763"},"2A0B":{"t":"GLF4"},"2A86":{"t":"DC10"},"2ABD":{"t":"GLEX"},"2B53":{},"2DBC":{"t":"B763"},"2E1F":{"t":"H500"},"2F5D":{"t":"PA46"},"3289":{"t":"F2TH"},"32B5":{"t":"B734"},"32FB":{"t":"PA46"},"3345":{"t":"PA34"},"334F":{"t":"C421"},"337C":{"t":"FA50"},"33CC":{"t":"B763"},"33E7":{"t":"B732"},"343A":{"t":"CL30"},"344D":{"t":"DC10"},"3585":{"t":"CL60"},"3667":{"t":"B772"},"3677":{"t":"PA22"},"3783":{"t":"B763"},"3789":{},"379E":{"t":"B738"},"3804":{"t":"DC10"},"380D":{"t":"GLF4"},"3818":{"t":"CL60"},"384D":{"t":"GLF5"},"3AEA":{"t":"BE30"},"3B1F":{},"3B3A":{"t":"B763"},"3B4A":{"t":"G150"},"3B59":{"t":"GLF5"},"3BBB":{"t":"DC10"},"3BCF":{"t":"CL60"},"3DAA":{"t":"BE9L"},"3EA2":{"t":"B738"},"3EA3":{"t":"B738"},"3EA6":{"t":"B738"},"3EC9":{"t":"B738"},"3EE8":{"t":"B738"},"3EED":{"t":"B738"},"3EF1":{"t":"B763"},"3EF2":{"t":"C750"},"3F48":{"t":"FA20"},"3F72":{"t":"DC10"},"3F86":{"t":"CL60"},"3F87":{"t":"GALX"},"4069":{},"4078":{"t":"FA50"},"4082":{"t":"GLEX"},"421A":{"t":"CL60"},"42A8":{"t":"B763"},"433D":{"t":"CL60"},"4447":{"t":"SR22"},"453E":{"t":"B739"},"4544":{"t":"B739"},"455E":{"t":"B739"},"4560":{"t":"B739"},"4565":{"t":"B739"},"4585":{"t":"B739"},"4588":{"t":"B739"},"45CD":{"t":"B739"},"45EC":{"t":"B739"},"45EF":{"t":"B739"},"45F0":{"t":"B739"},"45F2":{"t":"B739"},"460D":{"t":"B739"},"46E0":{"t":"DC10"},"46F4":{"t":"GLEX"},"47F1":{"t":"F900"},"4854":{"t":"GL5T"},"4973":{"t":"C130"},"4A22":{"t":"B763"},"4AAB":{"t":"GL5T"},"4DD9":{"t":"B763"},"4E07":{"t":"B737"},"4E4E":{"t":"DC10"},"4E6E":{"t":"F2TH"},"5072":{"t":"B738"},"5091":{"t":"B738"},"5190":{"t":"B763"},"5199":{"t":"B763"},"527D":{"t":"GLF5"},"5298":{"t":"GLF3"},"54B5":{},"54F5":{"t":"GLF5"},"553B":{"t":"B763"},"5586":{"t":"B738"},"55D0":{"t":"GLEX"},"55D1":{},"56D6":{"t":"C25B"},"5963":{"t":"SR22"},"5A2E":{"t":"C560"},"5B57":{"t":"B763"},"5B5A":{"t":"C25A"},"5B8C":{"t":"C525"},"5BEE":{"t":"H25B"},"5BFA":{"t":"A332"},"5D3F":{"t":"MD11"},"5F0E":{"t":"B763"},"5F83":{"t":"DC10"},"5FAD":{"t":"GLEX"},"5FB1":{"t":"A332"},"60F6":{"t":"MD11"},"618A":{"t":"P210"},"62C2":{"t":"GLEX"},"62C5":{"t":"B763"},"634E":{"t":"GALX"},"6368":{"t":"A332"},"64AD":{"t":"MD11"},"65DF":{"t":"B738"},"667C":{"t":"B763"},"66AA":{"t":"C25B"},"66F1":{"t":"DC10"},"671F":{"t":"A332"},"6738":{"t":"GLF5"},"675A":{"t":"GLF4"},"6772":{"t":"LJ60"},"677A":{"t":"GLF5"},"6864":{"t":"MD11"},"6A27":{"t":"B763"},"6A41":{"t":"GLF3"},"6AA8":{"t":"DC10"},"6AD6":{"t":"A332"},"6B47":{"t":"CL60"},"6C1B":{"t":"MD11"},"6CC1":{"t":"B739"},"6CE1":{"t":"B739"},"6D26":{"t":"B739"},"6D29":{"t":"B739"},"6D47":{"t":"B739"},"6D4A":{"t":"B739"},"6D4E":{"t":"B739"},"6D4F":{"t":"B739"},"6D8F":{"t":"B739"},"6DE9":{"t":"B763"},"6E21":{"t":"CL60"},"6E5F":{"t":"DC10"},"6E81":{"t":"GLF4"},"6E8D":{"t":"A332"},"6F26":{"t":"GLF4"},"6FDC":{"t":"GLF5"},"7195":{"t":"B763"},"7216":{"t":"DC10"},"7244":{"t":"A332"},"7260":{"t":"GLF4"},"7478":{},"7557":{"t":"B763"},"7561":{"t":"B763"},"75CD":{"t":"DC10"},"7809":{"t":"B737"},"7898":{"t":"GLEX"},"7903":{"t":"B763"},"7905":{"t":"GLF5"},"7935":{"t":"GLF4"},"79A9":{"t":"F900"},"79B2":{"t":"A332"},"7A0D":{"t":"L101"},"7A21":{"t":"GLF3"},"7A7F":{"t":"GL5T"},"7B07":{"t":"CL30"},"7CBA":{"t":"B763"},"7D3B":{"t":"DC10"},"7D69":{"t":"A332"},"7FDE":{"t":"B789"},"806F":{},"8074":{"t":"BE36"},"80A6":{"t":"CL60"},"81AA":{"t":"F900"},"82CA":{"t":"B763"},"8316":{"t":"CL30"},"8340":{"t":"PRM1"},"834B":{"t":"DC10"},"840E":{"t":"PRM1"},"8681":{"t":"B763"},"8717":{"t":"G150"},"8A44":{"t":"B763"},"8A48":{"t":"E55P"},"8AB9":{"t":"DC10"},"8B11":{"t":"CL60"},"8DFB":{"t":"B763"},"8E1B":{"t":"GLEX"},"8E1F":{"t":"GLEX"},"8E4A":{"t":"B738"},"9114":{"t":"B763"},"9135":{"t":"B763"},"9136":{"t":"B763"},"9138":{"t":"B763"},"91AF":{"t":"GLF4"},"91B2":{"t":"B763"},"91B6":{},"91E1":{"t":"C680"},"91FB":{"t":"B763"},"9227":{"t":"DC10"},"933A":{"t":"PA46"},"935E":{"t":"GLF4"},"943E":{"t":"B739"},"943F":{"t":"B739"},"9441":{"t":"B739"},"945F":{"t":"B739"},"94C5":{"t":"B739"},"94E9":{"t":"B739"},"94EB":{"t":"B739"},"9510":{"t":"B739"},"9569":{"t":"B763"},"95D3":{},"95DE":{"t":"DC10"},"9920":{"t":"B763"},"9929":{"t":"B763"},"9995":{"t":"DC10"},"9A50":{"t":"GLF4"},"9AD5":{"t":"GLF4"},"9B89":{"t":"PA34"},"9CD7":{"t":"B763"},"9D08":{"t":"C510"},"9D4C":{"t":"DC10"},"9FD2":{"t":"CL30"},"9FD4":{"t":"PA46"},"A08E":{"t":"B763"},"A103":{"t":"DC10"},"A445":{"t":"B763"},"A4BA":{"t":"DC10"},"A4DF":{"t":"GLEX"},"A567":{"t":"CL30"},"A62E":{"t":"CL60"},"A800":{"t":"CL60"},"A82F":{"t":"GLF5"},"A86F":{"t":"GLF4"},"A902":{"t":"C25C"},"A90D":{"t":"M20P"},"A92B":{"t":"GLF2"},"A93B":{"t":"GLF5"},"A954":{"t":"F2TH"},"A958":{"t":"BE20"},"A998":{"t":"GLEX"},"AA49":{"t":"GLF4"},"AA5B":{"t":"M20T"},"AAA0":{"t":"TBM7"},"AABA":{"t":"C551"},"AB32":{"t":"GLF4"},"ABAF":{"t":"GLF4"},"ABF9":{"t":"F2TH"},"AC58":{"t":"CL60"},"AC65":{"t":"LJ45"},"AC6E":{"t":"BE20"},"ACAA":{"t":"BE40"},"ACDD":{"t":"GLF4"},"AD0C":{"t":"BE20"},"AD16":{"t":"CL60"},"AD17":{"t":"C25C"},"AD27":{"t":"GLF4"},"AD3C":{"t":"C172"},"AD4D":{"t":"GLEX"},"AD56":{},"AD69":{"t":"GLF4"},"AD6D":{"t":"C750"},"AD87":{"t":"FA50"},"ADC2":{"t":"GLF4"},"ADC9":{"t":"M20T"},"AE32":{"t":"B744"},"AE6D":{},"AEAC":{"t":"GLF3"},"AEC0":{"t":"BE40"},"AEDE":{"t":"E400"},"AFE5":{"t":"DC10"},"B0E7":{"t":"GLF4"},"B109":{"t":"GLF5"},"B10D":{"t":"GLF5"},"B155":{},"B18E":{"t":"CL60"},"B1C7":{"t":"GLF4"},"B1D8":{"t":"CL60"},"B1E9":{"t":"B744"},"B228":{"t":"B752"},"B433":{"t":"BE9T"},"B479":{"t":"CL30"},"B486":{"t":"BE58"},"B491":{"t":"A310"},"B49E":{"t":"GLF4"},"B50C":{},"B5A4":{"t":"HA4T"},"B5DF":{"t":"B752"},"B62E":{},"B7DB":{"t":"CRJ2"},"B848":{"t":"A310"},"B8BF":{"t":"B744"},"B8C3":{},"B8CC":{"t":"GALX"},"B8F6":{"t":"C25B"},"B935":{"t":"GLF4"},"B971":{"t":"GLF4"},"B996":{"t":"B752"},"BB80":{"t":"GLF4"},"BB99":{"t":"F900"},"BBC7":{"t":"C510"},"BC05":{"t":"BE40"},"BC33":{"t":"CL60"},"BC3C":{"t":"FA20"},"BC7A":{"t":"C130"},"BCAA":{"t":"GLEX"},"BCEC":{"t":"GLF4"},"BD09":{"t":"SR22"},"BD36":{"t":"F900"},"BD4D":{"t":"B752"},"BD63":{"t":"GLEX"},"BDB9":{"t":"E170"},"BECD":{"t":"BE20"},"BFB5":{},"BFB6":{"t":"A310"},"BFCB":{"t":"GLF5"},"BFEA":{"t":"GLF5"},"C02F":{"t":"H25B"},"C031":{"t":"C130"},"C03A":{"t":"GLF5"},"C05D":{"t":"A320"},"C07C":{"t":"LJ35"},"C0A3":{"t":"GLF4"},"C0E7":{"t":"LJ60"},"C104":{"t":"B752"},"C2F4":{"t":"SR22"},"C3CD":{"t":"BE20"},"C4BB":{"t":"B752"},"C6CF":{"t":"A320"},"C73B":{"t":"GLF4"},"C74E":{"t":"B407"},"C795":{"t":"FA7X"},"C7C1":{"t":"B407"},"C7DF":{"t":"GLF4"},"C872":{"t":"B752"},"CB6F":{"t":"B744"},"CBC8":{"t":"GLF4"},"CBE5":{"t":"R44"},"CC1B":{"t":"HA4T"},"CC29":{"t":"B752"},"CC95":{"t":"E170"},"CD88":{"t":"PA31"},"CE25":{"t":"CRJ2"},"CEA8":{"t":"F2TH"},"CF26":{"t":"B744"},"CFE0":{"t":"B752"},"D1DA":{},"D20F":{"t":"DC86"},"D256":{"t":"PA30"},"D266":{"t":"LJ35"},"D2CA":{"t":"C421"},"D2F7":{"t":"C25B"},"D435":{"t":"CRJ2"},"D4A2":{"t":"A310"},"D502":{"t":"F900"},"D526":{"t":"GLF5"},"D533":{"t":"GLF5"},"D577":{"t":"BE20"},"D5B1":{},"D5CD":{},"D5EB":{"t":"GLF3"},"D5F0":{"t":"B752"},"D7F3":{"t":"P28A"},"D859":{"t":"A310"},"D8D7":{"t":"B763"},"D8EE":{"t":"PA46"},"D902":{"t":"C421"},"D946":{"t":"GLF4"},"D979":{"t":"CL30"},"D9A7":{"t":"B752"},"D9E0":{"t":"GLF5"},"DAB6":{"t":"B752"},"DAD4":{"t":"B752"},"DBA3":{"t":"CRJ2"},"DBAA":{"t":"B733"},"DCA4":{"t":"B744"},"DCA5":{"t":"PC12"},"DCB6":{"t":"PC12"},"DCE1":{},"DD3D":{"t":"HA4T"},"DD5E":{"t":"B752"},"DE4D":{"t":"C208"},"DF56":{"t":"B739"},"DF5A":{"t":"CRJ2"},"E013":{"t":"C340"},"E09C":{"t":"SR20"},"E0B4":{"t":"GLF4"},"E108":{"t":"A320"},"E115":{"t":"B752"},"E34F":{"t":"CL30"},"E36C":{"t":"C414"},"E371":{"t":"C414"},"E391":{"t":"C414"},"E411":{"t":"PTS2"},"E446":{"t":"H25B"},"E4B5":{"t":"F2TH"},"E4CC":{"t":"B752"},"E550":{"t":"CRJ2"},"E5ED":{"t":"P28A"},"E7C9":{"t":"B744"},"E7DC":{"t":"A320"},"E7F8":{"t":"GLF5"},"E822":{"t":"GLF4"},"E82C":{"t":"BE20"},"E883":{"t":"B752"},"E94F":{"t":"PA46"},"EA85":{"t":"GLEX"},"EA87":{"t":"GLEX"},"EB4E":{"t":"F900"},"EB80":{"t":"B744"},"EBD9":{"t":"GLF4"},"EC3A":{"t":"B752"},"EC6A":{"t":"GLF3"},"EE36":{"t":"CRJ2"},"EEA3":{"t":"A310"},"EEB8":{},"EF29":{"t":"P28A"},"EFA2":{"t":"PA46"},"EFF1":{"t":"B752"},"F086":{"t":"B350"},"F1A6":{"t":"P32R"},"F1ED":{"t":"CRJ2"},"F25A":{"t":"A310"},"F2D3":{"t":"B763"},"F2EE":{"t":"B744"},"F36F":{"t":"GLF5"},"F3A8":{"t":"B752"},"F3DD":{"t":"BE58"},"F5D3":{"t":"B735"},"F611":{"t":"A310"},"F6A5":{"t":"B744"},"F75F":{"t":"B752"},"F786":{"t":"ASTR"},"F9AF":{"t":"CL60"},"F9E5":{"t":"CL30"},"FA0E":{"t":"BE20"},"FA73":{"t":"FA50"},"FB05":{"t":"SR22"},"FBDC":{"t":"FA50"},"FC9A":{"t":"B763"},"FCE8":{"t":"F900"},"FD0E":{"t":"GLF4"},"FD39":{"t":"CL60"},"FD62":{"t":"A320"},"FD6F":{"t":"B752"},"FF61":{"t":"GLEX"},"FFA5":{"t":"C421"},"FFD8":{"t":"A310"},"FFDF":{"t":"C421"}}