{"0052":{"t":"GLF4"},"02CC":{"t":"FA7X"},"0312":{"t":"B742"},"0331":{"t":"G150"},"0409":{"t":"GLF4"},"068B":{"t":"GLEX"},"06C9":{"t":"B742"},"07CB":{"t":"GALX"},"082F":{"t":"H25B"},"0A80":{"t":"B742"},"0B77":{"t":"GLF4"},"0EBD":{"t":"C560"},"0F0E":{"t":"P46T"},"1090":{"t":"B742"},"10AF":{},"1187":{"t":"GLF4"},"11A8":{"t":"F900"},"1436":{"t":"GLF4"},"1447":{"t":"B744"},"1579":{"t":"A320"},"1584":{"t":"BE40"},"179F":{"t":"TBM8"},"17A1":{},"17FE":{"t":"B744"},"189C":{"t":"B744"},"18F5":{"t":"GLF4"},"1930":{"t":"A320"},"1B44":{"t":"B737"},"1B78":{"t":"C25A"},"1BB5":{"t":"B744"},"1C53":{"t":"B744"},"1CE7":{"t":"A320"},"1F5B":{"t":"GLF4"},"209E":{"t":"A320"},"209F":{"t":"C25A"},"241A":{"t":"GLF4"},"2455":{"t":"A320"},"2665":{"t":"FA7X"},"26F8":{"t":"M20P"},"2778":{"t":"B744"},"27B9":{"t":"FA50"},"280C":{"t":"A320"},"2A20":{"t":"H25B"},"2A80":{"t":"CL30"},"2B2F":{"t":"B744"},"2BC3":{"t":"A320"},"2C34":{"t":"BE40"},"2CEB":{},"2DE2":{"t":"AT75"},"2EE6":{"t":"B744"},"2F3F":{"t":"GLF4"},"2F7A":{"t":"A320"},"300D":{"t":"C525"},"329D":{"t":"B744"},"32AB":{"t":"P28A"},"32BB":{},"32CD":{"t":"H25B"},"32F6":{"t":"GLF4"},"3331":{"t":"A320"},"35C1":{"t":"C750"},"35DA":{"t":"GLF4"},"35E3":{"t":"C25B"},"35E8":{"t":"GLF5"},"3643":{"t":"PA31"},"3654":{"t":"GLF4"},"3660":{"t":"C25B"},"3665":{"t":"F900"},"3671":{"t":"GLF4"},"3682":{"t":"BE36"},"368A":{"t":"GLF5"},"36B9":{"t":"GLF4"},"36CF":{"t":"GLF5"},"36E7":{"t":"C750"},"3704":{"t":"C525"},"3713":{"t":"GLEX"},"371F":{"t":"FA50"},"3722":{"t":"F900"},"372A":{"t":"GLF5"},"372C":{},"37AE":{"t":"AC11"},"37F3":{"t":"GL5T"},"3800":{"t":"GLF4"},"381A":{"t":"FA50"},"382A":{"t":"FA50"},"3847":{"t":"GLF5"},"3864":{"t":"GLF5"},"387B":{"t":"GLF5"},"387F":{"t":"BE20"},"3893":{"t":"F900"},"389B":{"t":"LJ60"},"3934":{"t":"FA50"},"3943":{"t":"B737"},"3947":{"t":"F2TH"},"39A7":{"t":"GL5T"},"39AD":{"t":"FA50"},"39EF":{"t":"PAY2"},"3A04":{"t":"PA24"},"3A08":{"t":"H25B"},"3A33":{"t":"BE20"},"3A54":{"t":"GLEX"},"3A8C":{"t":"GLF3"},"3AB8":{"t":"GLF4"},"3ABC":{"t":"FA50"},"3ACD":{"t":"GLF2"},"3AFB":{"t":"B737"},"3B03":{"t":"CL60"},"3B1C":{"t":"GLF4"},"3B38":{"t":"GLF4"},"3B67":{"t":"F2TH"},"3B6B":{"t":"GLF5"},"3B6F":{"t":"GLF5"},"3B72":{"t":"GLF4"},"3B75":{"t":"GLF4"},"3B7C":{"t":"TBM8"},"3B97":{"t":"H500"},"3BD4":{"t":"GL5T"},"3C5E":{"t":"GLF5"},"3DD8":{"t":"CL30"},"3DED":{"t":"GLF5"},"3DF4":{"t":"F900"},"3E81":{"t":"GLEX"},"3EC4":{"t":"F900"},"3EEF":{"t":"CL60"},"3F20":{"t":"GLF4"},"3F8B":{"t":"GL5T"},"3FF0":{"t":"GLF5"},"417E":{"t":"F2TH"},"4212":{"t":"CL60"},"4231":{"t":"GLEX"},"4238":{"t":"GLF4"},"4240":{"t":"GLF5"},"4294":{"t":"A319"},"42A3":{"t":"GLF4"},"42A6":{"t":"GLF4"},"42CD":{"t":"GLF5"},"4344":{"t":"A319"},"4465":{},"45EF":{"t":"E135"},"464B":{"t":"A319"},"465D":{"t":"CL60"},"4669":{"t":"FA50"},"46C4":{"t":"C25C"},"48CF":{"t":"GLF5"},"49E0":{"t":"C172"},"49F0":{"t":"FA50"},"4A02":{"t":"A319"},"4B00":{"t":"FA50"},"4CCE":{"t":"GLF5"},"4D34":{"t":"P46T"},"4D53":{"t":"C501"},"4DB9":{"t":"A319"},"4E02":{"t":"C560"},"503F":{"t":"CRJ7"},"5054":{"t":"F900"},"514F":{"t":"BE36"},"5170":{"t":"A319"},"51A9":{"t":"GLF5"},"51E9":{"t":"C501"},"5408":{"t":"A321"},"5420":{"t":"CL30"},"5451":{"t":"GLF5"},"54CB":{"t":"A320"},"54D4":{"t":"SR22"},"5527":{"t":"A319"},"5560":{"t":"GLF5"},"57BC":{"t":"A332"},"57BF":{"t":"A321"},"587B":{"t":"A320"},"58DE":{"t":"A319"},"58ED":{"t":"GLF5"},"58F0":{"t":"CL60"},"5917":{"t":"GLF5"},"5AA0":{"t":"SR22"},"5B76":{"t":"A321"},"5C86":{"t":"BE20"},"5C95":{"t":"A319"},"5CCE":{"t":"GLF5"},"5CF1":{"t":"C25B"},"5D45":{"t":"A320"},"5DFD":{"t":"GLF5"},"5F98":{"t":"FA50"},"602F":{"t":"GLF5"},"6036":{"t":"F2TH"},"60AB":{"t":"GLEX"},"6110":{"t":"AC90"},"6140":{"t":"BE33"},"6179":{"t":"GLF4"},"61B3":{"t":"F2TH"},"6237":{"t":"C510"},"6268":{"t":"C510"},"6286":{"t":"C510"},"6289":{"t":"GLF4"},"62A5":{"t":"A319"},"62E8":{"t":"P46T"},"62E9":{"t":"C25B"},"630F":{"t":"GLF4"},"6346":{"t":"A321"},"6355":{"t":"A320"},"6367":{"t":"C680"},"651C":{"t":"BE9L"},"652B":{"t":"CRJ7"},"656A":{"t":"G150"},"65A0":{"t":"C208"},"666C":{"t":"GLF4"},"6695":{"t":"GLF5"},"66D2":{"t":"C525"},"66D4":{},"670C":{"t":"A320"},"6850":{"t":"GLF4"},"69B7":{"t":"GLF4"},"69E9":{"t":"GLF4"},"6A13":{"t":"A319"},"6A5D":{"t":"GLF4"},"6A8C":{"t":"F900"},"6B35":{},"6CEA":{"t":"CL60"},"6CF9":{"t":"EA50"},"6E2E":{"t":"C56X"},"70A7":{"t":"C525"},"716A":{"t":"ASTR"},"7181":{"t":"A319"},"7205":{"t":"CL60"},"743A":{"t":"F2TH"},"74DC":{"t":"E135"},"74F4":{"t":"CL60"},"7523":{"t":"EA50"},"7552":{"t":"GLF5"},"75B4":{"t":"BE40"},"75CD":{"t":"GLF4"},"77EE":{"t":"GALX"},"784C":{"t":"CL30"},"7857":{"t":"GLF5"},"78EF":{"t":"A319"},"7928":{"t":"GLF5"},"7972":{"t":"GLF3"},"7999":{"t":"GLF4"},"7B82":{"t":"B752"},"7BD0":{"t":"GLF5"},"7C03":{"t":"CL30"},"7C7A":{"t":"H25C"},"7C86":{"t":"B742"},"7CA6":{"t":"A319"},"7CDF":{"t":"GLF5"},"7F37":{"t":"C25A"},"7F64":{"t":"CL60"},"7FBA":{"t":"CL30"},"7FCE":{"t":"CL30"},"8096":{"t":"GLF5"},"813F":{"t":"XL2"},"82F2":{"t":"A319"},"8312":{"t":"SR22"},"831E":{"t":"GLEX"},"8371":{"t":"CL30"},"842A":{"t":"SR22"},"84B5":{"t":"A321"},"84C4":{"t":"A320"},"86A3":{"t":"GLF4"},"86E3":{"t":"F2TH"},"870B":{"t":"C25B"},"87A9":{"t":"MU2"},"87B2":{"t":"GLF4"},"888C":{"t":"C25B"},"88FA":{"t":"B738"},"8903":{"t":"FA20"},"8945":{"t":"EGRT"},"894A":{"t":"DA40"},"8952":{"t":"GLEX"},"8981":{"t":"CL30"},"89F8":{"t":"H25C"},"8A81":{"t":"CL60"},"8A98":{"t":"A319"},"8AC5":{"t":"A321"},"8CDB":{"t":"SR22"},"8D27":{"t":"MD11"},"8D38":{"t":"CL30"},"8D77":{"t":"H25B"},"8DA1":{},"8E4F":{"t":"A319"},"8E7C":{"t":"A321"},"8E81":{"t":"A319"},"905F":{"t":"GLF4"},"9072":{"t":"DC10"},"9079":{"t":"F2TH"},"90DE":{"t":"MD11"},"90EF":{"t":"CL30"},"9172":{"t":"B742"},"9192":{"t":"A319"},"9206":{"t":"A319"},"9238":{"t":"A319"},"9242":{"t":"A320"},"9247":{"t":"GLF4"},"92CF":{"t":"M20T"},"9495":{"t":"MD11"},"94E7":{"t":"CL60"},"9529":{"t":"B742"},"9549":{"t":"A319"},"95B8":{"t":"B735"},"95EA":{"t":"A321"},"95EF":{"t":"A319"},"9700":{"t":"C206"},"97CD":{"t":"GLF5"},"97D1":{"t":"GLF5"},"97D6":{"t":"PA31"},"97D7":{"t":"GLF4"},"97DC":{"t":"B752"},"982F":{"t":"GLF6"},"9848":{"t":"C402"},"984C":{"t":"MD11"},"985D":{"t":"CL30"},"98C5":{"t":"B763"},"98E0":{"t":"B742"},"9900":{"t":"A319"},"9960":{"t":"C525"},"9974":{"t":"A319"},"99A1":{"t":"A321"},"99A6":{"t":"A319"},"9B84":{"t":"GLF5"},"9B88":{"t":"GALX"},"9B8A":{"t":"C525"},"9B8F":{"t":"C25A"},"9BBC":{"t":"C25B"},"9BCB":{"t":"C25C"},"9BDE":{"t":"C25A"},"9BEC":{"t":"C25A"},"9BFD":{"t":"C25B"},"9C02":{"t":"C525"},"9C03":{"t":"MD11"},"9C04":{"t":"C25A"},"9C14":{"t":"CL30"},"9C1A":{"t":"C525"},"9C29":{"t":"C25B"},"9C32":{"t":"C25A"},"9C3B":{"t":"C25A"},"9C63":{"t":"C525"},"9C68":{"t":"GLF4"},"9C7B":{"t":"C25B"},"9C90":{"t":"C525"},"9C97":{"t":"C525"},"9C9C":{"t":"F900"},"9CA0":{},"9CAF":{"t":"C25C"},"9CB7":{"t":"A319"},"9CCD":{"t":"ASTR"},"9CCF":{"t":"C525"},"9CD2":{"t":"C25A"},"9D10":{"t":"C525"},"9D15":{"t":"CL60"},"9D5D":{"t":"A319"},"9D77":{"t":"C525"},"9E68":{"t":"C25C"},"9ECF":{"t":"C182"},"9F72":{"t":"P210"},"9FA1":{"t":"GLF5"},"9FCB":{"t":"CL30"},"9FE4":{"t":"GLEX"},"A00B":{"t":"A320"},"A033":{"t":"B763"},"A065":{"t":"B752"},"A06E":{"t":"A319"},"A114":{"t":"A319"},"A21A":{"t":"C182"},"A34E":{"t":"C25B"},"A368":{"t":"C501"},"A371":{"t":"MD11"},"A382":{"t":"CL30"},"A3BA":{"t":"GLF4"},"A3BE":{"t":"GLF4"},"A3C2":{"t":"A320"},"A425":{"t":"A319"},"A4CB":{"t":"A319"},"A64E":{"t":"PA32"},"A6B4":{"t":"GLF5"},"A6FD":{"t":"C510"},"A705":{"t":"C25B"},"A728":{"t":"MD11"},"A739":{"t":"CL30"},"A77E":{"t":"GLEX"},"A7B9":{"t":"GLF5"},"A7C7":{"t":"GLEX"},"A7DC":{"t":"A319"},"A815":{"t":"GLF5"},"A882":{"t":"A319"},"AA67":{"t":"CL60"},"AAB4":{"t":"CL60"},"AABC":{"t":"C25B"},"AADF":{"t":"MD11"},"AAF0":{"t":"CL30"},"AB93":{"t":"A319"},"ABB0":{"t":"B737"},"ABCC":{"t":"GLF5"},"AC07":{"t":"GLF5"},"AC20":{"t":"B752"},"AC39":{"t":"A319"},"AE9A":{"t":"F900"},"AEC0":{"t":"GLEX"},"AF20":{"t":"GLF5"},"AF27":{"t":"GLF5"},"AF41":{"t":"E135"},"AFAA":{"t":"C25A"},"B02C":{"t":"C56X"},"B100":{"t":"CL30"},"B1A3":{"t":"A319"},"B200":{"t":"CL60"},"B249":{"t":"A319"},"B42A":{"t":"GLF5"},"B43A":{"t":"DC10"},"B4B7":{"t":"CL30"},"B4F7":{"t":"A320"},"B538":{"t":"PA46"},"B55A":{"t":"A319"},"B593":{"t":"GLF5"},"B698":{"t":"C77R"},"B818":{"t":"A320"},"B86E":{"t":"CL30"},"B911":{"t":"A319"},"BA79":{"t":"FA50"},"BABA":{"t":"PA46"},"BBE8":{"t":"C208"},"BC25":{"t":"CL30"},"BC29":{"t":"GALX"},"BCC8":{"t":"A319"},"BD10":{"t":"C182"},"BD32":{"t":"GLF4"},"BED4":{"t":"SR20"},"BFDC":{"t":"CL30"},"C07F":{"t":"A319"},"C0B8":{"t":"GLF5"},"C120":{"t":"A321"},"C247":{"t":"B739"},"C248":{"t":"B739"},"C2AA":{"t":"P46T"},"C33E":{"t":"C25B"},"C393":{"t":"CL30"},"C46F":{"t":"GLF5"},"C4B3":{},"C4D3":{"t":"B752"},"C4D7":{"t":"A321"},"C4DB":{"t":"GLF5"},"C506":{"t":"C525"},"C59B":{"t":"PA46"},"C667":{"t":"C172"},"C6C8":{"t":"B738"},"C74A":{"t":"CL30"},"C74E":{"t":"GALX"},"C798":{"t":"BE36"},"C88A":{"t":"B752"},"C88E":{"t":"A321"},"C96B":{"t":"PA18"},"CA7F":{"t":"B738"},"CAA1":{"t":"SR22"},"CADE":{"t":"P46T"},"CB48":{"t":"A320"},"CC41":{"t":"B752"},"CC45":{"t":"A321"},"CC86":{"t":"XL2"},"CE36":{"t":"B738"},"CE62":{"t":"E145"},"CEB8":{"t":"CL30"},"CFDF":{"t":"CL60"},"CFF8":{"t":"B752"},"CFFC":{"t":"A321"},"D20F":{},"D241":{"t":"CRJ7"},"D26F":{"t":"CL30"},"D386":{"t":"E55P"},"D3B3":{"t":"A321"},"D3BC":{"t":"GLF4"},"D5CB":{"t":"C510"},"D649":{"t":"F900"},"D676":{"t":"GLF5"},"D685":{"t":"SR22"},"D6D9":{},"D6DB":{"t":"MU2"},"D72E":{"t":"GLEX"},"D743":{"t":"GLF5"},"D771":{},"D799":{"t":"PA46"},"D7AB":{"t":"C56X"},"D806":{"t":"CL60"},"D826":{"t":"GLEX"},"D851":{"t":"GLF2"},"D87F":{"t":"CL30"},"D8FF":{"t":"GLF5"},"D900":{"t":"BE20"},"D902":{"t":"B742"},"D907":{"t":"MX2"},"D9C3":{"t":"A321"},"D9E0":{"t":"GLF5"},"DA0A":{},"DBB4":{},"DC36":{"t":"CL30"},"DD33":{"t":"C650"},"DD7A":{"t":"A321"},"DDBE":{"t":"H25B"},"DE19":{"t":"SR22"},"DF68":{"t":"F2TH"},"DF74":{"t":"CL60"},"DF90":{"t":"SR22"},"DFED":{"t":"CL30"},"E131":{"t":"A321"},"E3B2":{"t":"GLEX"},"E3C0":{"t":"GLF5"},"E3E6":{"t":"MD11"},"E4E8":{"t":"A321"},"E51A":{"t":"GALX"},"E75E":{},"E7AB":{"t":"C680"},"E89B":{"t":"B752"},"E89F":{"t":"A321"},"EAB4":{"t":"GLF5"},"EAC2":{"t":"GLF4"},"EB1D":{},"EB4D":{"t":"C25C"},"EB93":{"t":"EA50"},"EC52":{"t":"B752"},"EC56":{"t":"A321"},"EF40":{"t":"H25C"},"EF55":{},"EFA5":{"t":"GLF5"},"F009":{"t":"B752"},"F00D":{"t":"A321"},"F04C":{"t":"CL30"},"F149":{"t":"GLF5"},"F280":{"t":"CL30"},"F3B0":{"t":"B752"},"F3C0":{"t":"B752"},"F3C4":{"t":"A321"},"F5BE":{"t":"CL60"},"F637":{"t":"CL30"},"F6A4":{"t":"CL60"},"F777":{"t":"B752"},"F77B":{"t":"A321"},"F971":{"t":"B752"},"F975":{"t":"CL60"},"F991":{"t":"SR22"},"F9EE":{"t":"CL30"},"FB2E":{"t":"B752"},"FB32":{"t":"A321"},"FD11":{"t":"LJ60"},"FD12":{"t":"BE20"},"FD1D":{"t":"GLF5"},"FD35":{"t":"PC12"},"FD38":{"t":"BE55"},"FD4D":{"t":"C525"},"FD9D":{"t":"C25B"},"FDBC":{"t":"GLF5"},"FE0F":{},"FEBF":{"t":"GLF4"},"FEDE":{},"FF0E":{"t":"P46T"},"FF56":{},"FF6B":{"t":"GLF5"},"FF8B":{},"FF90":{"t":"GLF5"},"FFB2":{"t":"CL60"},"FFC6":{"t":"GLF5"},"FFED":{"t":"DC10"},"FFF6":{"t":"C550"}}