{"0002":{"t":"GLF5"},"0005":{"t":"GLF5"},"000E":{"t":"GLF4"},"0015":{"t":"GLF5"},"0016":{"t":"GLF5"},"0033":{"t":"C550"},"0037":{"t":"GLF5"},"0052":{"t":"GLF5"},"0066":{"t":"C550"},"0069":{"t":"C550"},"006B":{"t":"GLEX"},"007E":{"t":"GLF5"},"0090":{"t":"GLF5"},"0096":{"t":"GLF5"},"00BC":{"t":"GLF5"},"00BE":{"t":"GLF3"},"00C0":{"t":"GLF5"},"00F0":{"t":"GLF5"},"00FC":{"t":"GLF5"},"0102":{"t":"GLF5"},"0108":{"t":"GLF5"},"0114":{"t":"C25B"},"0115":{"t":"GLF5"},"0116":{"t":"C25A"},"011C":{"t":"F900"},"0142":{"t":"A321"},"014B":{"t":"GLF5"},"018F":{"t":"GLF5"},"0365":{"t":"GLF5"},"03B9":{"t":"GLF5"},"03C8":{"t":"GLF4"},"03FF":{"t":"SR22"},"043B":{"t":"LJ55"},"0473":{"t":"GLF5"},"04B6":{"t":"CL60"},"04D9":{"t":"B350"},"04DD":{"t":"P32R"},"04F9":{"t":"A321"},"0508":{"t":"GLF5"},"0770":{"t":"GLF5"},"082A":{"t":"GLF5"},"086D":{"t":"F900"},"08B0":{"t":"A321"},"08D3":{"t":"GLF4"},"08E6":{"t":"GLF5"},"0C67":{"t":"A321"},"0E7E":{"t":"GLF5"},"0E7F":{},"0E99":{"t":"GLF5"},"0EC9":{"t":"DC10"},"101E":{"t":"A321"},"1102":{},"1163":{"r":"N619NK","t":"A320"},"1209":{"t":"BE20"},"1211":{},"1215":{"t":"A321"},"1221":{"t":"C550"},"1232":{"t":"SR22"},"12B1":{"t":"GL5T"},"1308":{"t":"GLF4"},"1337":{"t":"CL60"},"13AD":{"t":"GLF4"},"13B0":{"t":"M20P"},"1637":{"t":"DC10"},"16CA":{"t":"C421"},"172D":{"t":"C650"},"1770":{"t":"GLF5"},"178C":{"t":"A321"},"1922":{"t":"P28A"},"1980":{"t":"A319"},"1A03":{"t":"GLF5"},"1A1B":{"t":"GLF5"},"1A8A":{"t":"PA46"},"1B43":{"t":"A321"},"1D39":{"t":"B752"},"1D60":{"t":"B744"},"1DBA":{"t":"GLF5"},"1E6F":{"t":"SR22"},"1EFA":{"t":"A321"},"202A":{"t":"GLF5"},"210C":{"t":"PA34"},"215C":{"t":"DC10"},"2499":{"t":"SR22"},"24A8":{"t":"BE20"},"24CE":{"t":"FA20"},"24DC":{"t":"GLF4"},"24FF":{"t":"P28A"},"2500":{"t":"F2TH"},"258B":{"t":"GLF4"},"259D":{"t":"FA50"},"265B":{"t":"GLF5"},"2741":{"t":"GLF5"},"276C":{"t":"DC10"},"27A2":{"t":"C56X"},"283A":{"t":"C56X"},"2882":{"t":"GLF3"},"2888":{"t":"BE20"},"289B":{"t":"C56X"},"28AC":{"t":"GL5T"},"28C1":{"t":"A321"},"2AD7":{"t":"SR22"},"2DCB":{"t":"GLF5"},"2E8D":{"t":"TBM8"},"2EDA":{"t":"DC10"},"2F04":{"t":"GLEX"},"3212":{"t":"B734"},"33E6":{"t":"A321"},"3427":{"t":"C56X"},"3648":{"t":"DC10"},"3770":{"t":"A321"},"39B9":{"t":"SR22"},"3B08":{"t":"GLF4"},"3B1F":{"t":"GLF5"},"3B54":{"t":"A321"},"3DB6":{"t":"DC10"},"3ED4":{"t":"SR22"},"416D":{"t":"DC10"},"4295":{"t":"A321"},"4327":{"t":"CL60"},"456C":{"t":"A320"},"45B5":{"t":"GLEX"},"45C6":{"t":"A320"},"464C":{"t":"A321"},"48DB":{"t":"DC10"},"492D":{"t":"C414"},"497D":{"t":"A320"},"4A30":{"t":"A321"},"4C29":{"t":"BE20"},"4C7F":{"t":"F2TH"},"4C9F":{"t":"BE20"},"4CC8":{"t":"GLF4"},"4D0F":{"t":"GLEX"},"4D27":{"t":"AS65"},"4D2B":{"t":"CL60"},"4D2D":{"t":"FA50"},"4D32":{},"4DDA":{"t":"GLF5"},"4E7E":{},"4EB7":{"t":"GLF4"},"4EEB":{"t":"DC10"},"4FE7":{"t":"EA50"},"5013":{"t":"A321"},"5039":{"t":"B744"},"5052":{"t":"C560"},"5103":{"t":"B772"},"522E":{},"523A":{"t":"CL60"},"52A2":{"t":"DC10"},"53DA":{"t":"CL60"},"53DE":{"t":"BE40"},"53F0":{"t":"B744"},"53F7":{"t":"A321"},"54B5":{"t":"B752"},"563E":{"t":"GLF4"},"5659":{"t":"MD11"},"56FB":{"t":"GLF4"},"57A7":{"t":"B744"},"5A10":{"t":"MD11"},"5B47":{"t":"FA50"},"5B5E":{"t":"B744"},"5D1B":{"t":"M20P"},"5D9C":{"t":"SR20"},"5DC7":{"t":"MD11"},"5DD8":{"t":"CL35"},"5F15":{"t":"B744"},"6028":{"t":"B739"},"617E":{"t":"MD11"},"619E":{},"6238":{"t":"C56X"},"62CC":{"t":"B744"},"62F2":{"t":"CL30"},"64E9":{"t":"SR22"},"6535":{"t":"MD11"},"6683":{"t":"B744"},"68A2":{"t":"FA7X"},"68B6":{"t":"CL60"},"68EC":{"t":"MD11"},"6935":{"t":"C750"},"69B0":{"t":"C425"},"6A1B":{},"6A3A":{"t":"B744"},"6C65":{"t":"C510"},"6CA3":{"t":"MD11"},"6DF1":{"t":"B744"},"6F66":{"t":"B753"},"6F87":{"t":"B753"},"705A":{"t":"MD11"},"71A8":{"t":"B744"},"7398":{"t":"GLF3"},"7406":{"t":"BE58"},"7458":{"t":"C340"},"74B7":{"t":"F2TH"},"766A":{"t":"MD11"},"76AC":{},"7706":{"t":"E135"},"77B8":{"t":"B744"},"79A5":{"t":"BE58"},"79EA":{"t":"GLF5"},"7A4F":{"t":"B763"},"7AE0":{"t":"B753"},"7B59":{"t":"CL60"},"7B6F":{"t":"B744"},"7B76":{"t":"A321"},"7C11":{"t":"B752"},"7D88":{"t":"TBM7"},"7DA1":{"t":"GLF5"},"7DD8":{"t":"MD11"},"7E97":{"t":"B753"},"7F26":{"t":"B744"},"8116":{"t":"GLF4"},"8143":{"t":"SR22"},"8158":{"t":"CL30"},"818F":{"t":"MD11"},"81A4":{"t":"GLF5"},"81F2":{"t":"E55P"},"824E":{"t":"B753"},"82DD":{"t":"B744"},"850F":{"t":"CL30"},"8546":{"t":"MD11"},"8605":{"t":"B753"},"869B":{"t":"A321"},"869F":{"t":"P46T"},"887B":{"t":"GLF5"},"88A2":{"t":"F900"},"88C6":{"t":"GLF4"},"88E4":{"t":"E55P"},"88FD":{"t":"MD11"},"8914":{"t":"TBM8"},"8946":{"t":"GLF5"},"89BC":{"t":"B753"},"8A38":{"t":"E55P"},"8B1F":{"t":"C210"},"8BED":{"t":"BE58"},"8C7D":{"t":"GLF4"},"8C9A":{"t":"C25A"},"8CB4":{"t":"MD11"},"8CC8":{"t":"GLF5"},"8CDC":{"t":"GLF5"},"8D73":{"t":"B753"},"8DBE":{"t":"GLF5"},"904C":{"t":"F900"},"906B":{"t":"MD11"},"9099":{"t":"B763"},"911F":{"t":"A321"},"912A":{"t":"B753"},"917C":{"t":"B735"},"93B2":{"t":"GLF4"},"9422":{"t":"MD11"},"9447":{"t":"F900"},"9450":{"t":"B763"},"94BF":{"t":"C25C"},"94D6":{"t":"A321"},"94E1":{"t":"B753"},"978A":{"t":"SR20"},"97D9":{"t":"MD11"},"9807":{"t":"B763"},"9838":{"t":"GLF5"},"986B":{"t":"TBM8"},"9898":{"t":"B753"},"9B0D":{"t":"LJ60"},"9B1C":{"t":"GLF4"},"9B46":{},"9B8E":{"t":"PA31"},"9BCE":{"t":"SR22"},"9C1D":{"t":"C510"},"9D09":{},"9D9D":{"t":"SR22"},"9DA4":{"t":"F900"},"9DCB":{"t":"GLEX"},"9DE4":{"t":"F900"},"9DE9":{"t":"MD11"},"9E17":{"t":"B763"},"9EA8":{"t":"B753"},"A08A":{"t":"B764"},"A1A0":{"t":"MD11"},"A25F":{"t":"B753"},"A557":{"t":"MD11"},"A585":{"t":"B763"},"A616":{"t":"B753"},"A8C2":{"t":"SR22"},"A90E":{"t":"MD11"},"A9CD":{"t":"B753"},"AC76":{"t":"CL30"},"ACC5":{"t":"MD11"},"AD0D":{"t":"A320"},"AD84":{"t":"B753"},"ADC3":{"t":"CL60"},"AFFA":{"t":"GLF5"},"B02E":{"t":"CL30"},"B05E":{"t":"GLF4"},"B071":{"t":"BE40"},"B07C":{"t":"MD11"},"B091":{},"B13B":{"t":"B753"},"B144":{"t":"GLF4"},"B169":{"t":"C56X"},"B326":{"t":"GLF4"},"B3FF":{"t":"GLF4"},"B433":{"t":"MD11"},"B4C7":{"t":"LJ60"},"B4F2":{"t":"B753"},"B68B":{"t":"B735"},"B7B4":{"t":"CL60"},"B7B6":{"t":"GLF4"},"B7EA":{"t":"MD11"},"B887":{"t":"BE20"},"BB52":{"t":"C550"},"BB9C":{"t":"GLF5"},"BBA1":{"t":"MD11"},"BBC6":{"t":"GLF3"},"BD16":{"t":"CL60"},"BEEA":{"t":"A320"},"BF58":{"t":"MD11"},"BF6E":{"t":"C680"},"BF85":{"t":"GLF5"},"C2BC":{"t":"F900"},"C2D8":{"t":"GLEX"},"C2E4":{"t":"AS50"},"C2E7":{"t":"E55P"},"C327":{"t":"E135"},"C336":{"t":"C680"},"C3D5":{},"C46A":{"t":"GLEX"},"C46E":{"t":"F900"},"C471":{"t":"BE9T"},"C50B":{"t":"AC90"},"C55F":{"t":"C501"},"C56D":{"t":"F2TH"},"C573":{},"C588":{"t":"C421"},"C594":{"t":"M20P"},"C599":{"t":"H25B"},"C5D0":{"t":"LJ60"},"C5E9":{"t":"LJ60"},"C5F5":{"t":"C550"},"C692":{"t":"GLF4"},"C69A":{"t":"F900"},"C6F6":{"t":"GLEX"},"C749":{"t":"GLEX"},"C74B":{"t":"CL60"},"C74F":{"t":"GLF4"},"C754":{"t":"C750"},"C777":{"t":"C56X"},"C77B":{"t":"GLF4"},"C79A":{"t":"GLF4"},"C7D6":{"t":"CL60"},"C7DF":{"t":"C525"},"C7FF":{"t":"C525"},"C807":{"t":"GLF5"},"C80B":{"t":"GLF5"},"C813":{"t":"F900"},"C83B":{"t":"SR22"},"C84A":{"t":"CL30"},"C866":{"t":"H25C"},"C886":{"t":"E50P"},"C91D":{"t":"GLF4"},"C93A":{"t":"FA50"},"CA64":{"t":"CL60"},"CAFA":{"t":"CL60"},"CB14":{"t":"CL60"},"CB24":{"t":"CL60"},"CB52":{"t":"CL60"},"CB5D":{"t":"CL60"},"CB78":{"t":"MD11"},"CB9E":{"t":"CL60"},"CBCA":{"t":"CL60"},"CBCC":{"t":"CL60"},"CBE1":{"t":"CL60"},"CC1C":{"t":"CL60"},"CC2C":{"t":"A320"},"CC4B":{"t":"CL60"},"CC86":{"t":"CL60"},"CC98":{"t":"CL60"},"CCAD":{"t":"CL60"},"CCB5":{"t":"CL60"},"CCD9":{"t":"CL60"},"CCF6":{"t":"CL60"},"CD65":{"t":"AC11"},"CDB2":{"t":"BE30"},"CDEE":{"t":"BE9L"},"CEAF":{"t":"GALX"},"CEB8":{"t":"DC87"},"CEBD":{"t":"C212"},"CEF3":{"t":"F900"},"CF2F":{"t":"MD11"},"CFE3":{"t":"A320"},"D067":{"t":"CL60"},"D26F":{"t":"DC87"},"D27A":{"t":"DC10"},"D2A7":{"t":"GLF4"},"D2E6":{"t":"MD11"},"D39A":{"t":"A320"},"D4BE":{"t":"SR22"},"D621":{"t":"CL60"},"D625":{"t":"CL60"},"D62E":{"t":"CL60"},"D62F":{"t":"CL60"},"D633":{"t":"CL60"},"D634":{"t":"CL60"},"D635":{"t":"CL60"},"D636":{"t":"CL60"},"D637":{"t":"CL60"},"D63F":{"t":"CL60"},"D645":{"t":"CL60"},"D64A":{"t":"DC87"},"D64E":{"t":"CL60"},"D650":{"t":"CL60"},"D651":{"t":"CL60"},"D658":{"t":"CL60"},"D65B":{"t":"CL60"},"D66B":{"t":"CL60"},"D66E":{"t":"CL60"},"D678":{"t":"CL60"},"D68D":{"t":"CL60"},"D69C":{},"D69D":{"t":"MD11"},"D6A1":{"t":"CL60"},"D6A9":{"t":"CL60"},"D6C1":{"t":"CL60"},"D6C6":{"t":"CL60"},"D6CD":{"t":"CL60"},"D6F4":{"t":"CL60"},"D6F8":{"t":"CL60"},"D705":{"t":"CL60"},"D718":{"t":"CL60"},"D720":{"t":"CL60"},"D731":{"t":"CL60"},"D737":{"t":"CL60"},"D73A":{"t":"CL60"},"D741":{"t":"CL60"},"D751":{"t":"A320"},"D761":{"t":"CL60"},"D79E":{"t":"CL60"},"D7A0":{"t":"CL60"},"D7B4":{"t":"CL60"},"D7BD":{"t":"CL60"},"D7C1":{"t":"CL60"},"D7C6":{"t":"CL60"},"D7CA":{"t":"CL60"},"D824":{"t":"CL60"},"D85A":{"t":"CL60"},"D862":{"t":"CL60"},"D98D":{},"D9DD":{"t":"DC87"},"D9EC":{"t":"CL60"},"D9ED":{"t":"CL60"},"DA0C":{"t":"GLF5"},"DA0E":{"t":"CL60"},"DA1E":{"t":"CL60"},"DA54":{"t":"MD11"},"DA6A":{"t":"CL60"},"DA6E":{"t":"CL60"},"DA6F":{"t":"CL60"},"DA84":{"t":"CL60"},"DAA0":{"t":"CL60"},"DAAB":{"t":"CL60"},"DB08":{"t":"A320"},"DB0C":{"t":"CL60"},"DB18":{"t":"CL60"},"DB28":{"t":"CL60"},"DB4A":{"t":"GLF2"},"DB4C":{"t":"CL60"},"DB57":{"t":"CL60"},"DB65":{"t":"B734"},"DB7B":{"t":"CL60"},"DBB3":{"t":"GL5T"},"DBCD":{"t":"E135"},"DD94":{"t":"DC87"},"DD9B":{"t":"C650"},"DDC3":{"t":"GLF4"},"DDDC":{"t":"B721"},"DE0B":{"t":"MD11"},"DE26":{"t":"CL60"},"DEA2":{"t":"SR22"},"DEBF":{"t":"A320"},"DEDA":{"t":"GLF4"},"DF3B":{"t":"F2TH"},"DF47":{"t":"B762"},"E03B":{"t":"B350"},"E0A3":{"t":"C182"},"E0DB":{"t":"B748"},"E17A":{"t":"GLF5"},"E186":{"t":"GLF5"},"E1C2":{"t":"MD11"},"E246":{"t":"EA50"},"E276":{"t":"A320"},"E28D":{"t":"CL60"},"E291":{"t":"GLF5"},"E2C5":{"t":"CL60"},"E482":{"t":"P46T"},"E4C2":{"t":"C182"},"E4F8":{"t":"B752"},"E531":{"t":"GLF4"},"E534":{"t":"GLF4"},"E537":{},"E542":{"t":"GLF4"},"E579":{"t":"MD11"},"E62D":{"t":"A320"},"E648":{"t":"GLF4"},"E6ED":{"t":"GLF5"},"E7E1":{},"E83E":{"t":"BE58"},"E86D":{},"E87F":{},"E8AF":{"t":"B752"},"E930":{"t":"MD11"},"E9B9":{"t":"F2TH"},"E9CB":{},"E9E4":{"t":"A320"},"E9F6":{"t":"C182"},"E9FF":{"t":"GLF5"},"EA68":{"t":"CL60"},"EBB6":{"t":"AC11"},"EC23":{"t":"PA46"},"EC6E":{"t":"C421"},"EC7C":{"t":"BE20"},"ED58":{"t":"C680"},"ED7C":{},"EE7D":{"t":"C56X"},"EEC0":{"t":"GLF3"},"EED0":{"t":"TEX2"},"EF40":{"t":"MD11"},"EF54":{"t":"B752"},"EF64":{"t":"C750"},"EFC9":{"t":"CL30"},"F032":{"t":"CRJ7"},"F234":{"t":"P46T"},"F2AE":{},"F349":{"t":"GLF4"},"F34B":{"t":"P28A"},"F352":{"t":"F900"},"F3AB":{"t":"A320"},"F428":{"t":"C25B"},"F632":{"t":"GLF4"},"F642":{"t":"DC10"},"F6AE":{"t":"MD11"},"F6B0":{"t":"GLEX"},"F6C5":{"t":"DC10"},"F701":{},"F762":{"t":"A320"},"FA65":{"t":"MD11"},"FB19":{"t":"A320"},"FBDD":{"t":"GLEX"},"FDA0":{"t":"CL60"},"FDB3":{"t":"C25B"},"FDB4":{"t":"CL60"},"FDD8":{"t":"GLF5"},"FE0C":{"t":"C56X"},"FE1C":{"t":"MD11"},"FE33":{"t":"DC10"},"FED0":{"t":"A320"},"FF15":{"t":"GLF4"}}