{"0000":{"t":"PA24"},"0099":{"t":"C56X"},"01D3":{"t":"MD11"},"0275":{"t":"F900"},"0287":{"t":"A320"},"02A1":{"t":"C25C"},"02F1":{"t":"FA50"},"0305":{"t":"CL60"},"0408":{},"0462":{"t":"C172"},"053D":{"t":"GLF4"},"0546":{"t":"TBM8"},"0556":{"t":"GLEX"},"056D":{"t":"HA4T"},"058A":{"t":"MD11"},"05F0":{"t":"GLF4"},"063E":{"t":"A320"},"0703":{"t":"H25B"},"0941":{"t":"MD11"},"0994":{"t":"GLEX"},"0AB4":{"t":"E135"},"0ABF":{"t":"GLF4"},"0CF8":{"t":"MD11"},"0DFD":{"t":"CL60"},"0E70":{"t":"GLEX"},"1000":{"t":"B739"},"1006":{"t":"B739"},"10AF":{"t":"MD11"},"11C9":{"t":"F2TH"},"147C":{"t":"GALX"},"1508":{"t":"GLF5"},"1525":{"t":"F900"},"1601":{"t":"LJ60"},"160D":{"t":"F2TH"},"16BF":{"t":"MD11"},"170B":{"t":"CL30"},"170D":{"t":"GLF4"},"171E":{"t":"GLEX"},"1750":{"t":"GLF4"},"1761":{"t":"F2TH"},"1773":{"t":"A320"},"1818":{"t":"F2TH"},"1A0A":{"t":"DC10"},"1A76":{"t":"MD11"},"1AC4":{"t":"GLF4"},"1BD0":{"t":"A320"},"1E63":{"t":"SR20"},"1EE1":{"t":"A320"},"1F60":{"t":"TBM8"},"1F87":{"t":"A320"},"1FAB":{"t":"CL60"},"2110":{"t":"M20P"},"21A6":{"t":"F2TH"},"21E4":{"t":"MD11"},"2286":{"t":"GLF3"},"2298":{"t":"A320"},"22D5":{"t":"F2TH"},"230E":{},"2335":{"t":"B742"},"233E":{"t":"A320"},"2445":{"t":"LAMA"},"2520":{"t":"B752"},"2540":{"t":"GLEX"},"259B":{"t":"MD11"},"25E3":{"t":"A320"},"2645":{"t":"GLF5"},"26AC":{"t":"SR22"},"26EC":{"t":"B742"},"26F5":{"t":"A320"},"28D3":{"t":"C560"},"293F":{"t":"CL30"},"2952":{"t":"MD11"},"299A":{"t":"A320"},"29A2":{"t":"GLF5"},"29EF":{},"2A63":{"t":"GLEX"},"2A7F":{"t":"GLF5"},"2A8F":{"t":"C510"},"2AAC":{"t":"A320"},"2CDB":{"t":"GL5T"},"2D3F":{"t":"FA50"},"2D60":{"t":"GLF5"},"2DB3":{"t":"BE60"},"2DBD":{"t":"A320"},"2E5B":{"t":"GLF5"},"2E63":{"t":"A320"},"3108":{"t":"A320"},"311B":{},"3174":{"t":"A320"},"31B5":{"t":"C750"},"31C3":{"t":"C25C"},"321A":{"t":"A320"},"3412":{"t":"GLF5"},"3433":{"t":"CL60"},"3477":{"t":"MD11"},"35D1":{"t":"A320"},"36FB":{"t":"B739"},"3782":{"t":"B739"},"37F0":{"t":"PA46"},"3876":{"t":"A320"},"3966":{"t":"CL60"},"3988":{"t":"A320"},"3B35":{"t":"C206"},"3B6A":{"t":"E135"},"3B73":{},"3BA5":{"t":"C680"},"3BD4":{"t":"C340"},"3C23":{"t":"GLF5"},"3C39":{"t":"F900"},"3C76":{"t":"GLF5"},"3C89":{"t":"GLF4"},"3D76":{"t":"F900"},"3DCC":{"t":"CL60"},"3E53":{"t":"GALX"},"3E86":{"t":"A320"},"3F4C":{},"3F98":{"t":"A320"},"406F":{"t":"NOMA"},"41D2":{"t":"GALX"},"41F5":{"t":"MD11"},"420A":{},"4255":{"t":"FA10"},"42B4":{"t":"B742"},"4325":{"t":"C25C"},"434F":{"t":"A320"},"45BC":{"t":"CL30"},"45F4":{"t":"A320"},"463D":{},"466B":{"t":"B742"},"4706":{"t":"A320"},"49AB":{"t":"A320"},"4A17":{"t":"A320"},"4ABD":{"t":"A320"},"4C8F":{"t":"C206"},"4D47":{"t":"FA50"},"4D62":{"t":"A320"},"4E74":{"t":"A320"},"4EAE":{"t":"CL60"},"5119":{"t":"A320"},"522B":{"t":"A320"},"5265":{"t":"CL60"},"52B2":{"t":"BE20"},"52D7":{"t":"BE20"},"54D0":{"t":"A320"},"551F":{"t":"GLF5"},"559A":{"t":"E50P"},"55E2":{"t":"A320"},"561C":{"t":"CL60"},"5741":{"t":"B350"},"57BB":{"t":"BE30"},"5887":{"t":"A320"},"596C":{"t":"CL60"},"597B":{"t":"B763"},"5999":{"t":"A320"},"5BC1":{"t":"PA46"},"5C3E":{"t":"A320"},"5CF4":{"t":"M20T"},"5D50":{"t":"A320"},"5DD4":{"t":"HA4T"},"5E0D":{"t":"BE30"},"5E20":{"t":"BE9T"},"5E2B":{"t":"B739"},"5F41":{"t":"B752"},"5FF5":{"t":"A320"},"60FE":{"t":"B742"},"6107":{"t":"A320"},"61FF":{"t":"BE9L"},"625D":{"t":"BE20"},"63DD":{"t":"C421"},"63E1":{"t":"CL60"},"63FC":{"t":"LJ60"},"64A7":{"t":"CL60"},"64BF":{"t":"BE58"},"65E3":{"t":"B763"},"6605":{"t":"A320"},"6651":{"t":"BE36"},"670E":{"t":"B742"},"6717":{"t":"A320"},"684C":{"t":"H25B"},"699A":{"t":"B763"},"6AB5":{"t":"B763"},"6ACE":{"t":"A320"},"6B83":{"t":"BE20"},"6BBC":{"t":"BE36"},"6D2B":{"t":"MD11"},"6D51":{"t":"B763"},"6DEE":{"t":"PA31"},"6E6C":{"t":"B763"},"6E85":{"t":"A320"},"704F":{},"7071":{"t":"MD90"},"70A3":{"t":"B734"},"70E2":{"t":"MD11"},"7108":{"t":"B763"},"712A":{"t":"A320"},"71A8":{"t":"PC12"},"7223":{"t":"B763"},"7327":{"t":"BE30"},"7499":{"t":"MD11"},"74E1":{"t":"A320"},"7558":{"t":"B742"},"75DA":{"t":"B763"},"77DA":{"t":"LJ35"},"7850":{"t":"MD11"},"7898":{"t":"A320"},"7A7D":{"t":"H25B"},"7A8F":{"t":"F2TH"},"7AFA":{"t":"C172"},"7C4F":{"t":"A320"},"7D48":{"t":"B763"},"7D6E":{"t":"C525"},"7E06":{"t":"B350"},"7F50":{"t":"A319"},"80FF":{"t":"B763"},"82F5":{"t":"SR22"},"83BD":{"t":"A320"},"84B6":{"t":"B763"},"856D":{"t":"B739"},"85F4":{"t":"B739"},"8774":{"t":"A320"},"886D":{"t":"B763"},"89E0":{"t":"C206"},"8A96":{"t":"GLF4"},"8A97":{},"8AD1":{"t":"C525"},"8AE4":{"t":"CL60"},"8B14":{"t":"GLF4"},"8B2F":{"t":"P28A"},"8B3B":{},"8B64":{"t":"LJ60"},"8B70":{},"8B7D":{"t":"BE58"},"8B88":{"t":"BE9L"},"8BBC":{"t":"CL60"},"8C18":{"t":"LJ45"},"8CF6":{"t":"GLF6"},"8D2E":{"t":"GLF6"},"8D54":{"t":"GLF6"},"8D6C":{"t":"GLF6"},"8DBB":{"t":"CL60"},"8DDB":{"t":"G150"},"8DDF":{"t":"GLF6"},"8E07":{"t":"GLF6"},"8E0A":{},"8E14":{"t":"GLF4"},"8E41":{"t":"GLF6"},"8E71":{"t":"GLF6"},"8EDE":{"t":"GLF6"},"8FA8":{"t":"COL3"},"90F3":{"t":"A306"},"913B":{"t":"A320"},"9234":{"t":"B763"},"94AA":{"t":"A306"},"94F2":{"t":"A320"},"95EB":{"t":"B763"},"9778":{"t":"PA34"},"9861":{"t":"A306"},"98A7":{},"98A9":{"t":"A320"},"98FC":{"t":"GLF5"},"99A2":{"t":"B763"},"9BDD":{"t":"TBM8"},"9C18":{"t":"A306"},"9D59":{"t":"B763"},"9FCF":{"t":"A306"},"A017":{"t":"A320"},"A110":{"t":"B763"},"A3CE":{"t":"A320"},"A3D8":{},"A4C7":{"t":"B763"},"A6FF":{"t":"CL60"},"A708":{"t":"F2TH"},"A73D":{"t":"A306"},"A785":{"t":"A320"},"A7CF":{"t":"TBM8"},"A7F1":{"t":"A320"},"A87E":{"t":"B763"},"AAF4":{"t":"A306"},"AB23":{},"AB3C":{"t":"A320"},"AC35":{"t":"B763"},"AEAB":{"t":"A306"},"AEB2":{"t":"F2TH"},"AEF3":{"t":"A320"},"AFEC":{"t":"B763"},"B028":{"t":"GLF2"},"B179":{"t":"C414"},"B1F7":{"t":"R66"},"B22F":{"t":"GLF4"},"B23B":{"t":"BE35"},"B258":{"t":"R66"},"B266":{"t":"F900"},"B2B5":{"t":"R66"},"B2D7":{"t":"R66"},"B2E1":{"t":"BE58"},"B307":{"t":"R66"},"B319":{"t":"R66"},"B377":{"t":"LJ45"},"B3AC":{"t":"R66"},"B3CC":{"t":"P210"},"B3E5":{"t":"P210"},"B422":{"t":"CL60"},"B43F":{"t":"CL60"},"B4BB":{"t":"A306"},"B5FC":{"t":"B763"},"B75A":{"t":"B764"},"B75F":{"t":"B764"},"B760":{"t":"B764"},"B830":{"t":"GLF5"},"B872":{"t":"A306"},"B887":{"t":"GLF5"},"B8BA":{"t":"A320"},"B8DB":{"t":"P28A"},"B9B3":{"t":"B763"},"B9C3":{"t":"B744"},"BBE7":{"t":"GLF5"},"BC29":{"t":"A306"},"BC71":{"t":"A320"},"BC92":{"t":"PA18"},"BD53":{"t":"PA46"},"BD6A":{"t":"B763"},"BD7A":{"t":"B744"},"BFE0":{"t":"A306"},"C028":{"t":"A320"},"C049":{"t":"SR22"},"C07B":{"t":"F900"},"C0A3":{"t":"GLF4"},"C0A7":{"t":"GLF4"},"C109":{},"C121":{"t":"B763"},"C131":{"t":"B744"},"C207":{},"C355":{"t":"GLF4"},"C360":{"t":"CL60"},"C397":{"t":"A306"},"C3EA":{"t":"GLF4"},"C4D8":{"t":"B763"},"C4E8":{"t":"B744"},"C706":{"t":"C525"},"C70C":{"t":"GLF4"},"C74E":{"t":"A306"},"C796":{"t":"A320"},"C7E2":{"t":"PC12"},"C88F":{"t":"B763"},"C89F":{"t":"B744"},"CAA8":{"t":"PTS1"},"CAC3":{"t":"PA46"},"CB6B":{"t":"SR22"},"CB84":{"t":"SR22"},"CBAC":{"t":"C56X"},"CBB5":{"t":"H25B"},"CC3C":{"t":"F900"},"CC46":{"t":"B763"},"CC56":{"t":"B744"},"CC68":{"t":"C340"},"CCEB":{"t":"BE36"},"CDBD":{"t":"F900"},"CE90":{"t":"M20P"},"CEBC":{"t":"A306"},"CEFA":{"t":"GLF4"},"CF37":{"t":"CL60"},"CFFD":{"t":"B763"},"D00D":{"t":"B744"},"D231":{"t":"B737"},"D273":{"t":"A306"},"D336":{"t":"GLF5"},"D3B4":{"t":"B763"},"D3C4":{"t":"B744"},"D465":{"t":"B739"},"D4AD":{"t":"B739"},"D4D2":{"t":"B739"},"D4EF":{"t":"B739"},"D62A":{"t":"A306"},"D665":{"t":"F2TH"},"D6BC":{"t":"SR22"},"D76B":{"t":"B763"},"D77B":{"t":"B744"},"D9B8":{"t":"SR22"},"D9CE":{"t":"F900"},"DA31":{"t":"P210"},"DA4E":{"t":"G150"},"DA84":{"t":"FA50"},"DAB9":{"t":"FA50"},"DAEC":{"t":"GLEX"},"DAF4":{"t":"P28A"},"DB14":{"t":"GLF4"},"DB55":{"t":"F900"},"DB77":{"t":"P210"},"DBF6":{"t":"CL60"},"DC3A":{"t":"A306"},"DD44":{"t":"GALX"},"DD7B":{"t":"B763"},"DD8B":{"t":"B744"},"DEDA":{"t":"B764"},"DEE0":{"t":"B764"},"DF4B":{"t":"B752"},"DF75":{"t":"GLF4"},"DFF1":{"t":"A306"},"E06E":{"t":"GLF5"},"E0FB":{"t":"GLF5"},"E132":{"t":"B763"},"E142":{"t":"B744"},"E165":{},"E16F":{"t":"F2TH"},"E24D":{"t":"B752"},"E296":{"t":"B762"},"E297":{"t":"B762"},"E34D":{"t":"CL30"},"E3A8":{"t":"A306"},"E425":{},"E47C":{"t":"GALX"},"E4B2":{"t":"H25B"},"E4E9":{"t":"B763"},"E4F9":{"t":"B744"},"E526":{"t":"F900"},"E6FC":{"t":"B762"},"E75F":{"t":"A306"},"E78D":{"t":"GLF6"},"E822":{"t":"GLF5"},"E869":{"t":"H25B"},"E8A0":{"t":"B763"},"E8B0":{"t":"B744"},"E914":{"t":"CL60"},"EAA1":{"t":"B752"},"EAC1":{"t":"SR22"},"EAC2":{"t":"AA5"},"EB16":{"t":"A306"},"EB68":{"t":"C25A"},"EC20":{"t":"GLF5"},"EC57":{"t":"B763"},"EC67":{"t":"B744"},"EE4D":{"t":"C25A"},"EE79":{"t":"BE35"},"EECD":{"t":"A306"},"EF8C":{"t":"B744"},"F00E":{"t":"B763"},"F0DB":{"t":"BE58"},"F1A4":{"t":"CL60"},"F21D":{"t":"C56X"},"F343":{"t":"B744"},"F38E":{"t":"GLF5"},"F3C5":{"t":"B763"},"F5EF":{"t":"SR22"},"F63B":{"t":"A306"},"F646":{"t":"GLF4"},"F6BF":{"t":"CL60"},"F77C":{"t":"B763"},"F972":{"t":"C510"},"F9F2":{"t":"A306"},"FA38":{"t":"BE58"},"FA84":{"t":"FA50"},"FAEA":{"t":"E135"},"FB03":{"t":"GLF5"},"FC06":{"t":"B739"},"FC72":{"t":"B739"},"FC73":{"t":"B739"},"FD3C":{"t":"A320"},"FDA9":{"t":"A306"}}