{"00E9":{"t":"GLF4"},"0208":{"t":"BE20"},"0339":{},"036A":{"t":"BE20"},"03AF":{"t":"C680"},"03B9":{"t":"A306"},"03CE":{"t":"GLF5"},"03E9":{"t":"C680"},"0420":{"t":"C525"},"04CC":{"t":"C680"},"04DB":{"t":"C680"},"04E1":{"t":"A320"},"063D":{"t":"DC10"},"0657":{"t":"DC10"},"0658":{"t":"DC10"},"0659":{"t":"DC10"},"065A":{"t":"DC10"},"065B":{"t":"DC10"},"065E":{"t":"DC10"},"0660":{"t":"DC10"},"067B":{"t":"B764"},"0708":{"t":"DA40"},"0767":{"t":"C182"},"0770":{"t":"A306"},"0898":{"t":"A320"},"0A13":{"t":"B762"},"0A17":{"t":"B762"},"0A31":{"t":"B762"},"0B27":{"t":"A306"},"0B3C":{"t":"GALX"},"0C4F":{"t":"A320"},"0EC1":{"t":"BE36"},"0EDE":{"t":"A306"},"0F07":{"t":"BE9L"},"1006":{"t":"A320"},"1295":{"t":"A306"},"12FA":{"t":"F2TH"},"13BD":{"t":"A320"},"1535":{"t":"B739"},"1536":{"t":"B739"},"1607":{"t":"C680"},"1618":{"t":"F900"},"164C":{"t":"A306"},"1760":{"t":"GLF4"},"1774":{"t":"GLF5"},"1A03":{"t":"A306"},"1B2B":{"t":"A320"},"1D39":{"t":"B752"},"1DBA":{"t":"A306"},"20F0":{"t":"B752"},"212F":{"t":"F2TH"},"2171":{"t":"A306"},"21BA":{"t":"E135"},"21FA":{"t":"GLF4"},"2299":{"t":"A320"},"229E":{"t":"GLF4"},"22AA":{"t":"GLF4"},"22AF":{"t":"GLF5"},"2361":{"t":"B739"},"2384":{"t":"B739"},"238A":{"t":"B739"},"23A7":{"t":"B739"},"23A8":{"t":"B739"},"23EF":{"t":"B739"},"2480":{"t":"CL60"},"24A7":{"t":"B752"},"2528":{"t":"A306"},"2573":{"t":"GLF2"},"26A6":{"t":"GLEX"},"277E":{"t":"AEST"},"2960":{"t":"LJ60"},"2965":{},"2AB7":{"t":"B752"},"2AF3":{"t":"AC90"},"2B38":{"t":"A306"},"2D6D":{"t":"B772"},"2DDF":{"t":"B764"},"2DFC":{"t":"B764"},"2E6E":{"t":"B752"},"2E81":{"t":"A319"},"2EA2":{"t":"CL60"},"2EAA":{},"2EEF":{"t":"A306"},"2FE7":{"t":"GLF5"},"3191":{"t":"B762"},"3225":{"t":"B752"},"32A6":{"t":"A306"},"347E":{"t":"PA34"},"3773":{"t":"F900"},"384E":{"t":"BE33"},"3A65":{"t":"BE58"},"3A68":{"t":"F900"},"3A7F":{"t":"BE20"},"3A98":{"t":"C500"},"3E13":{"t":"FA50"},"3E91":{"t":"PC12"},"41C0":{"t":"CL60"},"4217":{"t":"SR22"},"424C":{"t":"SR22"},"4292":{"t":"F2TH"},"44B7":{"t":"GLF5"},"44C8":{"t":"E55P"},"49F6":{"t":"CL60"},"4A62":{},"4AE5":{"t":"B739"},"4B05":{"t":"B739"},"4B08":{"t":"B739"},"4B0A":{"t":"B739"},"4B0B":{"t":"B739"},"4B29":{"t":"B739"},"4B2E":{"t":"B739"},"4B4B":{"t":"B739"},"4B50":{"t":"B739"},"4B51":{"t":"B739"},"4B6B":{"t":"B739"},"4B72":{"t":"B739"},"4BFC":{"t":"B739"},"4BFF":{"t":"B739"},"4C2F":{"t":"HA4T"},"4CD6":{"t":"B350"},"4CDC":{"t":"GLF4"},"4D3B":{"t":"F2TH"},"4E40":{"t":"H25B"},"504D":{"t":"C501"},"5057":{"t":"PA30"},"5085":{"t":"GLF4"},"50B0":{"t":"GLF4"},"50C0":{"t":"F900"},"50D7":{"t":"GLF4"},"50FF":{},"510D":{"t":"C25C"},"5116":{"t":"H500"},"5132":{"t":"CL60"},"5169":{"t":"GLF4"},"516E":{"t":"C750"},"5175":{},"518F":{"t":"C501"},"51A4":{"t":"GLF4"},"51E9":{"t":"FA7X"},"5225":{},"5277":{"t":"CL30"},"52AC":{"t":"BE30"},"52AE":{"t":"GLEX"},"52C3":{"t":"CL30"},"5335":{"t":"F900"},"5338":{"t":"LJ35"},"538B":{"t":"GLEX"},"5412":{"t":"AEST"},"54A6":{"t":"TBM7"},"54BD":{"t":"GLEX"},"54CA":{"t":"B742"},"54CD":{"t":"GLF4"},"54FD":{"t":"TBM7"},"5502":{"t":"TBM7"},"550D":{"t":"C421"},"5526":{"t":"GLEX"},"5528":{"t":"C510"},"5534":{"t":"GL5T"},"553A":{"t":"GLEX"},"553B":{"t":"TBM7"},"553E":{"t":"GLF5"},"5549":{"t":"GL5T"},"556A":{"t":"TBM7"},"5576":{"t":"LJ45"},"5577":{"t":"TBM7"},"5580":{"t":"GLEX"},"5583":{"t":"TBM7"},"5584":{"t":"BE20"},"5588":{"t":"AC95"},"5592":{"t":"GL5T"},"5599":{"t":"GLEX"},"55AC":{"t":"GLEX"},"55C8":{"t":"H25B"},"55D1":{"t":"GLF4"},"55E1":{"t":"GLF4"},"55FE":{"t":"TBM7"},"561E":{"t":"TBM7"},"5635":{"t":"TBM7"},"5662":{"t":"B350"},"566B":{"t":"TBM7"},"567D":{"t":"TBM7"},"5689":{"t":"AEST"},"56E9":{"t":"CL30"},"5881":{"t":"B742"},"589D":{"t":"B772"},"5A3C":{"t":"FA50"},"5A41":{"t":"GLEX"},"5A48":{"t":"FA50"},"5C12":{"t":"B762"},"5C54":{"t":"B772"},"5C57":{"t":"E135"},"5C9A":{"t":"GLF4"},"5D3C":{"t":"BE40"},"5D84":{"t":"SF34"},"5D87":{"t":"CL60"},"5DA9":{"t":"BE10"},"5DBA":{"t":"B752"},"5DBC":{"t":"GLF5"},"5FB3":{"t":"H25B"},"5FEF":{"t":"B742"},"5FF0":{"t":"GLEX"},"600B":{"t":"B772"},"6134":{"t":"GLF5"},"613B":{"t":"SF34"},"6168":{"t":"FA50"},"616D":{"t":"E135"},"6171":{"t":"B752"},"617F":{"r":"ZK552","t":"H47"},"61A6":{"t":"CL30"},"63A6":{"t":"B742"},"63BF":{"t":"B772"},"63C5":{"t":"SR22"},"6483":{"t":"GLEX"},"64FB":{"t":"B742"},"650F":{"t":"B737"},"6577":{"t":"B752"},"672D":{"t":"CL60"},"6779":{"t":"B772"},"67A7":{"t":"FA7X"},"67EB":{"t":"A320"},"67F5":{"t":"B737"},"6869":{"t":"GLF4"},"68DF":{"t":"B752"},"6B14":{"t":"B742"},"6B30":{"t":"B772"},"6BA2":{"t":"A320"},"6C96":{"t":"B752"},"6EA5":{"t":"B762"},"6EA9":{"t":"DC3T"},"6EAB":{"t":"GALX"},"6ECB":{"t":"B742"},"6EE7":{"t":"B772"},"6EF4":{"t":"GLF4"},"6F3A":{"t":"GLF5"},"6F69":{"t":"B701"},"6F74":{"t":"GLF2"},"6F9F":{"t":"C750"},"6FAC":{"t":"B06"},"6FAE":{"t":"F2TH"},"6FB1":{"t":"B703"},"7026":{"t":"GALX"},"703D":{"t":"GLF4"},"704D":{"t":"B752"},"7085":{"t":"F900"},"70E8":{"t":"C550"},"725C":{"t":"B762"},"7282":{"t":"B742"},"7286":{"t":"SR22"},"729E":{"t":"B772"},"7310":{"t":"A320"},"73D7":{"t":"B742"},"73E4":{"t":"LJ45"},"741D":{"t":"A319"},"75FE":{"t":"GLF5"},"7609":{"t":"TRIN"},"7639":{"t":"B741"},"7655":{"t":"B772"},"7659":{"t":"GLEX"},"765D":{"t":"GLF5"},"766C":{"t":"BE40"},"7681":{"t":"GLEX"},"76C7":{"t":"A320"},"76D1":{"t":"B737"},"7708":{"t":"GL5T"},"778E":{"t":"PA31"},"77BB":{"t":"B752"},"79A9":{"t":"C182"},"79D1":{"t":"GLF4"},"79F0":{"t":"LJ35"},"7A4F":{"t":"GLF4"},"7AE5":{"t":"GLF4"},"7AE9":{"t":"CL60"},"7B00":{},"7B71":{"t":"GLF4"},"7B94":{"t":"AC90"},"7C22":{"t":"C750"},"7C45":{"t":"GLF3"},"7C63":{"t":"CL30"},"7C65":{"t":"B772"},"7C74":{"t":"GLF4"},"7CA7":{},"7CD7":{"t":"BE20"},"7D13":{"t":"CL60"},"7D1D":{"t":"GLF4"},"7D20":{"t":"TBM7"},"7DB4":{"t":"B737"},"7DCB":{"t":"B752"},"7DEE":{"t":"CL60"},"7E0A":{"t":"GLF4"},"7E68":{"t":"CL30"},"802F":{"t":"GLF3"},"8065":{"t":"GLF4"},"80CF":{"t":"GL5T"},"80DA":{"t":"GLEX"},"80E6":{"t":"GLF2"},"80FA":{"t":"C680"},"810E":{"t":"F2TH"},"8146":{"t":"GLF5"},"8169":{"t":"GLF6"},"816A":{"t":"GLEX"},"816B":{"t":"B737"},"816D":{"t":"F900"},"8178":{"t":"AEST"},"818C":{"t":"GLF3"},"819B":{"t":"A319"},"81C4":{"t":"CRJ2"},"8219":{"t":"B752"},"838C":{"t":"GLF3"},"8391":{"t":"B762"},"83B7":{"t":"B741"},"8445":{"t":"A320"},"845F":{"t":"C750"},"84AB":{"t":"M20P"},"84D0":{"t":"CL60"},"84FA":{"t":"BE20"},"8539":{"t":"B752"},"8748":{"t":"B762"},"876E":{"t":"B742"},"87E4":{"t":"CL60"},"88F0":{"t":"B752"},"8909":{"t":"A319"},"892A":{"t":"C560"},"8B60":{"t":"B350"},"8BCA":{"t":"FA7X"},"8C7A":{"t":"B77L"},"8EBC":{"t":"BE36"},"8EDC":{"t":"B742"},"8F26":{"t":"FA7X"},"8F6A":{"t":"A320"},"91B4":{"t":"C182"},"9290":{"t":"F2TH"},"92D8":{},"961B":{"t":"B77W"},"965D":{"t":"E55P"},"966F":{"t":"GLF4"},"968F":{"t":"A306"},"96DF":{"t":"CL30"},"96F0":{"t":"SR22"},"9719":{"t":"GL5T"},"9723":{"t":"C680"},"973D":{"t":"PC12"},"9789":{"t":"C208"},"97CC":{"t":"B752"},"97E5":{"t":"A319"},"99D2":{"t":"B77W"},"99DF":{"t":"B744"},"9A25":{"t":"GLF4"},"9A46":{"t":"A306"},"9A9E":{"t":"GLF4"},"9ADB":{"t":"GLF5"},"9AEC":{"t":"C25C"},"9B83":{"t":"B752"},"9D81":{"t":"E135"},"9D89":{"t":"B77W"},"9DB2":{"t":"SR22"},"9DDC":{"t":"FA50"},"9DEB":{"t":"BE40"},"9DFD":{"t":"A306"},"9E0F":{"t":"C208"},"9E76":{"t":"PRM1"},"9F0D":{"t":"GLF4"},"9F14":{"t":"F900"},"A1B4":{"t":"C750"},"A23A":{"t":"GLF4"},"A289":{"t":"F2TH"},"A28C":{"t":"BE36"},"A33E":{"t":"CL60"},"A399":{"t":"B77W"},"A3A2":{"t":"DC10"},"A3C6":{"t":"B737"},"A40D":{"t":"A306"},"A465":{"t":"GLF5"},"A4AA":{"t":"F900"},"A4AB":{"t":"B737"},"A57D":{"t":"B734"},"A591":{"t":"GL5T"},"A597":{"t":"F2TH"},"A6A5":{"t":"BE36"},"A750":{"t":"B77W"},"A75D":{"t":"B737"},"A76D":{"t":"GLF4"},"A7B8":{"t":"C25A"},"A7C4":{"t":"A306"},"A7C6":{"t":"GLF4"},"A7D9":{"t":"CL60"},"A7FE":{"t":"F900"},"A80B":{"t":"CL60"},"A82D":{"t":"GLF4"},"A8D3":{"t":"GLF5"},"A901":{"t":"B752"},"AAFA":{"t":"H25A"},"AB07":{"t":"B77W"},"AB12":{},"AB55":{"t":"SR22"},"AB7B":{"t":"A306"},"ABC4":{"t":"F2TH"},"AC3F":{"t":"BE36"},"AC4B":{"t":"BE9T"},"ACB8":{"t":"B752"},"ADD2":{"t":"BE58"},"AEB3":{"t":"GLEX"},"AEBE":{"t":"B77W"},"AF32":{"t":"A306"},"AF44":{"t":"C208"},"AF68":{"t":"GL5T"},"B06F":{"t":"B752"},"B088":{"t":"A319"},"B0B1":{"t":"SR22"},"B26E":{"t":"GLEX"},"B26F":{"t":"GLF5"},"B275":{"t":"B77W"},"B29D":{"t":"C750"},"B2B5":{"t":"GLF4"},"B2B7":{"t":"GLF4"},"B2DF":{"t":"B350"},"B2E9":{"t":"A306"},"B350":{},"B3FB":{"t":"CL30"},"B625":{"t":"GLF5"},"B62C":{"t":"B77W"},"B655":{"t":"SR22"},"B662":{"t":"H25B"},"B6A0":{"t":"A306"},"B71B":{"t":"GLEX"},"B73E":{},"B8B1":{"t":"BE36"},"B98F":{"t":"C72R"},"B9DC":{},"B9DD":{"t":"C25B"},"B9E3":{"t":"B77W"},"BA57":{"t":"A306"},"BB62":{"t":"GLF4"},"BD9A":{"t":"B77W"},"BDA6":{"t":"BE20"},"BDE3":{},"BE0E":{"t":"A306"},"BE92":{"t":"B722"},"BEA0":{"t":"B722"},"BED0":{"t":"B722"},"BF26":{"t":"LJ60"},"BF4B":{"t":"B752"},"BF71":{"t":"B721"},"C0E0":{"t":"BE9L"},"C151":{"t":"B77W"},"C1C5":{"t":"A306"},"C240":{"t":"GLF4"},"C253":{"t":"FA50"},"C291":{"t":"E135"},"C508":{"t":"B77W"},"C517":{"t":"BE60"},"C552":{"t":"CL60"},"C57C":{"t":"A306"},"C5C2":{"t":"CL60"},"C5C5":{"t":"A320"},"C5E2":{"t":"GLEX"},"C5EA":{"t":"CL60"},"C6BB":{"t":"GLF4"},"C8B6":{"t":"C25B"},"C8B7":{},"C8D6":{"t":"P32R"},"C922":{"t":"C25B"},"C946":{"t":"C172"},"C9C5":{"t":"GLF5"},"CA37":{"t":"GLF5"},"CA4D":{"t":"GL5T"},"CB12":{"t":"PC12"},"CB18":{"t":"B773"},"CB2C":{"t":"E135"},"CB8C":{"t":"A306"},"CC11":{"t":"F900"},"CECF":{"t":"B77W"},"CEE0":{"t":"E135"},"CF10":{"t":"CL30"},"CF43":{"t":"A306"},"D062":{"t":"F900"},"D077":{"t":"TBM8"},"D0D1":{"t":"P210"},"D1E4":{"t":"B762"},"D267":{"t":"C182"},"D286":{"t":"B773"},"D2FA":{"t":"A306"},"D32A":{"t":"H25B"},"D38D":{"t":"B738"},"D3BF":{"t":"CL60"},"D5A2":{"t":"B738"},"D5DF":{"t":"B738"},"D5E4":{"t":"B738"},"D5E5":{"t":"B738"},"D5E7":{"t":"B738"},"D605":{"t":"B738"},"D62E":{"t":"B738"},"D640":{"t":"B77W"},"D668":{"t":"CL60"},"D6B1":{"t":"A306"},"D6C6":{"t":"FA50"},"D6EC":{"t":"C172"},"D6FA":{"t":"FA20"},"D711":{"t":"FA50"},"D743":{"t":"FA50"},"D744":{"t":"B738"},"DA21":{"t":"C172"},"DAFB":{"t":"B738"},"DB99":{"t":"GLF3"},"DCE9":{"t":"B739"},"E4DB":{"t":"B350"},"E513":{"t":"B737"},"E539":{"t":"B737"},"E541":{"t":"B737"},"E54F":{"t":"SR22"},"E580":{"t":"B737"},"E5A9":{"t":"B737"},"E606":{"t":"B737"},"E61F":{"t":"B738"},"E68C":{"t":"C501"},"E708":{"t":"B737"},"E814":{"t":"B763"},"E927":{"t":"CL30"},"E9D7":{"t":"B738"},"EA2D":{"t":"C172"},"EC06":{"t":"B753"},"EC7A":{"t":"B737"},"ED8E":{"t":"B738"},"F06C":{"t":"C25C"},"F0BF":{"t":"F900"},"F0CE":{"t":"GLF4"},"F0FE":{"t":"C25A"},"F1B6":{"t":"GLF5"},"F221":{"t":"GLF5"},"F294":{"t":"C25C"},"F2A0":{"t":"B762"},"F2A4":{"t":"GLF5"},"F2C6":{"t":"B744"},"F2F6":{"t":"B738"},"F30B":{"t":"A306"},"F390":{"t":"F900"},"F42B":{"t":"GLF5"},"F468":{"t":"GLF3"},"F47F":{"t":"B744"},"F502":{"t":"B772"},"F652":{"t":"B734"},"F677":{"t":"SR22"},"F67D":{"t":"B744"},"F6C2":{"t":"A306"},"F6D4":{"t":"C208"},"F7DF":{"t":"F2TH"},"F836":{"t":"B744"},"FA0E":{"t":"B762"},"FA34":{"t":"B742"},"FA5C":{"t":"CL30"},"FA79":{"t":"A306"},"FB0C":{"t":"B738"},"FB3F":{"t":"B737"},"FB4E":{"t":"A319"},"FB96":{"t":"E135"},"FBED":{"t":"B744"},"FCCD":{},"FDC5":{"t":"B762"},"FDEB":{"t":"B744"},"FE30":{"t":"A306"},"FFA4":{"t":"B744"}}