{"017C":{"t":"B762"},"01A2":{"t":"B744"},"01E7":{"t":"A306"},"0381":{"t":"H25B"},"0523":{"t":"BK17"},"0526":{"t":"SR22"},"0529":{"t":"B772"},"0533":{"t":"B762"},"0559":{"t":"B744"},"059E":{"t":"A306"},"06A5":{"t":"GLF4"},"06F9":{"t":"B734"},"0855":{"t":"PA24"},"08E0":{"t":"B772"},"0910":{"t":"B742"},"0938":{"t":"CL30"},"0955":{"t":"A306"},"099E":{"t":"A320"},"0A65":{"t":"B742"},"0C6B":{"t":"PA18"},"0C90":{"t":"GLF5"},"0C92":{"t":"E135"},"0CA1":{"t":"B762"},"0CA7":{"t":"B744"},"0CC7":{"t":"B742"},"0D54":{"t":"BE9L"},"0D77":{"t":"PC12"},"0D7C":{"t":"C25C"},"0DAA":{"t":"P28R"},"0E1E":{"t":"GLF6"},"0E37":{},"0E62":{"t":"A319"},"0EA1":{"t":"C750"},"0EBB":{"t":"C310"},"107E":{"t":"B742"},"10C3":{"t":"A306"},"10C8":{},"11D3":{"t":"B742"},"140F":{"t":"B762"},"147A":{"t":"A306"},"158A":{"t":"B743"},"15CC":{"t":"A319"},"17E5":{"t":"GLF4"},"1815":{"t":"EA50"},"181E":{"t":"F2TH"},"1847":{"t":"H25A"},"18B3":{"t":"LJ55"},"18C8":{"t":"BE30"},"18EA":{"t":"CL60"},"1935":{"t":"GLF5"},"198D":{"t":"GLF4"},"19BD":{},"1A16":{"t":"B772"},"1A30":{"t":"C750"},"1A32":{"t":"FA50"},"1A50":{"t":"C750"},"1A8A":{"t":"A306"},"1AA5":{"t":"C750"},"1AAB":{"t":"C750"},"1AC0":{"t":"C750"},"1AE3":{"t":"C750"},"1B20":{"t":"BE20"},"1B21":{"t":"C750"},"1B36":{"t":"B752"},"1B46":{"t":"C750"},"1B60":{"t":"C750"},"1BC8":{"t":"C750"},"1C0D":{"t":"C750"},"1C1F":{"t":"C750"},"1C2C":{"t":"C750"},"1DCD":{"t":"B772"},"1E41":{"t":"A306"},"1E53":{"t":"C208"},"1E62":{"t":"C750"},"2184":{"t":"B772"},"21D3":{"t":"DA40"},"220A":{"t":"C208"},"2219":{"t":"C750"},"2242":{"t":"FA50"},"228A":{"t":"CL30"},"228B":{"t":"B734"},"22A4":{"t":"B752"},"22B4":{"t":"H25B"},"2307":{"t":"F2TH"},"2310":{"t":"B763"},"2315":{"t":"E135"},"2493":{"t":"P28A"},"253B":{"t":"B772"},"2642":{"t":"B734"},"26BF":{"t":"B742"},"26EC":{"t":"SR22"},"2709":{"t":"S76"},"28F2":{"t":"B772"},"28FF":{"t":"GLF5"},"2A12":{"t":"B752"},"2A76":{"t":"B742"},"2A9F":{"t":"GLEX"},"2BA1":{"t":"B739"},"2BA2":{"t":"B739"},"2BA4":{"t":"B739"},"2BA5":{"t":"B739"},"2BC1":{"t":"B739"},"2BC2":{"t":"B739"},"2BC4":{"t":"B739"},"2BC5":{"t":"B739"},"2CA9":{"t":"B772"},"2DC9":{"t":"B752"},"2E14":{"t":"GL5T"},"2E47":{"t":"M20T"},"2E7C":{"t":"GLF5"},"2FA4":{"t":"A660"},"305F":{"t":"B772"},"3269":{"t":"C750"},"33FA":{"t":"C77R"},"3410":{"t":"B752"},"3411":{"t":"B752"},"3417":{"t":"B772"},"3452":{"t":"FA20"},"350F":{"t":"B752"},"351E":{"t":"B752"},"3520":{"t":"GLF4"},"352C":{"t":"B752"},"355A":{"t":"GLF5"},"35A9":{},"37CE":{"t":"B772"},"37F6":{"t":"CL60"},"3952":{"t":"B742"},"3B85":{"t":"B772"},"3F35":{"t":"S76"},"3FA6":{"t":"PRM1"},"3FAF":{"t":"H25B"},"3FB5":{"t":"FA7X"},"4089":{"t":"F900"},"40B4":{"t":"GLF5"},"40C5":{"t":"CL60"},"40D8":{"t":"BE36"},"4187":{"t":"F900"},"418F":{"t":"GLEX"},"4195":{"t":"B772"},"41BD":{"t":"GLF5"},"4252":{"t":"A320"},"42B5":{"t":"B763"},"4319":{"t":"B742"},"439E":{"t":"C750"},"43E7":{"t":"C750"},"43EA":{"t":"B737"},"43EE":{"t":"F900"},"43F1":{"t":"F900"},"441C":{"t":"B772"},"4440":{"t":"B772"},"44AC":{"t":"B764"},"44AD":{"t":"B764"},"44CD":{"t":"B764"},"44CF":{"t":"B764"},"44D0":{"t":"B764"},"4548":{"t":"B772"},"4550":{"t":"B734"},"4587":{"t":"B762"},"461A":{"t":"C210"},"46AE":{"t":"GALX"},"46D0":{"t":"B742"},"4860":{"t":"B762"},"4862":{"t":"B762"},"4865":{"t":"B762"},"4903":{"t":"B772"},"493E":{"t":"B762"},"4A1A":{"t":"GLF6"},"4A23":{"t":"B763"},"4A7E":{"t":"TBM7"},"4C42":{"t":"B738"},"4CA4":{"t":"C120"},"4CD0":{"t":"B763"},"4CE0":{"t":"B752"},"4CFA":{"t":"GLF4"},"4D33":{"t":"FA7X"},"4D77":{"t":"A320"},"4DA9":{},"4E80":{"t":"A319"},"50A7":{"t":"C240"},"5191":{"t":"B763"},"51DF":{"t":"B763"},"521F":{"t":"B762"},"5237":{"t":"A319"},"527A":{"t":"C750"},"5428":{"t":"B772"},"552E":{"t":"GALX"},"5548":{"t":"B763"},"558A":{"t":"CL35"},"559E":{"t":"GLF4"},"55AC":{"t":"B742"},"55B2":{"t":"GLF5"},"5621":{"t":"CL60"},"568E":{"t":"B738"},"568F":{"t":"B738"},"5690":{"t":"B738"},"5691":{"t":"B738"},"5694":{"t":"B738"},"56B3":{"t":"B738"},"56B4":{"t":"B738"},"56B5":{"t":"B738"},"56B6":{"t":"B738"},"56B8":{"t":"B738"},"56D4":{"t":"B738"},"56D5":{"t":"B738"},"56D8":{"t":"B738"},"56DA":{"t":"B738"},"56DB":{"t":"B738"},"57DE":{"t":"AS55"},"57DF":{"t":"B772"},"588B":{"t":"FA50"},"589C":{"t":"A320"},"59A5":{"t":"A319"},"59AE":{"t":"B762"},"5B89":{"t":"B762"},"5B92":{"t":"B772"},"5B9F":{"t":"B762"},"5BC7":{"t":"BE36"},"5BD0":{"t":"GLF5"},"5BD5":{"t":"B762"},"5BE6":{"t":"GLF4"},"5C11":{"t":"GLF5"},"5C3A":{"t":"H25B"},"5C7B":{"t":"B762"},"5CB1":{"t":"B762"},"5CB6":{"t":"B763"},"5CBB":{"t":"B763"},"5D65":{"t":"B762"},"5DE3":{"t":"CL30"},"5F41":{"t":"B772"},"5F56":{"t":"B762"},"5FA4":{"t":"CL60"},"600A":{"t":"A320"},"6011":{"t":"GLF5"},"601D":{"t":"F2TH"},"606D":{"t":"B763"},"6103":{"t":"B772"},"611C":{"t":"B762"},"630D":{"t":"B762"},"632C":{"t":"CL60"},"640C":{"t":"BE20"},"641B":{"t":"G150"},"6424":{"t":"B763"},"64BA":{"t":"B772"},"64CA":{"t":"A319"},"64D3":{"t":"B762"},"650D":{"t":"C750"},"66EE":{"t":"GLF5"},"66F9":{"t":"GLF4"},"6735":{"t":"GLF4"},"674D":{"t":"M20P"},"67CC":{"t":"C441"},"6876":{"t":"GLEX"},"68AD":{"t":"GLF4"},"68EB":{"t":"P32R"},"6914":{"t":"B772"},"6922":{"t":"B752"},"6923":{"t":"CL60"},"69B8":{"t":"H25B"},"6A28":{"t":"F2TH"},"6A2B":{},"6A85":{"t":"H25A"},"6ABA":{"t":"PA46"},"6B16":{"t":"GLF4"},"6B1D":{"t":"C750"},"6B7E":{"t":"B772"},"6B9D":{"t":"B772"},"6B9F":{"t":"B772"},"6BA4":{"t":"B772"},"6BC0":{"t":"B772"},"6C50":{"t":"B764"},"6C6A":{"t":"FA7X"},"6CCB":{"t":"B772"},"6CD2":{"t":"GLF4"},"6CF3":{"t":"BE58"},"6D1D":{"t":"F2TH"},"6D79":{"t":"FA50"},"6D98":{"t":"GLF5"},"6DD8":{"t":"BE20"},"6E39":{"t":"A333"},"6E5E":{"t":"SR22"},"6E81":{"t":"B772"},"6FDB":{"t":"C525"},"7032":{},"7082":{"t":"B772"},"7089":{"t":"GLF4"},"7170":{"t":"B77L"},"718A":{"t":"BE36"},"718B":{"t":"F2TH"},"71F0":{"t":"A332"},"7238":{"t":"B772"},"737D":{"t":"B737"},"7439":{"t":"B772"},"7442":{"t":"B762"},"74A3":{"t":"B350"},"74AE":{"t":"C208"},"74EB":{"t":"H25B"},"7548":{"t":"GLF5"},"75A5":{"t":"SR22"},"75EF":{"t":"B772"},"7718":{"t":"B737"},"77EF":{"t":"B772"},"77F0":{"t":"B772"},"77F9":{"t":"B762"},"7865":{"t":"C208"},"78CE":{"t":"GLEX"},"78DE":{"t":"B77L"},"7974":{"t":"B77L"},"79A6":{"t":"B772"},"79F9":{"t":"C750"},"7ABD":{"t":"B739"},"7ABE":{"t":"B739"},"7BA7":{"t":"B772"},"7BB0":{"t":"B762"},"7C64":{"t":"A320"},"7D2B":{"t":"B77L"},"7D3C":{"t":"F2TH"},"7D45":{"t":"C525"},"7D5D":{"t":"B772"},"7E2E":{"t":"B738"},"7E36":{"t":"B738"},"7E51":{"t":"B738"},"7E56":{"t":"B738"},"7E74":{"t":"B738"},"7F5D":{"t":"B772"},"7F5E":{"t":"B772"},"801B":{"t":"GLF4"},"804C":{"t":"B77L"},"8065":{"t":"GLF3"},"8114":{"t":"B772"},"830C":{"t":"C175"},"8315":{"t":"B772"},"8319":{"t":"B772"},"8327":{"t":"E50P"},"8355":{"t":"CL60"},"836A":{"t":"C680"},"8381":{"t":"C25B"},"838B":{"t":"CL60"},"839C":{"t":"P210"},"83BE":{"t":"BE36"},"83C4":{"t":"C25B"},"83D0":{"t":"CL60"},"83F3":{"t":"GLF4"},"8499":{"t":"GLF4"},"84B4":{"t":"GLF4"},"84CB":{"t":"B772"},"8516":{"t":"TBM8"},"8662":{"t":"GLF4"},"86CC":{"t":"B772"},"8701":{"t":"GLF4"},"87BA":{"t":"B77L"},"8850":{"t":"B77L"},"8882":{"t":"B772"},"8A26":{"t":"B753"},"8A83":{"t":"B772"},"8A90":{"t":"B744"},"8B40":{"t":"A320"},"8BBE":{"t":"PC12"},"8C39":{"t":"B772"},"8E1B":{"t":"GLF4"},"8E8B":{"t":"BE36"},"8EAC":{"t":"BE9T"},"8EB3":{"t":"F2TH"},"8ECA":{"t":"BE33"},"8F1B":{"t":"HA4T"},"8F39":{"t":"FA50"},"8F6B":{"t":"F2TH"},"8F9B":{"t":"BE9L"},"8FC1":{"t":"CL60"},"9089":{"t":"PA30"},"9093":{"t":"B772"},"90A0":{"t":"B744"},"90EA":{"t":"GLF4"},"9103":{"t":"GLF5"},"9224":{"t":"F900"},"9249":{"t":"B772"},"927A":{"t":"GLF5"},"929C":{"t":"C750"},"92F8":{"t":"B772"},"92F9":{"t":"B772"},"92FA":{"t":"B772"},"92FB":{"t":"B772"},"92FC":{"t":"B772"},"92FF":{"t":"B772"},"9300":{"t":"B772"},"931D":{"t":"B772"},"9321":{"t":"B772"},"93C9":{"t":"B764"},"944A":{"t":"B772"},"9473":{"t":"SR20"},"9600":{"t":"B772"},"9801":{"t":"B772"},"9830":{"t":"B744"},"998A":{"t":"GLEX"},"99B7":{"t":"B772"},"9A0A":{"t":"C750"},"9BB8":{"t":"B772"},"9BC1":{"t":"B762"},"9CC0":{"t":"GLF5"},"9D3C":{"t":"B742"},"9D6E":{"t":"B772"},"9E57":{"t":"PA24"},"9EAD":{"t":"AC50"},"9F6F":{"t":"B772"},"9F78":{"t":"B762"},"A02C":{"t":"A320"},"A125":{"t":"B772"},"A244":{"t":"B739"},"A267":{"t":"B739"},"A31D":{"t":"F2TH"},"A326":{"t":"B772"},"A32F":{"t":"B762"},"A3E9":{},"A488":{"t":"GLF5"},"A4DC":{"t":"B772"},"A510":{"t":"BE20"},"A58B":{"t":"B738"},"A590":{"t":"B738"},"A593":{"t":"B738"},"A5AE":{"t":"B738"},"A5D4":{"t":"B738"},"A6D3":{"t":"C25A"},"A6D4":{"t":"F2TH"},"A6DD":{"t":"B772"},"A6E6":{"t":"B762"},"A713":{},"A79A":{"t":"GLF4"},"A893":{"t":"B772"},"A8E6":{"t":"C750"},"AA70":{"t":"C172"},"AA8B":{"t":"FA7X"},"AA92":{"t":"B772"},"AA9D":{"t":"B762"},"AAA1":{"t":"B788"},"AAAA":{"t":"B788"},"AAB6":{"t":"B788"},"AABE":{"t":"P28A"},"AAD2":{"t":"BE35"},"AB16":{"t":"B788"},"AB1D":{"t":"C340"},"AC0C":{"t":"PA46"},"AC4A":{"t":"B772"},"AC83":{"t":"B732"},"ACC7":{"t":"B788"},"AD93":{"t":"C402"},"AE4B":{"t":"B772"},"AE54":{"t":"B762"},"AF5D":{"t":"CL30"},"B001":{"t":"B772"},"B032":{"t":"COL3"},"B113":{"t":"M20P"},"B202":{"t":"B772"},"B240":{"t":"BE35"},"B2BF":{"t":"A320"},"B2C0":{"t":"FA50"},"B2FA":{"t":"BE30"},"B30C":{"t":"C340"},"B30D":{"t":"FA50"},"B386":{"t":"B743"},"B44C":{"t":"F900"},"B5C3":{"t":"GLEX"},"B5EB":{"t":"P180"},"B61B":{"t":"BE40"},"B667":{"t":"C25C"},"B66B":{},"B766":{"t":"H25B"},"B7C4":{"t":"C56X"},"B812":{"t":"B772"},"B81B":{"t":"B762"},"B826":{"t":"SR22"},"B841":{"t":"B742"},"B853":{"t":"FA20"},"B8D0":{"t":"F900"},"B9A5":{"t":"SR22"},"B9A8":{"t":"LJ60"},"B9B0":{"t":"TBM7"},"BA9A":{"t":"B772"},"BBC9":{"t":"B772"},"BBD2":{"t":"B762"},"BBF8":{"t":"B742"},"BD7F":{"t":"B772"},"BF80":{"t":"B772"},"BFA7":{"t":"C25A"},"BFAF":{"t":"B742"},"C136":{"t":"B772"},"C337":{"t":"B772"},"C340":{"t":"B762"},"C366":{"t":"B742"},"C36A":{"t":"GLF5"},"C36E":{"t":"CL60"},"C3AC":{"t":"C208"},"C3F4":{"t":"A320"},"C4ED":{"t":"B772"},"C6EE":{"t":"B772"},"C6F7":{"t":"B762"},"C71D":{"t":"B742"},"C7AB":{"t":"A321"},"C7F9":{"t":"GLF3"},"C7FC":{"t":"GLF4"},"C85B":{"t":"CL30"},"C8A4":{"t":"B772"},"C8F7":{"t":"C750"},"C981":{"t":"C172"},"CAA5":{"t":"B772"},"CAB2":{"t":"GLF5"},"CAD4":{"t":"B742"},"CB4E":{"t":"C750"},"CC29":{"t":"B742"},"CC5B":{"t":"B772"},"CCAE":{"t":"C750"},"CD50":{"t":"B738"},"CE5C":{"t":"B772"},"CE65":{"t":"B762"},"CE69":{"t":"B737"},"CF19":{"t":"A320"},"D012":{"t":"B772"},"D213":{"t":"B772"},"D23B":{"t":"C650"},"D246":{"t":"GLF5"},"D24A":{"t":"C172"},"D24E":{"t":"C750"},"D2C7":{"t":"F2TH"},"D2F1":{"t":"GLEX"},"D392":{"t":"C441"},"D3C9":{"t":"B772"},"D49B":{"t":"B737"},"D5CA":{"t":"B772"},"D780":{"t":"B772"},"D97F":{"t":"DC86"},"D981":{"t":"B772"},"D990":{"t":"B712"},"D9AA":{"t":"SR22"},"DA44":{"t":"P28T"},"DA90":{"t":"C680"},"DAF7":{"t":"H25B"},"DB37":{"t":"B772"},"DB7D":{"t":"GLEX"},"DDD0":{"t":"C25C"},"DE02":{"t":"C750"},"DE1C":{"t":"P210"},"DE41":{"t":"GLF4"},"DE56":{"t":"PA30"},"DEC9":{"t":"CL60"},"DF08":{"t":"GLEX"},"DF0C":{"t":"F900"},"DF84":{"t":"GLF4"},"DF96":{"t":"GLF4"},"DFE5":{"t":"LJ60"},"DFE8":{"t":"H25B"},"E001":{"t":"C25C"},"E028":{"t":"FA50"},"E035":{"t":"C25C"},"E037":{"t":"H25B"},"E042":{"t":"C510"},"E044":{"t":"PA31"},"E07F":{},"E0B8":{},"E0C1":{"t":"SR22"},"E0DA":{"t":"GLF5"},"E0E2":{"t":"F900"},"E124":{"t":"GLF3"},"E1E7":{"t":"B722"},"E1E8":{},"E1ED":{"t":"GLF3"},"E207":{"t":"BE20"},"E210":{"t":"B190"},"E233":{"t":"GLF5"},"E23D":{"t":"FA50"},"E266":{"t":"C25B"},"E26A":{"t":"PRM1"},"E280":{"t":"H25B"},"E2A5":{"t":"GLF4"},"E2AD":{"t":"GLF5"},"E2CF":{"t":"B737"},"E2E6":{"t":"H25B"},"E2E7":{"t":"H25B"},"E2F1":{"t":"BL8"},"E316":{"t":"B738"},"E328":{"t":"C525"},"E32B":{"t":"GALX"},"E32E":{"t":"GLF5"},"E337":{},"E35F":{"t":"C25A"},"E38A":{"t":"GLF3"},"E3A9":{"t":"H25B"},"E3C4":{"t":"BE76"},"E3DB":{"t":"A109"},"E41A":{"t":"CL60"},"E43A":{},"E4C3":{"t":"LA4"},"E4C6":{"t":"P28T"},"E4E2":{},"E597":{"t":"B788"},"E5A5":{"t":"GLF5"},"E5E4":{"t":"F2TH"},"E5E7":{"t":"DC87"},"E5EA":{"t":"FA50"},"E5EB":{"t":"B752"},"E5F7":{"t":"B739"},"E603":{"t":"CL30"},"E615":{"t":"A310"},"E62A":{"t":"ASTR"},"E6CD":{"t":"B738"},"E6D5":{"t":"A333"},"E725":{"t":"PRM1"},"E73B":{"t":"B738"},"E749":{"t":"GLF5"},"E79D":{"t":"F2TH"},"E952":{"t":"GLF5"},"E97F":{"t":"GLEX"},"E99E":{"t":"DC87"},"E9CC":{"t":"A310"},"EA02":{"t":"HA4T"},"EA84":{"t":"B738"},"EA8C":{"t":"A333"},"EADC":{"t":"H25A"},"EBAC":{"t":"BE9L"},"ED05":{"t":"FA50"},"ED09":{"t":"GLF4"},"ED55":{"t":"DC87"},"ED83":{"t":"A310"},"EE3B":{"t":"B738"},"EE43":{"t":"A333"},"EE89":{"t":"CL60"},"EE93":{"t":"HA4T"},"EEB7":{"t":"GLF5"},"EF89":{},"F0C0":{"t":"GLF4"},"F0CA":{"t":"GLEX"},"F0FF":{"t":"C560"},"F10C":{"t":"DC87"},"F13A":{"t":"A310"},"F146":{"t":"A318"},"F161":{"t":"BE9L"},"F183":{"t":"A320"},"F1D0":{"t":"E170"},"F1DD":{"t":"B763"},"F1F2":{"t":"B738"},"F1FA":{"t":"A333"},"F260":{"t":"B738"},"F323":{"t":"B06"},"F36B":{"t":"C188"},"F4BD":{"t":"CL60"},"F4E7":{},"F4F1":{"t":"A310"},"F53A":{"t":"A320"},"F5A9":{"t":"B738"},"F5B1":{"t":"A333"},"F617":{"t":"B738"},"F663":{"t":"CL60"},"F666":{},"F670":{"t":"F900"},"F828":{"t":"B788"},"F82A":{"t":"GLF5"},"F872":{"t":"E135"},"F874":{"t":"F2TH"},"F8A8":{"t":"A310"},"F960":{"t":"B738"},"F968":{"t":"A333"},"F9CE":{"t":"B738"},"FBDF":{"t":"B788"},"FBFA":{"t":"GLF4"},"FC11":{"t":"CRJ2"},"FC2C":{"t":"GLEX"},"FC31":{"t":"DC87"},"FC5F":{"t":"A310"},"FC60":{"t":"C208"},"FCF4":{"t":"H25B"},"FD17":{"t":"B738"},"FD1F":{"t":"A333"},"FEAA":{},"FECF":{},"FFA2":{"t":"B788"},"FFC8":{"t":"P32R"},"FFF9":{}}