{"000F":{"t":"DH8A"},"0016":{"t":"A310"},"0034":{},"004B":{"t":"CL60"},"0064":{"t":"GLF5"},"009A":{"t":"R44"},"00AE":{"t":"GLF4"},"00CE":{"t":"B738"},"00D6":{"t":"A333"},"0121":{"t":"SR22"},"0129":{"t":"C25B"},"012C":{},"013E":{"t":"GLF4"},"0140":{},"0158":{"t":"A319"},"015D":{"t":"C172"},"0182":{"t":"P28A"},"0191":{"t":"R44"},"01B4":{"t":"CL30"},"0225":{},"0230":{},"023D":{"t":"P28A"},"024D":{},"0252":{},"0267":{"t":"C150"},"027A":{},"027C":{"t":"PA18"},"028B":{"t":"C175"},"0293":{"t":"C172"},"0298":{},"02AB":{"t":"C414"},"02B1":{"t":"P28A"},"02BE":{"t":"C172"},"02C2":{"t":"PA18"},"02CC":{"t":"P28B"},"02CE":{"t":"PA34"},"02E4":{"t":"PA32"},"02F9":{"t":"PA30"},"030A":{"t":"P28B"},"0310":{"t":"C172"},"0325":{},"032C":{},"035A":{},"0383":{"t":"PA31"},"03C6":{"t":"DH8A"},"03CD":{"t":"A310"},"0463":{"t":"E170"},"0470":{"t":"P28R"},"0485":{"t":"B738"},"048D":{"t":"A333"},"04C7":{},"04EC":{"t":"SR22"},"04ED":{"t":"EC30"},"04F3":{"t":"B738"},"04F9":{"t":"E135"},"050F":{"t":"A319"},"05B9":{"t":"P28A"},"05BF":{},"05D6":{"t":"C402"},"05F7":{"t":"P28A"},"060A":{},"061B":{"t":"PA24"},"0640":{"t":"P28B"},"0658":{},"0659":{"t":"BE36"},"065B":{"t":"P28B"},"066B":{},"0681":{},"0682":{"t":"C310"},"0683":{"t":"P28A"},"0684":{"t":"PA24"},"068C":{},"0690":{"t":"C172"},"06A2":{"t":"P28A"},"06AB":{"t":"C175"},"06C3":{"t":"C188"},"0718":{"t":"PA34"},"071F":{"t":"PA23"},"075A":{"t":"M20T"},"075F":{"t":"DA40"},"0768":{"t":"C680"},"078C":{"t":"M20P"},"0799":{},"079C":{"t":"BE9T"},"07A9":{},"07D1":{},"07D3":{"t":"CH7A"},"0802":{"t":"LGEZ"},"080F":{"t":"BE20"},"081E":{"t":"P28A"},"0830":{"t":"BE9L"},"087C":{},"0883":{"t":"BE36"},"08A0":{"t":"F900"},"08B4":{"t":"PA34"},"08B7":{"t":"BE20"},"08DE":{},"0953":{},"095A":{"t":"GLEX"},"095D":{"t":"GALX"},"0968":{},"0972":{"t":"DC10"},"09DD":{"t":"A310"},"0A30":{},"0A5B":{},"0A64":{"t":"GLF4"},"0A6F":{"t":"H500"},"0A71":{"t":"COL4"},"0A8C":{"t":"P28R"},"0A95":{"t":"B738"},"0A9D":{"t":"A333"},"0AFC":{},"0B11":{"t":"GLF4"},"0B1E":{"t":"F2TH"},"0B41":{},"0BB5":{},"0BB8":{},"0BB9":{"t":"F900"},"0BC1":{"t":"P28A"},"0BD3":{"t":"P32R"},"0BD9":{"t":"C172"},"0BDB":{"t":"PA44"},"0BE3":{},"0BF8":{},"0C31":{"t":"P28A"},"0C32":{"t":"P28A"},"0C42":{"t":"C172"},"0C60":{},"0C6A":{"t":"C210"},"0C7B":{"t":"P28A"},"0C7C":{"t":"C140"},"0C84":{"t":"C140"},"0C8E":{"t":"P28T"},"0C8F":{"t":"BE36"},"0CB9":{"t":"PA34"},"0CC5":{"t":"C140"},"0CE2":{"t":"C172"},"0CF4":{},"0CF9":{"t":"BE9L"},"0D07":{"t":"P28B"},"0D1F":{"t":"H25A"},"0D32":{},"0D51":{},"0D64":{"t":"GLF4"},"0D73":{"t":"PA18"},"0D8B":{},"0D94":{"t":"A310"},"0DA9":{},"0DAA":{"t":"GLF5"},"0DDB":{"t":"BE55"},"0E19":{"t":"PC12"},"0E4C":{"t":"B738"},"0E54":{"t":"A333"},"0E8B":{"t":"LJ60"},"0ECD":{"t":"M20P"},"0ECE":{"t":"H269"},"0F0C":{},"0F81":{},"0F86":{},"0F8F":{},"0F96":{},"0F97":{},"0F98":{},"0FA4":{"t":"C172"},"0FC0":{"t":"P28A"},"0FC1":{},"0FC2":{},"0FC5":{},"0FCE":{},"0FD0":{},"0FD6":{"t":"P28A"},"0FDB":{"t":"H269"},"0FE0":{"t":"C310"},"0FEE":{},"1060":{"t":"B47G"},"10D6":{"t":"H25A"},"114B":{"t":"A310"},"1158":{"t":"PC12"},"1171":{},"11E1":{"t":"E170"},"1203":{"t":"B738"},"120B":{"t":"A333"},"1273":{},"139C":{},"1502":{"t":"A310"},"158C":{"t":"GLF3"},"15BA":{"t":"B738"},"15C2":{"t":"A333"},"15CA":{"t":"GLF4"},"15F0":{},"1611":{"t":"P46T"},"1628":{"t":"B738"},"1644":{"t":"A319"},"185F":{"t":"PRM1"},"1971":{"t":"B738"},"1979":{"t":"A333"},"198E":{"t":"CL60"},"1A3D":{"t":"C510"},"1A97":{"t":"BE36"},"1AC5":{"t":"B350"},"1B08":{"t":"B350"},"1B3E":{"t":"B739"},"1BB9":{"t":"B350"},"1C70":{"t":"A310"},"1D28":{"t":"B738"},"1D30":{"t":"A333"},"1D35":{"t":"GLEX"},"1D80":{"t":"B742"},"1E4E":{},"1FDB":{"t":"GALX"},"1FF4":{"t":"GLEX"},"2005":{"t":"C25C"},"2020":{"t":"DH8A"},"2027":{"t":"A310"},"20C0":{"t":"GLF5"},"20DF":{"t":"B738"},"20E7":{"t":"A333"},"214D":{},"2275":{"t":"SR20"},"2363":{"t":"CL60"},"23DE":{"t":"A310"},"2475":{"t":"GLF4"},"2496":{"t":"B738"},"249E":{"t":"A333"},"2504":{"t":"B738"},"256A":{"t":"FA7X"},"272E":{"t":"GLF4"},"2735":{"t":"F2TH"},"2737":{"t":"GLF4"},"27AA":{"t":"GLF4"},"27CD":{"t":"GLF5"},"27F1":{"t":"GALX"},"27F8":{"t":"CL30"},"27FA":{"t":"GLF4"},"2818":{"t":"GLF5"},"282C":{"t":"GLF4"},"2830":{"t":"PA23"},"284D":{"t":"B738"},"2855":{"t":"A333"},"288E":{"t":"CL30"},"2891":{"t":"GLF5"},"28B5":{"t":"GLF4"},"28BB":{"t":"B738"},"28C5":{"t":"CL60"},"28C6":{"t":"GLF3"},"28F1":{"t":"GLF3"},"293A":{"t":"PA30"},"2AD9":{"t":"GALX"},"2B12":{"t":"C25B"},"2BE2":{"t":"E170"},"2C04":{"t":"B738"},"2C0C":{"t":"A333"},"2C6C":{"t":"GLF4"},"2E82":{"t":"GLF4"},"2E8B":{"t":"C501"},"2E97":{"t":"C414"},"2EC1":{"t":"CL60"},"2EC9":{"t":"GLF3"},"2F35":{"t":"F900"},"2F99":{},"2F9B":{"t":"F900"},"3007":{"t":"F900"},"3026":{"t":"F900"},"3131":{"t":"BE20"},"318C":{"t":"GLF4"},"31FF":{"t":"GLF4"},"320A":{},"3214":{"t":"B738"},"321C":{"t":"A333"},"326C":{"t":"B742"},"3338":{"t":"F900"},"3456":{"t":"C172"},"349E":{"t":"GLEX"},"34C1":{"t":"DC87"},"34C7":{"t":"SR22"},"355C":{"t":"A320"},"35CB":{"t":"B738"},"35D3":{"t":"A333"},"35E5":{"t":"C25A"},"37D6":{"t":"E55P"},"3849":{"t":"GLF4"},"3878":{"t":"DC87"},"38AD":{"t":"M20P"},"38E2":{},"3960":{"t":"E170"},"3982":{"t":"B738"},"3A0C":{"t":"A319"},"3A52":{"t":"F900"},"3AAD":{"t":"BE36"},"3B4F":{"t":"PA34"},"3B67":{"t":"C77R"},"3C51":{"t":"GLEX"},"3C97":{"t":"GLF4"},"3D17":{"t":"E170"},"3D39":{"t":"B738"},"3D41":{"t":"A333"},"3E98":{"t":"E170"},"40CE":{"t":"E170"},"40DC":{"t":"C525"},"40F0":{"t":"B738"},"418A":{"t":"DA40"},"424A":{"t":"P28A"},"43AE":{"t":"H25B"},"4474":{"t":"GLF5"},"4489":{"t":"B764"},"4493":{"t":"C525"},"44A7":{"t":"B738"},"44BB":{"t":"DH8A"},"44FF":{"t":"CL60"},"4519":{"t":"CL30"},"4573":{"t":"PA46"},"4647":{"t":"BE33"},"46E4":{"t":"BE36"},"47ED":{},"4806":{"t":"F900"},"4816":{"t":"F2TH"},"4840":{"t":"B764"},"485E":{"t":"B738"},"4B20":{"t":"FA50"},"4B73":{"t":"GLF4"},"4BF3":{"t":"E170"},"4BF7":{"t":"B764"},"4C15":{"t":"B738"},"4C99":{"t":"E135"},"4D88":{"t":"P28A"},"4EC8":{"t":"GL5T"},"4EEB":{"t":"B739"},"4F78":{"t":"CL60"},"4FAE":{"t":"B764"},"4FD0":{"t":"H25B"},"502D":{},"5267":{},"5365":{"t":"B764"},"5381":{"t":"GLF2"},"5383":{"t":"B738"},"5387":{"t":"H25B"},"5641":{"t":"GLF5"},"5648":{"t":"GLF5"},"56A9":{"t":"SR22"},"56D2":{"t":"CL30"},"5714":{"t":"GLF5"},"5729":{"t":"S22T"},"575B":{"t":"BE20"},"57A5":{"t":"F900"},"57C1":{"t":"FA50"},"581C":{"t":"H25B"},"5889":{"t":"DC87"},"58F1":{"t":"GLF5"},"5975":{"t":"B764"},"5993":{"t":"B738"},"59FD":{"t":"GLF3"},"5A14":{"t":"HA4T"},"5AB7":{"t":"FA50"},"5ADE":{"t":"B738"},"5AFE":{"t":"B738"},"5B2B":{"t":"B738"},"5B66":{"t":"B738"},"5B8C":{"t":"B738"},"5BB1":{"t":"B738"},"5BD4":{"t":"B738"},"5BF0":{"t":"B738"},"5C87":{"t":"CL60"},"5D2C":{"t":"B764"},"5D4A":{"t":"B738"},"5E6C":{"t":"B738"},"5E9B":{"t":"B738"},"5EB2":{"t":"B738"},"5ED8":{"t":"B738"},"5F00":{"t":"B738"},"5F1B":{"t":"B738"},"5F43":{"t":"B738"},"5F6A":{"t":"B738"},"5F87":{"t":"B738"},"5FAA":{"t":"B738"},"60E3":{"t":"B764"},"6101":{"t":"B738"},"615B":{"t":"CL60"},"6229":{"t":"B738"},"62E4":{"t":"P28A"},"6309":{"t":"PA30"},"63E3":{"t":"GLF5"},"649A":{"t":"B764"},"64B8":{"t":"B738"},"6750":{"t":"B737"},"676C":{"t":"SR22"},"6851":{"t":"B764"},"686F":{"t":"B738"},"6AEE":{"t":"GLF4"},"6B07":{"t":"B737"},"6C08":{"t":"B764"},"6C26":{"t":"B738"},"6CC9":{"t":"A320"},"6D2C":{"t":"SR22"},"6EA9":{"t":"E135"},"6EBE":{"t":"B737"},"6EBF":{"t":"BE36"},"6FBF":{"t":"B764"},"6FDD":{"t":"B738"},"705B":{"t":"BE36"},"7080":{"t":"A320"},"7275":{"t":"GLF5"},"7376":{"t":"B764"},"7394":{"t":"B738"},"7437":{"t":"A320"},"75A8":{"t":"G164"},"762C":{"t":"GLF5"},"765F":{"t":"FA50"},"76E5":{"t":"H25B"},"772B":{"t":"GLF5"},"772D":{"t":"B764"},"774B":{"t":"B738"},"77A5":{"t":"GLEX"},"77EE":{"t":"A320"},"7A21":{"t":"B739"},"7AE4":{"t":"B764"},"7B02":{"t":"B738"},"7BA5":{"t":"A320"},"7DE5":{"t":"C750"},"7E2A":{"t":"GLF5"},"7E33":{"t":"GLF4"},"7E90":{"t":"C56X"},"7ECE":{"t":"C750"},"7F5B":{},"7F65":{"t":"PA24"},"7FE0":{"t":"PC12"},"800F":{"t":"SR20"},"80F4":{"t":"B764"},"8112":{"t":"B738"},"812B":{"t":"AC90"},"81B5":{"t":"A320"},"8236":{"t":"FA50"},"8395":{"t":"E135"},"84AB":{"t":"B764"},"84C9":{"t":"B738"},"856C":{"t":"A320"},"8595":{"t":"GLF4"},"87DE":{},"8862":{"t":"B764"},"8880":{"t":"B738"},"888D":{"t":"GLF4"},"8923":{"t":"A320"},"8941":{"t":"PC12"},"8C19":{"t":"B764"},"8C37":{"t":"B738"},"8CAC":{"t":"EA50"},"8CDA":{"t":"A320"},"8F51":{"t":"GLF4"},"8FD0":{"t":"B764"},"8FEE":{"t":"B738"},"9091":{"t":"A320"},"92EE":{"t":"C208"},"9302":{"t":"GLF4"},"9387":{"t":"B764"},"93A5":{"t":"B738"},"942F":{"t":"A319"},"943C":{"t":"CL30"},"9448":{"t":"A320"},"965A":{"t":"SR20"},"975C":{"t":"B738"},"978D":{"t":"GLF5"},"97FF":{"t":"A320"},"9B13":{"t":"B738"},"9BB6":{"t":"A320"},"9C76":{"t":"P28T"},"9DC6":{"t":"CL60"},"9E2D":{"t":"GLF4"},"9ECA":{"t":"B738"},"9F6D":{"t":"A320"},"A281":{"t":"B738"},"A324":{"t":"A320"},"A4FE":{"t":"CL60"},"A53C":{"t":"F900"},"A54A":{"t":"GLEX"},"A557":{"t":"FA7X"},"A612":{"t":"F2TH"},"A63F":{"t":"GLF5"},"A6B5":{"t":"FA50"},"A6DA":{"t":"GLF5"},"A75B":{"t":"TBM8"},"A762":{"t":"TBM8"},"A76B":{"t":"TBM8"},"A76C":{"t":"TBM8"},"A76F":{"t":"TBM8"},"A788":{"t":"TBM8"},"A79C":{"t":"H25B"},"A7A2":{"t":"TBM8"},"A7BB":{"t":"TBM8"},"A7BF":{"t":"H25B"},"A7C8":{"t":"H25B"},"A7C9":{"t":"FA50"},"A7CA":{"t":"FA50"},"A7D6":{"t":"TBM8"},"A7D9":{"t":"B77L"},"A7E5":{"t":"TBM8"},"A7F1":{"t":"TBM8"},"A7F5":{"t":"TBM8"},"A7FA":{"t":"TBM8"},"A800":{"t":"B748"},"A832":{"t":"TBM8"},"A83D":{"t":"TBM8"},"A843":{"t":"TBM8"},"A857":{"t":"TBM8"},"A859":{"t":"GLF4"},"A85A":{"t":"TBM8"},"A86C":{"t":"TBM8"},"A87B":{},"A891":{"t":"B738"},"A892":{"t":"TBM8"},"A89E":{"t":"TBM8"},"A8A4":{"t":"GLF3"},"A8AD":{"t":"TBM8"},"A8AF":{"t":"TBM8"},"A8E1":{"t":"TBM8"},"A8F1":{"t":"TBM8"},"A8F5":{"t":"TBM8"},"A8FF":{"t":"TBM8"},"A905":{"t":"TBM8"},"A90A":{"t":"TBM8"},"A912":{"t":"TBM8"},"A915":{"t":"TBM8"},"A935":{"t":"TBM8"},"A939":{"t":"TBM8"},"A93F":{},"A958":{"t":"TBM8"},"AA59":{"t":"CH7A"},"AB11":{"t":"E55P"},"AB43":{"t":"GLF4"},"AB90":{"t":"B77L"},"ABAC":{"t":"GLF4"},"ABB7":{"t":"B748"},"AC48":{"t":"B738"},"AC50":{"t":"A332"},"ACEB":{"t":"A320"},"AD04":{"t":"TBM8"},"AECD":{"t":"B752"},"AEFC":{"t":"SR22"},"AF47":{"t":"B77L"},"AFFF":{"t":"B738"},"B007":{"t":"A332"},"B0A2":{"t":"A320"},"B2B0":{"t":"TBM8"},"B2FE":{"t":"B77L"},"B325":{"t":"B748"},"B3B6":{"t":"B738"},"B3BE":{"t":"A332"},"B459":{"t":"A320"},"B548":{"t":"B06"},"B559":{"t":"CH7A"},"B55D":{"t":"CH7A"},"B573":{"t":"C182"},"B593":{"t":"C206"},"B61C":{"t":"BE35"},"B6B5":{"t":"B77L"},"B6DC":{"t":"B748"},"B76D":{"t":"B738"},"B775":{"t":"A332"},"B7C8":{"t":"GLF4"},"B810":{"t":"A320"},"BA62":{"t":"BE20"},"BA6C":{"t":"B77L"},"BA81":{"t":"GLF5"},"BA93":{"t":"B748"},"BB24":{"t":"B738"},"BB2C":{"t":"A332"},"BB64":{"t":"GLF5"},"BB7C":{"t":"GLF3"},"BB9D":{"t":"F2TH"},"BBC7":{"t":"A320"},"BE23":{"t":"B77L"},"BE76":{"t":"CL60"},"BEDB":{"t":"B738"},"BEE3":{"t":"A332"},"C1DA":{"t":"B77L"},"C292":{"t":"B738"},"C29A":{"t":"A332"},"C2FB":{"t":"GLF4"},"C51C":{"t":"B738"},"C51E":{"t":"BE58"},"C587":{"t":"BE58"},"C591":{"t":"B77L"},"C5F6":{"t":"H25B"},"C649":{"t":"B738"},"C651":{"t":"A332"},"C6A4":{"t":"C25A"},"C8CE":{"t":"CL60"},"C8D3":{"t":"B738"},"C948":{"t":"B77L"},"CA00":{"t":"B738"},"CA08":{"t":"A332"},"CA17":{"t":"PC12"},"CC7D":{"t":"CL60"},"CC86":{"t":"SR22"},"CD68":{"t":"TBM8"},"CD7E":{"t":"HA4T"},"CDB8":{"t":"CL60"},"CE3C":{"t":"GLEX"},"CED8":{"t":"GLF5"},"CEE3":{},"CEE5":{"t":"HA4T"},"CEF1":{"t":"FA50"},"CF23":{"t":"B772"},"D010":{"t":"B738"},"D018":{"t":"A332"},"D01F":{"t":"SR22"},"D063":{"t":"E170"},"D079":{"t":"F900"},"D135":{"t":"B738"},"D155":{"t":"B738"},"D17B":{"t":"B738"},"D19E":{"t":"B738"},"D1C5":{"t":"B738"},"D230":{"t":"B738"},"D29A":{"t":"B738"},"D2DA":{"t":"B772"},"D30F":{"t":"B77L"},"D310":{"t":"C208"},"D33E":{"t":"C25B"},"D3C7":{"t":"B738"},"D3CF":{"t":"A332"},"D424":{"t":"C182"},"D520":{"t":"PA30"},"D560":{"t":"C150"},"D57E":{"t":"B738"},"D691":{"t":"B772"},"D6C6":{"t":"B77L"},"D746":{"t":"E55P"},"D76A":{"t":"C525"},"D77E":{"t":"B738"},"DA33":{"t":"H25B"},"DA48":{"t":"B772"},"DA7D":{"t":"B77L"},"DB35":{"t":"B738"},"DDFF":{"t":"B772"},"DE34":{"t":"B77L"},"DEEC":{"t":"B738"},"E04B":{},"E16B":{"t":"GLF2"},"E1B6":{"t":"B772"},"E1E7":{"t":"DC86"},"E275":{"t":"E135"},"E2A3":{"t":"B738"},"E2B2":{"t":"FA50"},"E3E6":{"t":"B738"},"E553":{"t":"SR22"},"E56D":{"t":"B772"},"E629":{"t":"PA46"},"E65A":{"t":"B738"},"E6D6":{"t":"CL30"},"E868":{},"E924":{"t":"B772"},"EA11":{"t":"B738"},"EA84":{},"EB60":{"t":"PA32"},"ECA1":{"t":"TBM7"},"ECCB":{"t":"SR22"},"ED41":{"t":"C25C"},"EDC8":{"t":"B738"},"F17F":{"t":"B738"},"F373":{"t":"CRJ2"},"F3FC":{"t":"CL60"},"F47A":{"t":"C120"},"F598":{"t":"C750"},"F5B3":{"t":"FA50"},"F65D":{"t":"B734"},"F689":{"t":"TBM8"},"F694":{"t":"GLF5"},"F78F":{"t":"B738"},"F8FE":{"t":"C340"},"FB46":{"t":"B738"},"FBA4":{"t":"MD87"},"FDF7":{"t":"DC87"},"FEFD":{"t":"B738"},"FF5D":{"t":"DC87"}}