{"01AE":{"t":"TBM8"},"02B4":{"t":"B738"},"0564":{"t":"GLF4"},"066B":{"t":"B738"},"06AA":{"t":"GLF3"},"0A22":{"t":"B738"},"0B61":{"t":"B738"},"0B7F":{"t":"B738"},"0B80":{"t":"B738"},"0BA7":{"t":"B738"},"0BC4":{"t":"B738"},"0CAC":{"t":"C510"},"0CD2":{"t":"F900"},"0CD3":{"t":"TBM8"},"0CFD":{"t":"C340"},"0D4F":{"t":"CL60"},"0DD9":{"t":"B738"},"0F4A":{"t":"GLEX"},"0FED":{"t":"B737"},"1057":{"t":"GLF4"},"1059":{"t":"GLEX"},"1089":{"t":"SR22"},"1106":{"t":"CL60"},"1154":{"t":"GLF4"},"1190":{"t":"B738"},"11D4":{"t":"CL30"},"13C7":{"t":"H25B"},"1443":{"t":"CL60"},"1466":{"t":"GALX"},"14C8":{"t":"GL5T"},"1547":{"t":"B738"},"1553":{"t":"SR22"},"15AA":{"t":"GLF4"},"18FE":{"t":"B738"},"1B7D":{"t":"GLEX"},"1BC7":{"t":"GLF5"},"1BDF":{"t":"GLF5"},"1C13":{"t":"C25B"},"1C2F":{"t":"H25B"},"1C30":{"t":"F2TH"},"1CA7":{"t":"LJ60"},"1CA9":{"t":"P32R"},"1CAC":{"t":"F900"},"1CDD":{"t":"C25C"},"1D12":{"t":"C56X"},"1D5D":{"t":"PA34"},"1D80":{"t":"B737"},"1D83":{"t":"GALX"},"1DC6":{"t":"B703"},"1E13":{"t":"CL60"},"1E4B":{"t":"CL60"},"1E56":{"t":"F28"},"1E6E":{"t":"GLF4"},"1F0E":{"t":"B738"},"1F1B":{"t":"B462"},"1F4D":{"t":"M20T"},"1F73":{"t":"H25B"},"21BF":{"t":"TBM8"},"22C5":{"t":"B738"},"22EA":{"t":"F900"},"2346":{"t":"GLEX"},"234A":{"t":"CL60"},"2383":{},"2392":{"t":"GLEX"},"2513":{"t":"PA30"},"25C4":{"t":"B77L"},"267C":{"t":"B738"},"2749":{"t":"GLF5"},"28FA":{"t":"GLF5"},"292D":{"t":"TBM8"},"2953":{"t":"C182"},"297B":{"t":"B77L"},"29DC":{"t":"BE20"},"2A33":{"t":"B738"},"2A72":{"t":"LJ60"},"2A86":{"t":"FA50"},"2BBB":{"t":"GLF6"},"2CBD":{"t":"EA50"},"2CCC":{"t":"F900"},"2D32":{"t":"B77L"},"2D80":{"t":"C525"},"2DA3":{},"2DEA":{"t":"B738"},"2EB7":{"t":"GLF4"},"3078":{"t":"GLF4"},"3081":{"t":"F900"},"30C3":{"t":"P46T"},"30E9":{"t":"B77L"},"3136":{"t":"C25B"},"31A1":{"t":"B738"},"326E":{"t":"GLF5"},"3452":{"t":"TBM8"},"346D":{"t":"F900"},"347C":{"t":"GLF5"},"34A0":{"t":"B77L"},"3558":{"t":"B738"},"3625":{"t":"GLF6"},"37DD":{"t":"GLF5"},"3857":{"t":"B77L"},"390F":{"t":"B738"},"39D6":{"t":"GLEX"},"39DB":{"t":"GLEX"},"39DC":{"t":"GLF6"},"39E3":{"t":"FA7X"},"39E9":{"t":"FA7X"},"3B6A":{"t":"BE35"},"3B9C":{"t":"B737"},"3BA5":{"t":"CL60"},"3BC4":{"t":"F2TH"},"3BD5":{"t":"LJ45"},"3BD6":{"t":"JS32"},"3BDB":{"t":"GLF4"},"3C02":{"t":"GLF4"},"3C1A":{"t":"GLF4"},"3C32":{"t":"GALX"},"3C39":{"t":"GLEX"},"3C41":{"t":"GLF5"},"3C44":{"t":"GLF4"},"3C46":{"t":"GLF5"},"3C6A":{"t":"P210"},"3C91":{"t":"GLF5"},"3CA6":{"t":"GLF4"},"3CB7":{"t":"C182"},"3CDE":{"t":"GLF4"},"3CE3":{"t":"C25B"},"3D23":{"t":"C680"},"3D4D":{"t":"B737"},"3D79":{"t":"GLF5"},"3D94":{"t":"CRJ2"},"3DD2":{"t":"GLF4"},"3DDA":{"t":"GLEX"},"3EFD":{"t":"F2TH"},"3F04":{"t":"CL60"},"3F05":{"t":"H25C"},"3F20":{"t":"LJ60"},"3F46":{"t":"FA7X"},"3F82":{"t":"EA50"},"3F84":{"t":"GLEX"},"3F8F":{},"3FC5":{"t":"B77L"},"3FF3":{"t":"F900"},"400D":{"t":"GLEX"},"4013":{"t":"TBM8"},"4067":{"t":"GALX"},"4073":{"t":"B737"},"407D":{"t":"B738"},"40F0":{"t":"GLF4"},"40F1":{"t":"F900"},"4138":{"t":"SR22"},"4332":{"t":"F2TH"},"437D":{"t":"E135"},"4399":{"t":"SR22"},"4429":{"t":"SR22"},"442A":{"t":"FA50"},"4554":{"t":"GLF5"},"4557":{"t":"LJ55"},"456F":{"t":"F900"},"45CB":{"t":"BE9L"},"45D5":{"t":"B77L"},"45FC":{"t":"BE9L"},"4657":{"t":"LJ35"},"468D":{"t":"B738"},"4962":{"t":"SR22"},"496F":{"t":"GLF5"},"4A44":{"t":"B738"},"4CC4":{"t":"C25B"},"4D43":{"t":"B77L"},"4DFB":{"t":"B738"},"51B2":{"t":"B738"},"54B2":{"t":"C208"},"5569":{},"5777":{"t":"C172"},"5802":{"t":"CL30"},"581C":{"t":"CL60"},"5824":{"t":"CRJ2"},"5868":{"t":"B77L"},"5920":{"t":"B738"},"5BD1":{"t":"TBM8"},"5BEA":{"t":"FA50"},"5CA9":{"t":"E55P"},"5CD7":{"t":"B738"},"5F6A":{"t":"GLF5"},"5F88":{"t":"TBM8"},"608E":{"t":"B738"},"62B9":{"t":"PA30"},"6316":{"t":"CL60"},"6321":{"t":"GLF4"},"63E5":{"t":"E135"},"6434":{"t":"E55P"},"6445":{"t":"B738"},"64C6":{"t":"F900"},"6511":{"t":"GLEX"},"669D":{"t":"GLF4"},"66CD":{"t":"HA4T"},"67F2":{"t":"GLF5"},"67FC":{"t":"B738"},"6863":{"t":"GLF5"},"6865":{"t":"CL60"},"6885":{"t":"F2TH"},"6A7D":{"t":"AC11"},"6A91":{"t":"C421"},"6AA9":{"t":"GLF4"},"6B86":{"t":"BE58"},"6BAD":{"t":"C750"},"6C0D":{"t":"GLF5"},"6CDF":{"t":"BE20"},"6D23":{},"6D27":{"t":"C182"},"6D47":{"t":"PA46"},"6D4C":{"t":"GLEX"},"6D61":{"t":"PAY2"},"6D62":{"t":"GALX"},"6D66":{"t":"GLEX"},"6DBC":{"t":"BE9L"},"6DF1":{"t":"GLF3"},"6E17":{},"6E4A":{"t":"B737"},"6E84":{"t":"F900"},"6EB1":{"t":"BE9T"},"6EB8":{"t":"PA24"},"6EFA":{"t":"C425"},"6F34":{"t":"TBM8"},"6F37":{"t":"GLF4"},"6F3A":{"t":"GLF4"},"6F5D":{"t":"F900"},"6F66":{"t":"F2TH"},"6F77":{"t":"F900"},"6F92":{"t":"C680"},"6F97":{"t":"GLF4"},"6F9C":{"t":"E135"},"6FA1":{"t":"GLF5"},"6FAE":{"t":"C208"},"6FB2":{"t":"F900"},"6FB6":{"t":"CL60"},"6FDC":{"t":"C25A"},"6FDE":{"t":"F900"},"6FDF":{"t":"F900"},"6FE0":{"t":"F900"},"6FE2":{"t":"F900"},"6FED":{"t":"E55P"},"6FF6":{"t":"FA50"},"6FFB":{"t":"F900"},"7012":{"t":"FA50"},"7016":{"t":"F900"},"701D":{"t":"F900"},"7029":{"t":"F900"},"702A":{"t":"H25B"},"702C":{"t":"GLEX"},"7034":{"t":"F900"},"7037":{"t":"GLEX"},"7045":{"t":"F900"},"7046":{"t":"F900"},"7053":{"t":"F900"},"705A":{"t":"F900"},"70AD":{},"70B9":{"t":"F900"},"70C5":{"t":"F900"},"70C9":{"t":"F900"},"70D2":{"t":"F900"},"70DC":{"t":"F900"},"70E5":{"t":"F900"},"70F8":{"t":"SR22"},"710E":{"t":"F900"},"7126":{"t":"F900"},"7127":{"t":"F900"},"7130":{"t":"GLF4"},"7159":{"t":"F900"},"7183":{"t":"BE36"},"71C1":{},"72AF":{"t":"C510"},"72F3":{"t":"B744"},"7364":{"t":"B752"},"7402":{"t":"F900"},"741C":{"t":"B738"},"7475":{"t":"F900"},"747A":{"t":"H25B"},"7492":{"t":"FA50"},"74A2":{"t":"F900"},"74FE":{"t":"H25B"},"7699":{"t":"GLF4"},"76A1":{"t":"CL60"},"76AA":{"t":"B744"},"76FA":{"t":"F900"},"7749":{"t":"GLF4"},"7777":{},"7794":{"t":"GLF4"},"77B9":{"t":"GLEX"},"77BB":{"t":"CL60"},"77C9":{"t":"F900"},"77D3":{"t":"B738"},"77E3":{},"782C":{"t":"F900"},"783A":{"t":"SR22"},"7849":{"t":"FA50"},"791D":{"t":"A319"},"7A61":{"t":"B744"},"7ACB":{"t":"F900"},"7AD2":{"t":"B752"},"7AE7":{"t":"GLF4"},"7AF8":{"t":"F2TH"},"7B1D":{"t":"C421"},"7BFD":{"t":"CL30"},"7E64":{"t":"GLEX"},"7E9E":{"t":"GLF5"},"7EDA":{"t":"CL60"},"7EE7":{"t":"F900"},"7FB4":{"t":"GLF4"},"80B8":{"t":"C182"},"8182":{"t":"C510"},"81D8":{"t":"F2TH"},"820B":{"t":"MD90"},"8240":{"t":"B752"},"8245":{"t":"F900"},"82C7":{"t":"GLF4"},"82E4":{"t":"H25B"},"8305":{"t":"DA40"},"8368":{"t":"GLEX"},"8626":{"t":"DH8A"},"8653":{"t":"GLEX"},"868E":{"t":"B712"},"86A4":{},"86AF":{"t":"B738"},"8708":{"t":"FA7X"},"8774":{"t":"F900"},"8ABF":{},"8B32":{"t":"CL60"},"8D17":{"t":"F900"},"8D18":{"t":"SR20"},"8D37":{"t":"GLF4"},"8D6C":{"t":"E135"},"8D94":{"t":"DH8A"},"8DAE":{"t":"F900"},"8DB1":{"t":"B721"},"8DFC":{"t":"B712"},"8E1D":{"t":"B738"},"8ED7":{"t":"GLF4"},"9168":{"t":"GLF2"},"91AB":{"t":"E135"},"91AE":{"t":"C525"},"91B3":{"t":"B712"},"91BA":{"t":"F2TH"},"91BB":{"t":"C25A"},"91EC":{"t":"F900"},"9222":{"t":"GLF3"},"9499":{"t":"GLF5"},"94FA":{"t":"C25B"},"953B":{"t":"CL60"},"954D":{"t":"GLF5"},"956C":{"t":"CL60"},"957F":{"t":"GLF2"},"96EE":{"t":"F2TH"},"9725":{"t":"F900"},"972C":{"t":"B752"},"9733":{"t":"E135"},"9788":{"t":"F900"},"978E":{"t":"CL60"},"97C3":{"t":"B712"},"97D3":{"t":"F900"},"97E4":{"t":"B738"},"9809":{"t":"F900"},"9949":{"t":"GLF5"},"9AA5":{"t":"BE65"},"9E4C":{"t":"CRJ2"},"9E9A":{"t":"B752"},"9E9B":{"t":"C208"},"9EE4":{"t":"E135"},"9F3E":{"t":"F2TH"},"9FF5":{},"A0C4":{"t":"PA46"},"A220":{"t":"MD88"},"A251":{"t":"B752"},"A2E8":{"t":"B712"},"A2ED":{"t":"GLF4"},"A36D":{"t":"F900"},"A3A3":{"t":"A321"},"A5A4":{"t":"GLF5"},"A5BE":{"t":"H25B"},"A5C2":{"t":"SR22"},"A5F2":{"t":"GLF4"},"A608":{"t":"B752"},"A60F":{"t":"E135"},"A64F":{"t":"GLF5"},"A6F6":{"t":"C750"},"A725":{"t":"C680"},"A760":{"t":"A321"},"A794":{"t":"CL60"},"A7AD":{"t":"CL60"},"A94A":{"t":"GLF4"},"A952":{"t":"GLEX"},"A970":{"t":"PA46"},"A9BF":{"t":"B752"},"AA27":{},"AAB7":{"t":"C750"},"AD2B":{"t":"SR22"},"AD2E":{"t":"ASTR"},"AD76":{"t":"B752"},"AD9C":{"t":"B06"},"AE8F":{"t":"B734"},"AEC4":{"t":"B744"},"B12D":{"t":"B752"},"B143":{"t":"GLF5"},"B14D":{"t":"GLEX"},"B1AF":{"t":"E55P"},"B223":{"t":"GLEX"},"B29F":{"t":"GLF4"},"B2A0":{"t":"GLF4"},"B2AD":{"t":"B737"},"B479":{"t":"B772"},"B483":{"t":"GLF3"},"B496":{"t":"CRJ2"},"B498":{"t":"GLF4"},"B4B5":{},"B4E4":{"t":"B752"},"B537":{"t":"F900"},"B568":{"t":"GLF4"},"B58A":{"t":"F900"},"B59C":{"t":"B738"},"B5F8":{"t":"SR22"},"B5F9":{"t":"P46T"},"B5FF":{"t":"GLF5"},"B60E":{"t":"GLF4"},"B61E":{"t":"BE40"},"B636":{"t":"A321"},"B6D1":{"t":"PA46"},"B84D":{},"B89B":{"t":"B752"},"B964":{"t":"GLF5"},"B9AB":{"t":"F900"},"B9AC":{"t":"GLF6"},"BA43":{"t":"GLF5"},"BA74":{"t":"AT3P"},"BA88":{"t":"PA46"},"BB27":{"t":"P46T"},"BBD6":{"t":"GLF4"},"BC19":{"t":"C750"},"BCCC":{"t":"GLF5"},"BD27":{"t":"C421"},"BD5D":{"t":"BE33"},"BD5E":{"t":"C750"},"BD71":{"t":"B737"},"BDC8":{"t":"BE20"},"BE3C":{"t":"B712"},"BE77":{"t":"F900"},"BE7A":{"t":"MD88"},"BE86":{"t":"B737"},"BEAB":{"t":"B752"},"BF42":{"t":"B712"},"BF63":{"t":"B738"},"BF99":{"t":"C750"},"BFBB":{"t":"F900"},"C262":{"t":"B752"},"C27E":{"t":"P46T"},"C2FB":{"t":"GLF3"},"C358":{"t":"DC86"},"C3D8":{"t":"F900"},"C5CC":{"t":"GLF4"},"C5CF":{"t":"SR22"},"C619":{"t":"B752"},"C61A":{"t":"C208"},"C647":{"t":"GLF4"},"C675":{"t":"F900"},"C707":{"t":"C750"},"C7F7":{"t":"PA46"},"C98C":{"t":"GLF4"},"C9A7":{"t":"MD90"},"C9D0":{"t":"B752"},"C9E6":{"t":"G280"},"CA1C":{"t":"F2TH"},"CAE6":{"t":"GLEX"},"CD10":{"t":"E135"},"CD6C":{},"CD87":{"t":"B752"},"CE53":{"t":"S92"},"CF03":{"t":"FA50"},"D0C7":{"t":"F2TH"},"D0F2":{"t":"SR22"},"D10B":{"t":"GLF4"},"D10C":{"t":"CL60"},"D11D":{},"D13E":{"t":"B752"},"D145":{"t":"E135"},"D196":{"t":"GLF4"},"D1D5":{"t":"B712"},"D2C6":{"t":"BE9L"},"D392":{"t":"GLEX"},"D478":{"t":"P46T"},"D4F5":{"t":"B752"},"D5A1":{"t":"WB57"},"D5D0":{"t":"C25A"},"D5FB":{"t":"GLF4"},"D615":{"t":"CL60"},"D623":{"t":"C25C"},"D68A":{"t":"CRJ9"},"D841":{"t":"B772"},"D8AC":{"t":"B752"},"D941":{"t":"GLF6"},"D964":{"t":"B738"},"D99A":{"t":"C750"},"DB73":{"t":"PA46"},"DBFE":{},"DC63":{"t":"B752"},"DC64":{"t":"C208"},"DC7B":{"t":"GLF5"},"DCB4":{"t":"C680"},"DD51":{"t":"C750"},"DD7C":{"t":"S22T"},"DD84":{"t":"G150"},"DD8A":{"t":"GLEX"},"DDE0":{"t":"FA50"},"DE5F":{"t":"P46T"},"DE7F":{"t":"PA46"},"DFB5":{"t":"C25C"},"E063":{"t":"A321"},"E177":{"t":"C25A"},"E190":{"t":"GALX"},"E194":{},"E362":{"t":"GLF4"},"E3F8":{"t":"SR22"},"E44B":{"t":"CL30"},"E463":{"t":"GLF5"},"E467":{"t":"AS65"},"E48D":{"t":"CL30"},"E4E0":{"t":"C750"},"E50F":{"t":"C750"},"E554":{"t":"SR22"},"E5F7":{"t":"GLF4"},"E61A":{"t":"GLEX"},"E62A":{"t":"B752"},"E65A":{"t":"B737"},"E6E2":{"t":"B738"},"E7E8":{"t":"PA46"},"E876":{"t":"M20P"},"E8BC":{},"E963":{"t":"M20T"},"E9ED":{"t":"A319"},"EDA4":{"t":"A319"},"EF2F":{"t":"C56X"},"F02B":{"t":"P28A"},"F0D5":{"t":"A321"},"F149":{"t":"GLEX"},"F14F":{"t":"B752"},"F15B":{"t":"A319"},"F17D":{"t":"GLF5"},"F1EC":{"t":"CL60"},"F266":{"t":"C650"},"F506":{"t":"B752"},"F507":{"t":"C208"},"F512":{"t":"A319"},"F54F":{"t":"A321"},"F8B3":{"t":"B350"},"F8BD":{"t":"B752"},"F8C9":{"t":"A319"},"F8D3":{"t":"GALX"},"F8EC":{"t":"DH8A"},"F906":{"t":"A321"},"FA13":{"t":"B752"},"FC37":{"t":"SR22"},"FC49":{"t":"MD88"},"FC74":{"t":"B752"},"FC80":{"t":"A319"},"FCA4":{"t":"BE36"},"FD0A":{"t":"MD83"},"FD14":{"t":"GLF4"},"FDCA":{"t":"B752"}}