{"0037":{"t":"A319"},"005A":{"t":"DH8A"},"0181":{"t":"B752"},"0373":{"t":"B712"},"03EE":{"t":"A319"},"0538":{"t":"B752"},"05EA":{"t":"PA24"},"0726":{"t":"GL5T"},"074D":{"t":"CL60"},"0799":{},"079A":{"t":"C208"},"07A5":{"t":"A319"},"07E3":{"t":"C510"},"0805":{"t":"GLF3"},"0836":{"t":"GL5T"},"08B8":{"t":"SR20"},"08EF":{"t":"B752"},"0ADC":{"t":"GLF4"},"0B57":{"t":"GLF3"},"0B5A":{"t":"C25C"},"0BAC":{"t":"C25C"},"0BE6":{},"0C17":{"t":"GLF4"},"0C5F":{"t":"U21"},"0CA3":{"t":"F900"},"0D31":{"t":"GLF5"},"0DA9":{},"0DB5":{"t":"A319"},"0E97":{"t":"C750"},"0EFF":{"t":"B752"},"0FB4":{"t":"PC12"},"10F3":{"t":"A332"},"1160":{"t":"B752"},"116C":{"t":"A319"},"12B6":{"t":"B752"},"1517":{"t":"B752"},"1523":{"t":"A319"},"1570":{"t":"GLF5"},"15CF":{"t":"B738"},"166D":{"t":"B752"},"17A0":{"t":"C180"},"18CE":{"t":"B752"},"18DA":{"t":"A319"},"1986":{"t":"B738"},"1C85":{"t":"B752"},"1CB3":{"t":"GLF5"},"2048":{"t":"A319"},"2052":{"t":"G150"},"2062":{"t":"LJ60"},"210A":{"t":"GLF3"},"2156":{"t":"H25B"},"2170":{"t":"F900"},"23F3":{"t":"B752"},"24AB":{"t":"B738"},"251E":{"t":"FA50"},"27AA":{"t":"B752"},"27B6":{"t":"A319"},"27C0":{"t":"GLF5"},"2862":{"t":"B738"},"2900":{"t":"E190"},"2AE3":{"t":"A332"},"2B61":{"t":"B752"},"2B6D":{"t":"A319"},"2B91":{"t":"BE10"},"2ECA":{"t":"B744"},"2ECC":{"t":"WW24"},"2F18":{"t":"B752"},"2F24":{"t":"A319"},"2F3B":{"t":"GLEX"},"2F9C":{"t":"C25B"},"3152":{"t":"GLF5"},"3253":{"t":"GLF5"},"3299":{"t":"PA34"},"32D9":{"t":"C25C"},"32F6":{"t":"SR22"},"3300":{"t":"FA50"},"33F8":{"t":"PA31"},"342B":{"t":"BE9L"},"34B7":{"t":"MD11"},"34E5":{"t":"GLF4"},"3528":{"t":"B752"},"3556":{"t":"FA50"},"3558":{"t":"HA4T"},"3571":{"t":"F900"},"3627":{"t":"CL60"},"363D":{"t":"F900"},"36B4":{"t":"FA7X"},"386E":{"t":"MD11"},"38DF":{"t":"B752"},"38EB":{"t":"A319"},"3997":{"t":"B738"},"39DF":{"t":"GLF2"},"39E1":{"t":"CL60"},"3C25":{"t":"MD11"},"3C48":{"t":"B744"},"3C96":{"t":"B752"},"3CA2":{"t":"A319"},"3CAF":{"t":"F900"},"3D4E":{"t":"B738"},"3DEC":{"t":"E190"},"3FCE":{"t":"SR22"},"3FDC":{"t":"MD11"},"404A":{"t":"CL60"},"404D":{"t":"B752"},"4059":{"t":"A319"},"4393":{"t":"MD11"},"447D":{"t":"CL60"},"447F":{"t":"BE36"},"474A":{"t":"MD11"},"47E9":{"t":"CL30"},"48CF":{"t":"H25B"},"48D2":{"t":"PA46"},"4B27":{"t":"SR22"},"4B72":{"t":"B752"},"4EFE":{"t":"MD88"},"4F29":{},"4F2A":{"t":"C208"},"4FED":{"t":"GALX"},"52B6":{"t":"F900"},"5376":{"t":"C340"},"540A":{"t":"GLF4"},"545B":{"t":"E170"},"5697":{},"59D1":{"t":"G150"},"59D9":{"t":"BE20"},"5A29":{"t":"CL60"},"5A55":{"t":"SR22"},"5A86":{"t":"TBM8"},"5A96":{"t":"GLF4"},"5AA0":{"t":"C421"},"5AF4":{"t":"PC12"},"5B16":{"t":"C25C"},"5B5A":{"t":"C750"},"5B67":{"t":"H25B"},"5B90":{"t":"GLF5"},"5BA1":{"t":"FA50"},"5BAE":{"t":"BE36"},"5C9B":{"t":"E50P"},"5CA7":{"t":"B752"},"5DBC":{"t":"F900"},"5DE5":{"t":"FA20"},"5FE9":{"t":"B788"},"6116":{"t":"B738"},"61B8":{"t":"GLF4"},"6415":{"t":"B752"},"6535":{"t":"GLF4"},"672F":{"t":"MD83"},"681A":{"t":"EA50"},"68D3":{"t":"F900"},"6B0E":{"t":"B788"},"6B14":{"t":"B712"},"6B5A":{},"6BFE":{"t":"B350"},"6EC5":{"t":"B788"},"6F50":{"t":"GLF5"},"7204":{"t":"C182"},"727C":{"t":"B788"},"72D4":{"t":"F900"},"72F1":{"t":"B752"},"731F":{"t":"F900"},"74FC":{"t":"C680"},"7633":{"t":"B788"},"7660":{"t":"A332"},"76A8":{"t":"B752"},"7735":{},"776F":{"t":"GALX"},"794E":{},"79F2":{"t":"A332"},"7B17":{"t":"B738"},"7DA2":{"t":"B738"},"7DA9":{"t":"A332"},"7DEB":{"t":"MD88"},"7E2D":{"t":"C560"},"7E61":{"t":"LJ60"},"7ECE":{"t":"B738"},"81A6":{"t":"GLEX"},"81D0":{"t":"F2TH"},"81DB":{"t":"GLF4"},"81F0":{"t":"TRIN"},"82D0":{"t":"TBM8"},"848D":{"t":"GLF4"},"853B":{"t":"F900"},"853E":{"t":"GLF4"},"853F":{"t":"C750"},"89C0":{},"8B8A":{"t":"S22T"},"8C37":{"t":"GLF4"},"8ECD":{"t":"C680"},"8EDE":{"t":"A332"},"8EE5":{},"8F21":{"t":"SR20"},"905E":{"t":"SR22"},"9295":{"t":"A332"},"92A4":{"t":"F900"},"934D":{"t":"HA4T"},"9470":{"t":"DC10"},"964C":{"t":"A332"},"96DE":{"t":"GLF4"},"9DAB":{"t":"C750"},"9DE6":{"t":"F2TH"},"9E3D":{"t":"GLF5"},"A024":{"t":"CL60"},"A0A2":{},"A2B7":{"t":"F900"},"A2FD":{"t":"SR22"},"A310":{"t":"B739"},"A415":{"t":"M20P"},"A521":{"t":"B738"},"A548":{"t":"GLF4"},"A5C4":{"t":"DH8A"},"A629":{"t":"TBM7"},"A6BF":{"t":"H25B"},"A6C9":{"t":"HA4T"},"A913":{},"A9D7":{"t":"GLF4"},"AA0D":{"t":"F900"},"AA50":{"t":"F2TH"},"AA7C":{"t":"F2TH"},"AAE3":{"t":"C56X"},"AB31":{"t":"B738"},"ABC1":{"t":"GLEX"},"ABD5":{},"ACB4":{"t":"FA50"},"ACBA":{"t":"F900"},"AEE8":{"t":"B738"},"AF44":{"t":"E190"},"B08E":{"t":"B739"},"B095":{"t":"GLEX"},"B29F":{"t":"B738"},"B2C3":{"t":"C25B"},"B2C8":{"t":"SR22"},"B3D3":{},"B445":{"t":"B739"},"B4AD":{"t":"H25B"},"B656":{"t":"B738"},"B711":{"t":"GLEX"},"B7FC":{"t":"B739"},"BA10":{"t":"MD11"},"BA21":{"t":"LJ75"},"BACB":{"t":"HA4T"},"BAD4":{"t":"B762"},"BADD":{"t":"GLF4"},"BBB3":{"t":"B739"},"BDC7":{"t":"MD11"},"BE40":{"t":"CL30"},"BE82":{"t":"GLF5"},"BE94":{},"BF6A":{"t":"B739"},"BFD2":{"t":"H25B"},"C17E":{"t":"MD11"},"C239":{"t":"HA4T"},"C530":{"t":"F900"},"C532":{"t":"B738"},"C535":{"t":"MD11"},"C558":{"t":"SR22"},"C563":{"t":"C510"},"C5A2":{"t":"FA50"},"C5BE":{"t":"MD87"},"C5E2":{"t":"CL30"},"C8EC":{"t":"MD11"},"C93B":{"t":"F2TH"},"C979":{"t":"GLEX"},"C98B":{"t":"F900"},"C9A7":{},"C9FB":{"t":"BE20"},"CA7C":{"t":"SR22"},"CA85":{"t":"F900"},"CCA0":{"t":"B738"},"CD14":{},"CD5E":{"t":"GLF5"},"CE13":{"t":"GLEX"},"CF9A":{"t":"F2TH"},"D003":{"t":"BE20"},"D051":{"t":"C25B"},"D065":{"t":"C750"},"D0CE":{"t":"F900"},"D0E1":{"t":"GLF4"},"D0F7":{"t":"GLF4"},"D140":{"t":"CL60"},"D1DD":{"t":"GLF4"},"D269":{},"D2AD":{"t":"CL60"},"D2B0":{"t":"B738"},"D2B5":{"t":"B712"},"D2B7":{"t":"DH8A"},"D308":{"t":"GLF4"},"D324":{},"D352":{"t":"PC12"},"D386":{"t":"BE9L"},"D3A0":{"t":"LJ35"},"D3C2":{"t":"FA50"},"D3D1":{"t":"GLF4"},"D44D":{"t":"A319"},"D667":{"t":"B738"},"D6A7":{"t":"LJ60"},"D6DB":{"t":"B752"},"D756":{"t":"FA50"},"D75A":{"t":"GLF5"},"D818":{"t":"CL60"},"D9B4":{"t":"C180"},"DA1E":{"t":"B738"},"DA43":{},"DA92":{"t":"B752"},"DAE5":{},"DB3E":{"t":"GLF3"},"DC08":{},"DDCB":{"t":"G150"},"DDD4":{"t":"F900"},"DE49":{"t":"B752"},"DE70":{"t":"F900"},"DF59":{"t":"CL60"},"E16D":{"t":"GLF4"},"E200":{"t":"B752"},"E201":{"t":"C208"},"E223":{"t":"F2TH"},"E31F":{"t":"SR20"},"E554":{"t":"HA4T"},"E58F":{"t":"LJ35"},"E5B7":{"t":"B752"},"E5D3":{"t":"GLF4"},"E6D0":{"t":"F900"},"E7CA":{"t":"C172"},"E96E":{},"E984":{"t":"G150"},"ECD6":{"t":"C680"},"ED25":{"t":"B752"},"EE45":{"t":"C25A"},"F413":{"t":"GLF4"},"F41E":{"t":"C500"},"F430":{},"F47E":{"t":"F900"},"F493":{"t":"B752"},"F4B6":{"t":"GLF4"},"F516":{"t":"BE9L"},"F522":{"t":"GLF4"},"F540":{"t":"GLF4"},"F542":{"t":"CL30"},"F56D":{"t":"CL60"},"F5F7":{"t":"CL60"},"F609":{},"F64F":{"t":"GLEX"},"F666":{"t":"BE58"},"F7B1":{"t":"GLF4"},"FD65":{"r":"88-2101","t":"C130"},"FD6D":{"r":"900528","t":"SW4"},"FD6F":{"r":"900530","t":"SW4"},"FD70":{"r":"900531","t":"SW4"},"FD72":{"r":"91-0502","t":"SW4"},"FDAB":{"r":"90-0300","t":"GLF4"},"FDAF":{"r":"87-0140","t":"GLF3"},"FDB1":{"r":"91-0108","t":"GLF4"},"FDB3":{"r":"87-0139","t":"GLF3"},"FDBE":{"r":"93-7311","t":"C130"},"FDCD":{"r":"93-2105","t":"C130"},"FDD3":{"r":"95-6709","t":"C130"},"FDD8":{"r":"95-1002","t":"C130"},"FDDC":{"r":"94-7315","t":"C130"},"FDDD":{"r":"94-7316","t":"C130"},"FDE2":{"r":"85-0049","t":"GLF3"},"FDE4":{"r":"86-0403","t":"GLF3"},"FDEC":{"r":"94-6707","t":"C130"},"FDF8":{"r":"82-8000","t":"B742"},"FDF9":{"r":"92-9000","t":"B742"},"FE47":{"r":"94-0315","t":"BE20"},"FE4D":{"r":"94-0321","t":"BE20"},"FE52":{"r":"94-0323","t":"BE20"},"FE55":{"r":"94-0326","t":"BE20"},"FE56":{"r":"92-0375","t":"GLF5"},"FE5B":{"r":"90-1792","t":"C130"},"FE5C":{"r":"90-1793","t":"C130"},"FE5D":{"r":"90-1794","t":"C130"},"FE5E":{"r":"90-1795","t":"C130"},"FE60":{"r":"90-1797","t":"C130"},"FE61":{"r":"90-1798","t":"C130"},"FE63":{"r":"91-1232","t":"C130"},"FE67":{"r":"91-1236","t":"C130"},"FE69":{"r":"91-1238","t":"C130"},"FE6D":{"r":"91-1653","t":"C130"},"FE6F":{"r":"92-1532","t":"C130"},"FE71":{"r":"92-1534","t":"C130"},"FE72":{"r":"92-1535","t":"C130"},"FE74":{"r":"92-1537","t":"C130"},"FE75":{"r":"92-1538","t":"C130"},"FE76":{"r":"92-1451","t":"C130"},"FE7E":{"r":"92-3285","t":"C130"},"FE82":{"r":"92-0547","t":"C130"},"FE84":{"r":"92-0549","t":"C130"},"FE86":{"r":"92-0551","t":"C130"},"FE92":{"r":"95-0093","t":"BE20"},"FEA0":{"r":"94-7320","t":"C130"},"FEA8":{"r":"96-1005","t":"C130"},"FEAC":{"r":"83-0081","t":"DC10"},"FEAD":{"r":"84-0192","t":"DC10"},"FEB3":{"r":"73-1676","t":"B742"},"FEB4":{"r":"73-1677","t":"B742"},"FEB5":{"r":"74-0787","t":"B742"},"FEB6":{"r":"75-0125","t":"B742"},"FEB7":{"r":"98-0001","t":"B752"},"FEB8":{"r":"98-0002","t":"B752"},"FEB9":{"r":"99-0003","t":"B752"},"FEBA":{"r":"99-0004","t":"B752"},"FEBB":{"r":"95-0123","t":"C560"},"FEBC":{"r":"95-0124","t":"C560"},"FEBE":{"r":"96-0108","t":"C560"},"FEBF":{"r":"96-0109","t":"C560"},"FEC1":{"r":"96-0111","t":"C560"},"FEDF":{"r":"62-3558","t":"K35R"},"FEE2":{"r":"159113","t":"DC93"},"FEE3":{"r":"159114","t":"DC93"},"FEE4":{"r":"159115","t":"DC93"},"FEE5":{"r":"159116","t":"DC93"},"FEE6":{"r":"159117","t":"DC93"},"FEE7":{"r":"159118","t":"DC93"},"FEE8":{"r":"159119","t":"DC93"},"FEE9":{"r":"159120","t":"DC93"},"FEEB":{"r":"160047","t":"DC93"},"FEEC":{"r":"160048","t":"DC93"},"FEED":{"r":"160049","t":"DC93"},"FEEE":{"r":"160050","t":"DC93"},"FEEF":{"r":"160051","t":"DC93"},"FEF0":{"r":"161266","t":"DC93"},"FEF1":{"r":"161529","t":"DC93"},"FEF2":{"r":"161530","t":"DC93"},"FF0C":{"r":"60-0335","t":"K35R"},"FF0D":{"r":"62-3559","t":"K35R"}}