{"10B3":{"r":"01-0065","t":"GLF5"},"10B5":{"r":"01-0186","t":"C17"},"10B6":{"r":"01-0187","t":"C17"},"10B7":{"r":"01-0188","t":"C17"},"10B8":{"r":"01-0189","t":"C17"},"10B9":{"r":"01-0190","t":"C17"},"10BA":{"r":"01-0191","t":"C17"},"10BB":{"r":"01-0192","t":"C17"},"10BC":{"r":"01-0193","t":"C17"},"10BD":{"r":"01-0194","t":"C17"},"10BE":{"r":"01-0195","t":"C17"},"10BF":{"r":"01-0196","t":"C17"},"10C0":{"r":"01-0197","t":"C17"},"10C1":{"r":"01","t":"GLF5"},"10E0":{"r":"92-13122","t":"BE20"},"10E5":{"r":"93-0700","t":"BE20"},"10F0":{"r":"76-0164","t":"BE20"},"115D":{"r":"01-0015","t":"B737"},"115E":{"r":"01-0030","t":"GLF5"},"1160":{"r":"02-1434","t":"C30J"},"1165":{"r":"02-0201","t":"B737"},"1167":{"r":"02-0202","t":"B737"},"1169":{"r":"84-0163","t":"BE20"},"116F":{"r":"84-0180","t":"BE20"},"1170":{"r":"02-1098","t":"C17"},"1171":{"r":"02-1099","t":"C17"},"1172":{"r":"02-1100","t":"C17"},"1173":{"r":"02-1101","t":"C17"},"1174":{"r":"02-1102","t":"C17"},"1175":{"r":"02-1103","t":"C17"},"1176":{"r":"02-1104","t":"C17"},"1177":{"r":"02-1105","t":"C17"},"1178":{"r":"02-1106","t":"C17"},"1179":{"r":"02-1107","t":"C17"},"117A":{"r":"02-1108","t":"C17"},"117B":{"r":"02-1109","t":"C17"},"117C":{"r":"02-1110","t":"C17"},"117D":{"r":"02-1111","t":"C17"},"117E":{"r":"02-1112","t":"C17"},"118A":{"r":"02-1863","t":"GLF5"},"1192":{"r":"166474","t":"C560"},"1196":{"r":"03-3113","t":"C17"},"1197":{"r":"03-3114","t":"C17"},"1198":{"r":"03-3115","t":"C17"},"1199":{"r":"03-3116","t":"C17"},"119A":{"r":"03-3117","t":"C17"},"119B":{"r":"03-3118","t":"C17"},"119C":{"r":"03-3119","t":"C17"},"119D":{"r":"03-3120","t":"C17"},"11D3":{"r":"71-1408","t":"E3TF"},"11D5":{"r":"73-1675","t":"E3TF"},"11D7":{"r":"75-0557","t":"E3TF"},"11D8":{"r":"75-0558","t":"E3TF"},"11D9":{"r":"75-0559","t":"E3TF"},"11DB":{"r":"76-1604","t":"E3TF"},"11DC":{"r":"76-1605","t":"E3TF"},"11DF":{"r":"77-0351","t":"E3TF"},"11E0":{"r":"77-0352","t":"E3TF"},"11E2":{"r":"77-0355","t":"E3TF"},"11E3":{"r":"77-0356","t":"E3TF"},"11E4":{"r":"78-0576","t":"E3TF"},"11E5":{"r":"78-0577","t":"E3TF"},"11E7":{"r":"79-0001","t":"E3TF"},"11E9":{"r":"79-0003","t":"E3TF"},"11EA":{"r":"80-0137","t":"E3TF"},"11ED":{"r":"81-0004","t":"E3TF"},"11EF":{"r":"82-0006","t":"E3TF"},"11F2":{"r":"83-0009","t":"E3TF"},"11F7":{"r":"01-0041","t":"B737"},"11F8":{"r":"02-0042","t":"B737"},"11FA":{"r":"02-0203","t":"B737"},"1203":{"r":"89-0271","t":"BE20"},"121A":{"r":"65-0973","t":"C130"},"121F":{"r":"65-0986","t":"C130"},"1220":{"r":"65-0985","t":"C130"},"1221":{"r":"64-14852","t":"C130"},"1222":{"r":"65-0988","t":"C130"},"1223":{"r":"64-14865","t":"C130"},"1233":{"r":"03-3122","t":"C17"},"1234":{"r":"03-3123","t":"C17"},"1235":{"r":"03-3124","t":"C17"},"1236":{"r":"03-3125","t":"C17"},"1237":{"r":"03-3126","t":"C17"},"1238":{"r":"03-3127","t":"C17"},"1239":{"r":"04-4129","t":"C17"},"123A":{"r":"04-4128","t":"C17"},"123B":{"r":"04-4130","t":"C17"},"123C":{"r":"04-4131","t":"C17"},"123D":{"r":"04-4132","t":"C17"},"123E":{"r":"04-4133","t":"C17"},"123F":{"r":"04-4134","t":"C17"},"1240":{"r":"04-4135","t":"C17"},"1241":{"r":"04-4136","t":"C17"},"1242":{"r":"04-4137","t":"C17"},"1251":{"r":"165835","t":"B737"},"1252":{"r":"165836","t":"B737"},"1253":{"r":"62-4126","t":"R135"},"1255":{"r":"166511","t":"C30J"},"1256":{"r":"166512","t":"C30J"},"1258":{"r":"166376","t":"GLF5"},"1261":{"r":"63-7884","t":"C130"},"1274":{"r":"73-1595","t":"C130"},"1276":{"r":"73-1581","t":"C130"},"127A":{"r":"73-1592","t":"C130"},"127B":{"r":"73-1581","t":"C130"},"127C":{"r":"73-1583","t":"C130"},"127E":{"r":"73-1585","t":"C130"},"1287":{"r":"69-5820","t":"C130"},"1288":{"r":"66-0217","t":"C130"},"1289":{"r":"65-0991","t":"C130"},"128A":{"r":"69-5822","t":"C130"},"128B":{"r":"64-14854","t":"C130"},"128C":{"r":"69-5827","t":"C130"},"128F":{"r":"85-0011","t":"C130"},"1290":{"r":"87-0024","t":"C130"},"1294":{"r":"89-0283","t":"C130"},"12AC":{"r":"88-1803","t":"C130"},"12AD":{"r":"88-0264","t":"C130"},"12AE":{"r":"88-0195","t":"C130"},"12B1":{"r":"66-0215","t":"C130"},"12B2":{"r":"66-0220","t":"C130"},"12B3":{"r":"65-0992","t":"C130"},"12B7":{"r":"87-0023","t":"C130"},"12BC":{"r":"69-5823","t":"C130"},"12C5":{"r":"87-0125","t":"C130"},"12CA":{"r":"66-0216","t":"C130"},"12CC":{"r":"66-0223","t":"C130"},"12D8":{"r":"62-1799","t":"C130"},"12D9":{"r":"62-1801","t":"C130"},"1305":{"r":"63-7833","t":"C130"},"130C":{"r":"166513","t":"C30J"},"13D1":{"r":"04-1778","t":"GLF5"},"143A":{"r":"166715","t":"C560"},"143D":{"r":"05-1435","t":"C30J"},"143F":{"r":"05-1465","t":"C30J"},"1440":{"r":"05-1466","t":"C30J"},"1448":{"r":"04-4138","t":"C17"},"1449":{"r":"05-5139","t":"C17"},"144A":{"r":"05-5140","t":"C17"},"144B":{"r":"05-5141","t":"C17"},"144C":{"r":"05-5142","t":"C17"},"144D":{"r":"05-5143","t":"C17"},"144E":{"r":"05-5144","t":"C17"},"144F":{"r":"05-5145","t":"C17"},"1452":{"r":"05-5148","t":"C17"},"1453":{"r":"05-5149","t":"C17"},"1454":{"r":"05-5150","t":"C17"},"1456":{"r":"05-5152","t":"C17"},"1457":{"r":"05-5153","t":"C17"},"1458":{"r":"06-6154","t":"C17"},"1459":{"r":"06-6155","t":"C17"},"145A":{"r":"06-6156","t":"C17"},"145B":{"r":"06-6157","t":"C17"},"145C":{"r":"06-6158","t":"C17"},"145D":{"r":"06-6159","t":"C17"},"145E":{"r":"06-6160","t":"C17"},"145F":{"r":"06-6161","t":"C17"},"1460":{"r":"06-6162","t":"C17"},"1461":{"r":"06-6163","t":"C17"},"1462":{"r":"06-6164","t":"C17"},"1463":{"r":"06-6165","t":"C17"},"1464":{"r":"06-6166","t":"C17"},"1465":{"r":"06-6167","t":"C17"},"1466":{"r":"06-6168","t":"C17"},"1467":{"r":"07-7169","t":"C17"},"1468":{"r":"07-7170","t":"C17"},"1469":{"r":"07-7171","t":"C17"},"146A":{"r":"07-7172","t":"C17"},"146B":{"r":"07-7173","t":"C17"},"146C":{"r":"07-7174","t":"C17"},"146D":{"r":"07-7175","t":"C17"},"146E":{"r":"07-7176","t":"C17"},"146F":{"r":"07-7177","t":"C17"},"1470":{"r":"07-7178","t":"C17"},"1471":{"r":"07-7179","t":"C17"},"1472":{"r":"07-7180","t":"C17"},"147A":{"r":"166693","t":"B737"},"148A":{"r":"92-3289","t":"B703"},"1490":{"r":"95-0122","t":"B703"},"1491":{"r":"95-0121","t":"B703"},"14F5":{"r":"65-0970","t":"C130"},"151A":{"r":"166377","t":"GLF5"},"1524":{"r":"167108","t":"C30J"},"1526":{"r":"167110","t":"C30J"},"1527":{"r":"167111","t":"C30J"},"1528":{"r":"167112","t":"C30J"},"152C":{"r":"166378","t":"GLF5"},"1533":{"r":"06-1437","t":"C30J"},"17EF":{"r":"05-0730","t":"B737"},"1893":{"r":"72-1299","t":"C130"},"189A":{"r":"05-4613","t":"B737"},"189C":{"r":"05-0932","t":"B737"},"19D4":{"r":"81-0977","t":"A10"},"19EE":{"r":"82-0653","t":"A10"},"1BEB":{"r":"07-1468","t":"C30J"},"1BEC":{"r":"06-8610","t":"C30J"},"1BED":{"r":"06-8611","t":"C30J"},"1BEE":{"r":"06-8612","t":"C30J"},"1BF0":{"r":"07-4637","t":"C30J"},"1BF3":{"r":"07-46310","t":"C30J"},"1CB9":{"r":"62-1834","t":"C130"},"1CCC":{"r":"86-0164","t":"F15"},"1D75":{"r":"162773","t":"P3"},"1D7F":{"r":"163002","t":"P3"},"1F20":{"r":"62-1811","t":"C130"},"206D":{"r":"06-0500","t":"GLF5"},"20C2":{"r":"07-7181","t":"C17"},"20C3":{"r":"07-7182","t":"C17"},"20C4":{"r":"07-7183","t":"C17"},"20C5":{"r":"07-7184","t":"C17"},"20C6":{"r":"07-7185","t":"C17"},"20C7":{"r":"07-7186","t":"C17"},"20C8":{"r":"07-7187","t":"C17"},"20C9":{"r":"07-7188","t":"C17"},"20CA":{"r":"07-7189","t":"C17"},"2208":{"r":"08-8601","t":"C30J"},"2209":{"r":"08-8602","t":"C30J"},"220A":{"r":"08-8603","t":"C30J"},"220B":{"r":"08-8604","t":"C30J"},"220C":{"r":"08-8605","t":"C30J"},"220D":{"r":"08-8606","t":"C30J"},"220E":{"r":"08-8607","t":"C30J"},"220F":{"r":"07-8608","t":"C30J"},"2210":{"r":"07-8609","t":"C30J"},"222C":{"r":"167951","t":"B738"},"222D":{"r":"167954","t":"P8"},"222F":{"r":"167954","t":"B738"},"2230":{"r":"167955","t":"P8"},"272F":{"r":"08-27013","t":"C27J"},"2736":{"r":"KC-3802","t":"C30J"},"293A":{"r":"07-8614","t":"C30J"},"293B":{"r":"07-8614","t":"C30J"},"29DD":{"r":"08-3173","t":"C30J"},"29FD":{"r":"166694","t":"B738"},"29FE":{"r":"166695","t":"B737"},"2E2E":{"r":"84-0044","t":"F15"},"2F5B":{"r":"09-0628","t":"B350"},"2F60":{"r":"09-0641","t":"B350"},"2F61":{"r":"09-0642","t":"B350"},"2F62":{"r":"09-0644","t":"B350"},"2F64":{"r":"09-0647","t":"B350"},"2F6D":{"r":"09-0662","t":"BE20"},"2F70":{"r":"09-0681","t":"B350"},"2F9C":{"r":"168070","t":"C30J"},"2FA2":{"r":"08-8190","t":"C17"},"2FA3":{"r":"08-8191","t":"C17"},"2FA4":{"r":"08-8192","t":"C17"},"2FA5":{"r":"08-8193","t":"C17"},"2FA6":{"r":"08-8194","t":"C17"},"2FA7":{"r":"08-8195","t":"C17"},"2FA8":{"r":"08-8196","t":"C17"},"2FA9":{"r":"08-8197","t":"C17"},"2FAA":{"r":"08-8198","t":"C17"},"2FAB":{"r":"08-8199","t":"C17"},"2FAC":{"r":"08-8200","t":"C17"},"2FAD":{"r":"08-8201","t":"C17"},"2FAE":{"r":"08-8202","t":"C17"},"2FB0":{"r":"08-8204","t":"C17"},"49C1":{"r":"09-9205","t":"C17"},"49C2":{"r":"09-9206","t":"C17"},"49C3":{"r":"09-9207","t":"C17"},"49C4":{"r":"09-9208","t":"C17"},"49C5":{"r":"09-9209","t":"C17"},"49C6":{"r":"09-9210","t":"C17"},"49C7":{"r":"09-9211","t":"C17"},"49C8":{"r":"09-9212","t":"C17"},"4A60":{"r":"166696","t":"B737"},"4A7A":{"r":"168204","t":"B350"},"4A81":{"r":"09-0525","t":"GLF5"},"4AE8":{"r":"09-0016","t":"B752"},"4AEA":{"r":"09-0017","t":"B752"},"4AF0":{"r":"08-3175","t":"C30J"},"4BDE":{"r":"10-5701","t":"C30J"},"4BE7":{"r":"10-5714","t":"C30J"},"4D66":{"r":"10-0213","t":"C17"},"4D67":{"r":"10-0214","t":"C17"},"4D68":{"r":"10-0215","t":"C17"},"4D6A":{"r":"10-0217","t":"C17"},"4DDD":{"r":"11-0550","t":"GLF5"},"4E05":{"r":"02","t":"GLF5"},"4E19":{"r":"11-5731","t":"C30J"},"4E1B":{"r":"11-5733","t":"C30J"},"4E1D":{"r":"11-5737","t":"C30J"},"4EB1":{"r":"167956","t":"P8"},"4F12":{"r":"10-0218","t":"C17"},"4F13":{"r":"10-0219","t":"C17"},"4F14":{"r":"10-0220","t":"C17"},"4F15":{"r":"10-0221","t":"C17"},"4F16":{"r":"10-0222","t":"C17"},"540C":{"r":"11-0060","t":"V22"},"54CB":{"r":"12-5757","t":"C30J"},"54CC":{"r":"12-5759","t":"C30J"},"54CD":{"r":"12-5760","t":"C30J"},"children":["AE0"]}