{"000ED":{"t":"CL30"},"00141":{"t":"C560"},"00154":{"t":"B734"},"0015C":{"t":"C25B"},"00246":{"t":"B738"},"00256":{"t":"FA7X"},"002EA":{"t":"CL60"},"00304":{"t":"GLEX"},"00318":{"t":"CL60"},"00319":{"t":"CL60"},"00409":{"t":"CL60"},"004EA":{"t":"B737"},"004F3":{"t":"B737"},"0054A":{"t":"B763"},"0054D":{"t":"B763"},"0054E":{"t":"B763"},"0054F":{"t":"B763"},"0059B":{"t":"CL60"},"005C8":{},"0061A":{"t":"CL60"},"006B1":{"t":"B738"},"006D7":{"t":"CL60"},"006E0":{"t":"C680"},"0078E":{"t":"B737"},"00800":{"t":"A310"},"00810":{"t":"F2TH"},"00964":{"t":"CL30"},"00A9B":{"t":"B738"},"00AE5":{"t":"LJ60"},"00B8A":{"t":"E170"},"00B98":{"t":"E170"},"00B9E":{"t":"E170"},"00BDC":{"t":"LJ35"},"00BEC":{"t":"B737"},"00CD6":{"t":"B737"},"00CF5":{"t":"C208"},"00D00":{"t":"DH8C"},"00D07":{"t":"DH8C"},"00D1E":{"t":"DH8C"},"00D51":{"t":"CL30"},"00EC2":{"t":"B738"},"00FE2":{"t":"B762"},"01061":{"t":"CL60"},"010B3":{"t":"CL30"},"010B4":{"t":"CL30"},"01205":{"t":"B738"},"0121E":{"t":"B737"},"0131B":{"t":"CL60"},"013DB":{"t":"CVLP"},"0140F":{"t":"GLF4"},"01442":{"t":"ASTR"},"01472":{"t":"TBM8"},"014BC":{"r":"15005","t":"A310"},"01551":{"t":"B737"},"0171A":{"t":"B773"},"01723":{"t":"B773"},"01725":{"t":"B773"},"01729":{"t":"B772"},"0172E":{"t":"B772"},"01732":{"t":"B772"},"01734":{"t":"B773"},"0173A":{"t":"B77W"},"0173E":{"t":"B773"},"0173F":{"t":"B773"},"0174D":{"t":"B772"},"0174F":{"t":"B773"},"01753":{"t":"B773"},"01754":{"t":"B773"},"01755":{"t":"B773"},"01759":{"t":"B77W"},"0175A":{"t":"B77W"},"01766":{"t":"B737"},"017FA":{"t":"CL30"},"01897":{"t":"C750"},"018B1":{"t":"CL60"},"01929":{"t":"CL60"},"01931":{"t":"F2TH"},"01939":{"t":"F900"},"0193A":{"t":"GALX"},"01AA5":{"t":"CL30"},"01AA6":{"t":"B752"},"01B12":{"t":"H25B"},"01B4F":{"t":"B737"},"01B5F":{"t":"CL60"},"01BA3":{"t":"CL60"},"01CAE":{"t":"B738"},"01D7E":{"t":"B734"},"01D82":{"t":"B734"},"01E28":{"t":"FA7X"},"01E4F":{"t":"CL60"},"01E50":{"t":"BE58"},"01E90":{"t":"B752"},"01ED0":{"t":"LJ45"},"01EF7":{"t":"B738"},"01F52":{"t":"B737"},"01FA8":{"t":"B738"},"01FB9":{"t":"B752"},"01FED":{"t":"C550"},"01FEE":{"t":"B762"},"01FFD":{"t":"CRJ2"},"02023":{},"02028":{"t":"B752"},"0202D":{},"02039":{"t":"B752"},"0203E":{"t":"FA50"},"02063":{"t":"CRJ2"},"02072":{},"0214E":{"t":"GL5T"},"021F6":{"t":"B737"},"021FC":{"t":"B763"},"021FD":{"t":"B763"},"02201":{"t":"B763"},"02202":{"t":"B763"},"02205":{"t":"B763"},"02209":{"t":"B763"},"022D1":{"t":"CL60"},"023AA":{"t":"B77L"},"023AE":{"t":"B772"},"023B7":{"t":"B773"},"023BB":{"t":"B77W"},"023BD":{"t":"B77W"},"023C7":{"t":"B789"},"02415":{"t":"C750"},"02501":{"t":"DH8C"},"0252D":{"t":"B763"},"026B4":{"t":"GLF4"},"0272C":{"t":"DH8A"},"027D1":{"t":"B763"},"027D5":{"t":"C510"},"027FC":{"t":"CL60"},"02865":{"t":"B735"},"02937":{"t":"DH8D"},"02966":{"t":"LJ35"},"02A0B":{"t":"PC12"},"02CF1":{"t":"B773"},"02D21":{"t":"CL60"},"02F21":{"t":"B738"},"02F75":{"t":"B738"},"02F78":{"t":"B738"},"02FC5":{"t":"CL60"},"03000":{"t":"CL60"},"0307B":{"t":"FA20"},"03084":{"t":"CL60"},"0313C":{"t":"DH8B"},"03150":{"t":"DH8D"},"03231":{"t":"B738"},"03234":{"t":"B738"},"03260":{"t":"CL2P"},"03261":{"t":"B763"},"03278":{"t":"B738"},"0327A":{"t":"B738"},"03291":{"t":"B738"},"032A2":{"t":"C750"},"032D1":{"t":"DC3"},"0330B":{"t":"GLEX"},"0331E":{"t":"B738"},"03343":{"t":"CRJ2"},"03352":{"t":"CL60"},"03355":{"t":"B738"},"03380":{"t":"B429"},"0338B":{"t":"P46T"},"033A0":{"t":"B738"},"03472":{"t":"B737"},"034D1":{"t":"B738"},"03580":{"t":"DHC6"},"03689":{"t":"CRJ2"},"0371F":{"t":"B737"},"03A9A":{"t":"CRJ2"},"03AF2":{"t":"B738"},"03B34":{"t":"F900"},"03B41":{"t":"CL2P"},"03BF1":{"t":"B738"},"03BF2":{"t":"B737"},"03BF5":{"t":"B737"},"03BF7":{"t":"B737"},"03BFB":{"t":"B737"},"03C02":{"t":"B737"},"03C04":{"t":"B737"},"03C05":{"t":"B737"},"03C34":{"t":"CL30"},"03C44":{"t":"B738"},"03CF1":{"t":"B763"},"03CFE":{"t":"CL60"},"03D5F":{"t":"B738"},"03E33":{"t":"CRJ2"},"03EAD":{"t":"C25B"},"03F02":{"t":"B737"},"0407E":{"t":"A343"},"04081":{"t":"B738"},"0410E":{"t":"B738"},"0410F":{"t":"B738"},"04170":{},"043B4":{"t":"LJ35"},"045A5":{"t":"LJ35"},"045D6":{"t":"CL60"},"04616":{"t":"CL60"},"04642":{"t":"C750"},"04645":{"t":"DH8C"},"046EC":{"t":"CL60"},"046F7":{"t":"B738"},"046F9":{"t":"C560"},"04716":{"t":"C750"},"04768":{"t":"CL60"},"0477E":{"t":"F900"},"047EB":{"t":"GLF5"},"04852":{"t":"CL60"},"04859":{"t":"B738"},"04953":{"t":"GLEX"},"0499B":{"t":"B736"},"049E8":{"t":"B763"},"04A51":{"t":"GLEX"},"04AD8":{"t":"H25B"},"04B0A":{"t":"DH8D"},"04B83":{"t":"GLF4"},"04BF1":{"t":"A333"},"04C00":{"t":"CL2T"},"04C04":{"t":"C750"},"04C36":{"t":"B737"},"04CD8":{"t":"C680"},"04D06":{"t":"B737"},"04D34":{"t":"PC12"},"04D41":{},"04D44":{"t":"B738"},"04D49":{"t":"B738"},"04DBB":{"t":"CL60"},"04E20":{"t":"GLEX"},"04E21":{"t":"GL5T"},"04E2A":{},"04E86":{"t":"CRJ2"},"04EB6":{"t":"B763"},"05004":{"t":"GL5T"},"0501E":{"t":"GLF4"},"05026":{"t":"LJ45"},"050A1":{"t":"F2TH"},"050B5":{"t":"B763"},"050B9":{"t":"B763"},"050BB":{"t":"PC12"},"050C5":{"t":"F2TH"},"0517E":{"t":"B736"},"051A7":{},"051D4":{"t":"B06"},"051E2":{"t":"A333"},"051E4":{"t":"A333"},"051E6":{"t":"A333"},"051EC":{"t":"GL5T"},"051F0":{"t":"A310"},"05212":{"t":"CL60"},"052A4":{"t":"CL30"},"052BB":{"t":"CRJ2"},"053D6":{"t":"CL60"},"053F6":{"t":"A333"},"054A6":{"t":"CL60"},"055AD":{"t":"GL5T"},"05655":{"t":"GL5T"},"05681":{"t":"A332"},"056C4":{"t":"CL60"},"056C6":{"t":"B737"},"0576B":{"t":"GLEX"},"057C3":{"t":"CL60"},"0583A":{"t":"A333"},"0583F":{"t":"A333"},"05840":{"t":"A333"},"05841":{"t":"CL60"},"05843":{"t":"B763"},"0584D":{"t":"B763"},"0584F":{"t":"A333"},"05853":{"t":"B763"},"05856":{"t":"B763"},"05857":{"t":"B763"},"05858":{"t":"B763"},"05868":{"t":"CL60"},"05873":{"t":"CL60"},"058AA":{"t":"B763"},"058AE":{"t":"B763"},"058AF":{"t":"B763"},"058B0":{"t":"B763"},"058B2":{"t":"B763"},"058B8":{"t":"B763"},"058BB":{"t":"B788"},"058BE":{"t":"B788"},"058BF":{"t":"B788"},"058C0":{"t":"B788"},"058C1":{"t":"C130"},"058C2":{"t":"B788"},"058C3":{"t":"B788"},"058CB":{"t":"BE30"},"058D5":{"t":"B788"},"058DD":{"t":"B788"},"05948":{"t":"GL5T"},"059E2":{"t":"CRJ9"},"059F1":{"t":"CRJ9"},"059F7":{"t":"H25B"},"05AAC":{"t":"CL60"},"05B66":{"t":"F900"},"05B68":{"t":"CL30"},"05B87":{"t":"LJ35"},"05BC6":{"t":"A319"},"05BC8":{"t":"A319"},"05BC9":{"t":"A332"},"05C01":{"t":"CRJ2"},"05C13":{"t":"LJ35"},"05C1E":{"t":"C750"},"05CA2":{"t":"GL5T"},"05CB9":{"t":"LJ45"},"05CDD":{"t":"CL30"},"05D71":{"t":"GL5T"},"05D79":{"t":"C680"},"05D8C":{"t":"FA50"},"05DF9":{"t":"F900"},"05EBB":{"t":"B738"},"05EFA":{"t":"B752"},"05EFE":{"t":"B752"},"05F01":{"t":"B752"},"05F0C":{"t":"B752"},"05F0E":{"t":"B752"},"05F85":{"t":"CRJ2"},"05F8A":{"t":"CRJ2"},"05FBA":{"t":"CL60"},"06084":{"t":"GLEX"},"0610D":{"t":"CL60"},"06111":{"t":"A333"},"06123":{"t":"DH8D"},"0614D":{"t":"B738"},"06156":{"t":"B738"},"061C8":{"t":"A310"},"061D0":{"t":"F900"},"061D5":{"t":"C172"},"061E5":{"t":"B738"},"061E9":{"t":"B763"},"06249":{"t":"DH8D"},"0624C":{"t":"GLF5"},"06297":{"t":"EC25"},"062FB":{"t":"PA46"},"06312":{"t":"LJ35"},"0632A":{"t":"CL60"},"063C8":{"t":"GLEX"},"063F4":{"r":"15002","t":"A310"},"06400":{"t":"R44"},"0640D":{"t":"F900"},"0648B":{"t":"CL60"},"0649C":{"t":"LJ45"},"0650C":{"t":"FA7X"},"0657E":{"t":"F900"},"06599":{"t":"CL60"},"065AD":{"t":"C750"},"065EB":{"t":"PC12"},"0661E":{"t":"CL60"},"0661F":{"t":"B60T"},"0669E":{"t":"B737"},"066D0":{"t":"B752"},"06732":{"t":"GLEX"},"06736":{"t":"DH8C"},"06758":{"t":"GLF5"},"068B9":{"t":"CL60"},"06921":{"t":"CRJ2"},"069A2":{"t":"F2TH"},"069A7":{"t":"F900"},"06A39":{"t":"B738"},"06A58":{"t":"F2TH"},"06A5D":{"t":"CL60"},"06A7C":{"t":"FA50"},"06B0B":{"t":"DH8A"},"06BE3":{"t":"B738"},"06C58":{"t":"A310"},"06C92":{"t":"CL30"},"06C9C":{"t":"PC12"},"06CA3":{"t":"CL30"},"06CC9":{"t":"CL60"},"06CE4":{"t":"CL60"},"06DD3":{"t":"GL5T"},"06DE2":{"t":"GLEX"},"06E45":{"t":"A332"},"06E93":{"t":"B736"},"0706F":{"t":"CL60"},"0712E":{"t":"B737"},"07195":{"t":"DH8C"},"071B6":{"t":"FA10"},"071C0":{"t":"LJ60"},"071D9":{"t":"CL30"},"0721D":{"t":"LJ35"},"07235":{"t":"FA7X"},"07292":{"t":"B738"},"0733D":{"t":"C560"},"0737C":{"t":"CL60"},"073E2":{"t":"B738"},"07440":{"t":"GLEX"},"07444":{"t":"A310"},"07465":{"t":"B763"},"0749B":{"t":"F2TH"},"0755A":{"t":"CRJ2"},"07563":{"t":"F2TH"},"0757A":{"t":"F2TH"},"07625":{"t":"CL60"},"07646":{"t":"CL30"},"07650":{"t":"C750"},"07676":{"t":"B737"},"076A5":{"t":"CL2T"},"076F0":{"t":"B752"},"07727":{"t":"LJ35"},"0772A":{"t":"A320"},"07731":{"t":"ASTR"},"07732":{"t":"A320"},"07735":{"t":"BE30"},"077CD":{"t":"CL60"},"077F3":{"t":"F900"},"077F8":{"t":"CRJ1"},"07866":{"t":"F2TH"},"07895":{"t":"C25A"},"0789A":{"t":"GALX"},"078AC":{"t":"A310"},"078AE":{"t":"A310"},"078B0":{"t":"A310"},"078B1":{"t":"A310"},"078B2":{"t":"A332"},"078B3":{"t":"A310"},"078B6":{"t":"A332"},"078B7":{"t":"A333"},"078BA":{"t":"A332"},"078BF":{"t":"A310"},"078C0":{"t":"A310"},"078C1":{"t":"A310"},"078C2":{"t":"A332"},"078FC":{"t":"B738"},"078FD":{"t":"B738"},"0797B":{"t":"LJ35"},"0798F":{"t":"CL2T"},"07A6E":{"t":"DH8D"},"07B3C":{"t":"CL60"},"07BBE":{"t":"B737"},"07C2D":{"t":"DHC6"},"07C30":{"t":"A310"},"07C7D":{"t":"BE30"},"07CB9":{"t":"B190"},"07E46":{"t":"B738"},"07E59":{"t":"B738"},"07E62":{"t":"B737"},"07EE6":{"t":"B738"},"07EE8":{"t":"B737"},"07EEE":{"t":"B737"},"07EF2":{"t":"B737"},"07F01":{"t":"B737"},"07F02":{"t":"B737"},"07F05":{"t":"B736"},"07F08":{"t":"B736"},"07F0D":{"t":"B736"},"07F4F":{"t":"FA50"},"07F7C":{"t":"GLEX"},"07FAF":{"t":"B737"},"07FB0":{"t":"B737"},"07FB1":{"t":"B737"},"07FB5":{"t":"B737"},"07FB9":{"t":"B737"},"07FBE":{"t":"B737"},"07FBF":{"t":"B736"},"07FE7":{"t":"CL60"},"07FEA":{"t":"CL60"},"08081":{"t":"B738"},"08095":{"t":"B738"},"08096":{"t":"B736"},"0809D":{"t":"B736"},"0809E":{"t":"B736"},"0809F":{"t":"B736"},"080A0":{"t":"B736"},"080A2":{"t":"B737"},"080A3":{"t":"B737"},"080A4":{"t":"B737"},"080A5":{"t":"B737"},"080A6":{"t":"B738"},"080A9":{"t":"B737"},"080AA":{"t":"B738"},"080AC":{"t":"B738"},"080AD":{"t":"B737"},"080AE":{"t":"B738"},"08106":{"t":"B738"},"08113":{"t":"CRJ2"},"08180":{"t":"FA50"},"082CD":{"t":"G150"},"08304":{"t":"CL60"},"08391":{"t":"G150"},"083AA":{"t":"B736"},"0864E":{"t":"B737"},"0884A":{"t":"CL60"},"088C1":{"t":"CL60"},"088FB":{"t":"B738"},"2AE91":{"r":"130305","t":"C130"},"2AE9B":{"r":"130306","t":"C130"},"2AEA5":{"r":"130307","t":"C130"},"2AEFF":{"r":"130319","t":"C130"},"2AF09":{"r":"130320","t":"C130"},"2AF27":{"r":"130325","t":"C130"},"2AF3B":{"r":"130327","t":"C130"},"2AF59":{"r":"130333","t":"C130"},"2AF63":{"r":"130334","t":"C130"},"2AF6D":{"r":"130335","t":"C130"},"2AF95":{"r":"130340","t":"C130"},"2AF9F":{"r":"130341","t":"C130"},"2AFA9":{"r":"130342","t":"C130"},"2AFB3":{"r":"130343","t":"C130"},"2AFBD":{"r":"130344","t":"C130"},"2AFC7":{"r":"177702","t":"C17"},"2B355":{"r":"15001","t":"A310"},"2B35F":{"r":"15002","t":"A310"},"2B369":{"r":"144617","t":"CL60"},"2B373":{"r":"144618","t":"CL60"},"2B37D":{"r":"15005","t":"A310"},"2B380":{"r":"144614","t":"CL60"},"2B39B":{"r":"144614","t":"CL60"},"2B3A5":{"r":"144615","t":"CL60"},"2B3AF":{"r":"144616","t":"CL60"},"2B3B9":{"r":"15003","t":"A310"},"2B3C3":{"r":"15004","t":"A310"},"2B3D7":{"r":"177701","t":"C17"},"2B3EB":{"r":"177703","t":"C17"},"2B3F5":{"r":"177704","t":"C17"},"2B3FF":{"r":"177705","t":"C17"},"2B52B":{"r":"130601","t":"C30J"},"2B535":{"r":"130602","t":"C30J"},"2B53F":{"r":"130603","t":"C30J"},"2B549":{"r":"130604","t":"C30J"},"2B553":{"r":"130605","t":"C30J"},"2B55D":{"r":"130606","t":"C30J"},"2B567":{"r":"130607","t":"C30J"},"2B571":{"r":"130608","t":"C30J"},"2B57B":{"r":"130609","t":"C30J"},"2B58F":{"r":"130611","t":"C30J"},"2B599":{"r":"130612","t":"C30J"},"2B5A3":{"r":"130613","t":"C30J"},"3C361":{"r":"ZA299","t":"S61"},"80D6A":{"r":"ZK-NBT","t":"B744"},"80E65":{"r":"ZK-NBU","t":"B744"},"80EA9":{"r":"ZK-NCG","t":"B763"},"80FAA":{"r":"ZK-NCI","t":"B763"},"8101F":{"r":"ZK-NCJ","t":"B763"},"81053":{"r":"ZK-SUH","t":"B744"},"810A7":{"r":"ZK-SUI","t":"B744"},"81238":{"r":"ZK-NCK","t":"B763"},"81239":{"r":"ZK-NCL","t":"B763"},"81370":{"r":"ZK-NBV","t":"B744"},"813B9":{"r":"ZK-SUJ","t":"B744"},"81401":{"r":"ZK-NGE","t":"B733"},"81418":{"r":"ZK-NBW","t":"B744"},"814A1":{"r":"ZK-PVB","t":"AC90"},"8169D":{"r":"ZK-OJA","t":"A320"},"8169E":{"r":"ZK-OJB","t":"A320"},"8169F":{"r":"ZK-OJC","t":"A320"},"816BF":{"r":"ZK-OJD","t":"A320"},"816DC":{"r":"ZK-OJE","t":"A320"},"816DD":{"r":"ZK-OJF","t":"A320"},"816FA":{"r":"ZK-KFB","t":"GLF4"},"81708":{"r":"ZK-OJG","t":"A320"},"81771":{"r":"ZK-PBA","t":"B738"},"81772":{"r":"ZK-PBB","t":"B738"},"8178B":{"r":"ZK-OJH","t":"A320"},"8178C":{"r":"ZK-OJI","t":"A320"},"817CC":{"r":"ZK-PBD","t":"B738"},"81814":{"r":"ZK-DRB","t":"C182"},"81845":{"r":"ZK-OJK","t":"A320"},"8186E":{"r":"ZK-OJM","t":"A320"},"8187E":{"r":"ZK-OKA","t":"B772"},"8187F":{"r":"ZK-OKB","t":"B772"},"81880":{"r":"ZK-OKC","t":"B772"},"81881":{"r":"ZK-OKD","t":"B772"},"81882":{"r":"ZK-OKE","t":"B772"},"81883":{"r":"ZK-OKF","t":"B772"},"81884":{"r":"ZK-OKG","t":"B772"},"81885":{"r":"ZK-OKH","t":"B772"},"818AC":{"r":"ZK-MOH","t":"AC90"},"818F2":{"r":"ZK-OJO","t":"A320"},"818FE":{"r":"ZK-OJN","t":"A320"},"81936":{"r":"ZK-PBF","t":"B738"},"81B20":{"r":"ZK-PBG","t":"B738"},"81B21":{"r":"ZK-PBJ","t":"B738"},"81B49":{"r":"ZK-RGB"},"81B71":{"r":"ZK-MOT","t":"C510"},"81B8A":{"r":"ZK-PBI","t":"B738"},"81C16":{"r":"ZK-PBL","t":"B738"},"81C17":{"r":"ZK-PBK","t":"B738"},"81C3B":{"r":"ZK-PBM","t":"B738"},"81CF6":{"r":"ZK-ZQA","t":"B738"},"81CF7":{"r":"ZK-ZQB","t":"B738"},"81CF8":{"r":"ZK-ZQC","t":"B738"},"81D7E":{"r":"ZK-OKM","t":"B77W"},"81D80":{"r":"ZK-OKN","t":"B77W"},"81D82":{"r":"ZK-OKO","t":"B77W"},"81D94":{"r":"ZK-KFB","t":"GLF5"},"81DD5":{"r":"ZK-ZQF","t":"B738"},"81DD6":{"r":"ZK-ZQD","t":"B738"},"81DD7":{"r":"ZK-ZQE","t":"B738"},"81DF4":{"r":"ZK-ZQG","t":"B738"},"81DF5":{"r":"ZK-ZQH","t":"B738"},"81E05":{"r":"ZK-OKP","t":"B77W"},"81E22":{"r":"ZK-OKQ","t":"B77W"},"8200C":{"r":"ZK-KCE","t":"P750"},"820E5":{"r":"ZK-KFB","t":"GLF6"},"820F2":{"r":"ZK-OKR","t":"B77W"},"8215F":{"r":"ZK-OKS","t":"B77W"},"87F00":{"r":"NZ7571","t":"B752"},"87F01":{"r":"NZ7572","t":"B752"},"88003":{"r":"DQ-FJM","t":"B738"},"90001":{"r":"YJ-AV1","t":"B738"}}