{"01606":{"t":"B744"},"02210":{"t":"CL60"},"02254":{"t":"A343"},"02354":{"t":"A343"},"0248A":{"t":"C750"},"024D3":{"t":"CL30"},"02643":{"t":"GLF4"},"0305A":{"t":"GLF4"},"03147":{"t":"GLF3"},"0314B":{"t":"A343"},"034C4":{"t":"A343"},"034C5":{"t":"A343"},"034C6":{"t":"A343"},"034D8":{"t":"A343"},"14C32":{"r":"T-02","t":"F28"},"1A40A":{"t":"A342"},"1A40F":{"t":"A342"},"1A418":{"t":"A342"},"1A481":{"t":"A342"},"40084":{"r":"2459","t":"C130"},"40087":{"r":"FAB6051","t":"H25B"},"40088":{"r":"FAB6052","t":"H25B"},"40090":{"r":"PP-XJE","t":"E170"},"40099":{"r":"2465","t":"C130"},"4009A":{"r":"FAB2466","t":"C130"},"4009C":{"r":"2470","t":"C130"},"4009E":{"r":"2472","t":"C130"},"400A0":{"r":"FAB2474","t":"C130"},"400A1":{"r":"2475","t":"C130"},"400A2":{"r":"FAB2476","t":"C130"},"400A5":{"r":"FAB2479","t":"C130"},"400A6":{"r":"2401","t":"B703"},"400A9":{"r":"FAB2404","t":"B703"},"400B8":{"r":"PR-ORE","t":"E135"},"400C0":{"r":"PR-RIO","t":"E135"},"400D9":{"r":"FAB2101","t":"A319"},"40134":{"r":"PP-XTE","t":"E190"},"40141":{"r":"2582","t":"E135"},"40144":{"r":"FAB2585","t":"E135"},"4014B":{"r":"PP-XTF","t":"E190"},"4014C":{"r":"PT-SDD","t":"E190"},"40190":{"r":"PT-TRF","t":"E55P"},"401AC":{"r":"PT-TLS","t":"E190"},"47DE5":{"r":"PT-MVA","t":"A332"},"47DE6":{"r":"PT-MVB","t":"A332"},"47DE7":{"r":"PT-MVC","t":"A332"},"47E06":{"r":"PT-OEX","t":"F900"},"47E28":{"r":"PP-CFF","t":"F2TH"},"47E33":{"r":"PP-PMV","t":"FA50"},"47E58":{"r":"PT-XGS","t":"LJ60"},"47E60":{"r":"PR-GPA","t":"F900"},"47E8C":{"r":"PT-MVF","t":"A332"},"47E8D":{"r":"PT-MVG","t":"A332"},"47E8E":{"r":"PT-MVH","t":"A332"},"47E8F":{"r":"PT-MVK","t":"A332"},"47EB4":{"r":"PR-JAQ","t":"C750"},"47EC4":{"r":"PR-FNP","t":"C750"},"47ECD":{"r":"PR-GTA","t":"B738"},"47ECE":{"r":"PR-GTB","t":"B738"},"47ED1":{"r":"PR-GTE","t":"B738"},"47EE1":{"r":"PP-AAF","t":"F2TH"},"47EEC":{"r":"PR-BBS","t":"B737"},"47EF6":{"r":"PR-BRW","t":"B763"},"47F08":{"r":"PR-OFT","t":"GALX"},"47F0C":{"r":"PR-XDY","t":"C750"},"47F1F":{"r":"PR-MAS","t":"A320"},"47F20":{"r":"PT-MZO","t":"A320"},"47F21":{"r":"PR-ABD","t":"B763"},"47F4A":{"r":"PR-MAZ","t":"A320"},"47F4F":{"r":"PR-GTC","t":"B738"},"47F50":{"r":"PR-GTF","t":"B738"},"47F51":{"r":"PR-GTG","t":"B738"},"47F6C":{"r":"PR-GIE","t":"B738"},"47F70":{"r":"PR-GIH","t":"B737"},"47F78":{"r":"PT-MVL","t":"A332"},"47F97":{"r":"PR-MAY","t":"A320"},"47F9C":{"r":"PR-SUN","t":"C680"},"47FA6":{"r":"PR-MBA","t":"A320"},"47FA8":{"r":"PR-GTH","t":"B738"},"47FA9":{"r":"PR-GTI","t":"B738"},"47FAA":{"r":"PR-GTJ","t":"B738"},"47FAB":{"r":"PR-GTK","t":"B738"},"47FB1":{"r":"PR-MBB","t":"A320"},"47FB8":{"r":"PR-LUZ","t":"C750"},"47FBA":{"r":"PR-MBC","t":"A320"},"47FBE":{"r":"PR-MBJ","t":"A320"},"47FCE":{"r":"PT-MVD","t":"A332"},"47FCF":{"r":"PT-MVE","t":"A332"},"47FD0":{"r":"PR-MBD","t":"A320"},"47FE0":{"r":"PR-MBE","t":"A320"},"47FE9":{"r":"PR-GIM","t":"B737"},"47FEA":{"r":"PR-GIN","t":"B737"},"47FEF":{"r":"PT-SCR","t":"E135"},"47FFE":{"r":"PR-MBF","t":"A320"},"48003":{"r":"PR-GTL","t":"B738"},"48004":{"r":"PR-GTM","t":"B738"},"48005":{"r":"PR-GTN","t":"B738"},"48006":{"r":"PR-GTO","t":"B738"},"48007":{"r":"PR-GTP","t":"B738"},"48008":{"r":"PR-GTQ","t":"B738"},"48009":{"r":"PR-GTR","t":"B738"},"4800A":{"r":"PR-GTT","t":"B738"},"4800B":{"r":"PR-GTU","t":"B738"},"4800C":{"r":"PR-GTV","t":"B738"},"4800F":{"r":"PR-GTY","t":"B738"},"48010":{"r":"PR-GTZ","t":"B738"},"48011":{"r":"PR-MBH","t":"A320"},"48015":{"r":"PR-AUR","t":"GALX"},"48036":{"r":"PR-GIQ","t":"B738"},"48038":{"r":"PP-MJC","t":"F2TH"},"4803D":{"r":"PR-MHG","t":"A320"},"48043":{"r":"PR-MBN","t":"A319"},"48044":{"r":"PR-MHI","t":"A320"},"48045":{"r":"PR-MHJ","t":"A320"},"4804F":{"r":"PR-WRI","t":"F900"},"48053":{"r":"PR-MHK","t":"A320"},"4805D":{"r":"PR-MHE","t":"A320"},"48071":{"r":"PR-MBP","t":"A320"},"48080":{"r":"PR-MBO","t":"A320"},"48081":{"r":"PR-XDN","t":"GLEX"},"48084":{"r":"PR-SPR","t":"C680"},"4808C":{"r":"PR-MHF","t":"A320"},"4809F":{"r":"PR-VDR","t":"GLEX"},"480A1":{"r":"PT-SKW","t":"E135"},"480A2":{"r":"PR-MHM","t":"A320"},"480A3":{"r":"PT-MXA","t":"A321"},"480A4":{"r":"PT-MXB","t":"A321"},"480A6":{"r":"PR-NIO","t":"E135"},"480B3":{"r":"PR-MHN","t":"A320"},"480B6":{"r":"PR-VBA","t":"B738"},"480B7":{"r":"PR-VBB","t":"B738"},"480B8":{"r":"PR-VBC","t":"B738"},"480B9":{"r":"PR-VBD","t":"B738"},"480BA":{"r":"PR-VBE","t":"B738"},"480D0":{"r":"PR-MHO","t":"A320"},"480D1":{"r":"PR-MHP","t":"A320"},"480D2":{"r":"PR-MHQ","t":"A320"},"480D7":{"r":"PR-FRU","t":"F900"},"480D8":{"r":"PR-GGA","t":"B738"},"480D9":{"r":"PR-GGB","t":"B738"},"480DB":{"r":"PR-GGK","t":"B738"},"480DC":{"r":"PR-GGD","t":"B738"},"480F9":{"r":"PR-MHR","t":"A320"},"480FA":{"r":"PT-MXC","t":"A321"},"480FB":{"r":"PT-MVM","t":"A332"},"48104":{"r":"PR-VBK","t":"B738"},"48106":{"r":"PR-VBL","t":"B738"},"48116":{"r":"PR-MHS","t":"A320"},"48119":{"r":"PT-MVN","t":"A332"},"48120":{"r":"PR-GGE","t":"B738"},"48135":{"r":"PR-MHU","t":"A320"},"4813E":{"r":"PP-SCB","t":"CL60"},"4814A":{"r":"PR-VBF","t":"B738"},"4814B":{"r":"PR-VBG","t":"B738"},"4814C":{"r":"PR-GRD","t":"C750"},"4815F":{"r":"PR-GGJ","t":"B738"},"48160":{"r":"PR-GGG","t":"B738"},"48162":{"r":"PR-GIU","t":"B738"},"48168":{"r":"PR-VBJ","t":"B738"},"48172":{"r":"PP-BIR","t":"CL30"},"48175":{"r":"PR-GGF","t":"B738"},"48179":{"r":"PT-MSR","t":"B763"},"48189":{"r":"PT-MUA","t":"B77W"},"4818A":{"r":"PT-MUB","t":"B77W"},"4818B":{"r":"PT-MUC","t":"B77W"},"4818C":{"r":"PT-MUD","t":"B77W"},"48198":{"r":"PR-MBU","t":"A319"},"48199":{"r":"PR-MBV","t":"A319"},"4819B":{"r":"PR-MHV","t":"A320"},"4819C":{"r":"PR-MHX","t":"A320"},"481C0":{"r":"PR-WRM","t":"FA7X"},"481D6":{"r":"PR-GGH","t":"B738"},"481D7":{"r":"PR-GGL","t":"B738"},"481D8":{"r":"PR-GGM","t":"B738"},"481ED":{"r":"PR-BNP","t":"C680"},"481FB":{"r":"PT-SER","t":"E135"},"4821D":{"r":"PR-DNZ","t":"FA7X"},"48236":{"r":"PR-ODF","t":"E135"},"4823F":{"r":"PR-GOO","t":"B738"},"48240":{"r":"PP-XON","t":"E50P"},"48242":{"r":"PP-XOQ","t":"E50P"},"48254":{"r":"PR-MHY","t":"A320"},"48268":{"r":"PT-MVO","t":"A332"},"48269":{"r":"PT-MVP","t":"A332"},"48273":{"r":"PR-MYA","t":"A320"},"48274":{"r":"PR-MHW","t":"A320"},"48275":{"r":"PR-MHZ","t":"A320"},"4827D":{"r":"PR-MYB","t":"A319"},"4827E":{"r":"PR-MYC","t":"A319"},"4828F":{"r":"PT-MVQ","t":"A332"},"48292":{"r":"PR-PMV","t":"F900"},"4829E":{"r":"PR-MYD","t":"A320"},"482A0":{"r":"PT-MVR","t":"A332"},"482C0":{"r":"PR-GEA","t":"B737"},"482C1":{"r":"PP-PRR","t":"C56X"},"482C5":{"r":"PT-MXD","t":"A321"},"482C6":{"r":"PT-MXE","t":"A321"},"4831B":{"r":"PT-SKM","t":"E135"},"4831C":{"r":"PR-LTC","t":"E135"},"48339":{"r":"PR-VBH","t":"B737"},"4833A":{"r":"PR-VBW","t":"B737"},"4836D":{"r":"PP-VVV","t":"E135"},"48394":{"r":"PR-GGP","t":"B738"},"48395":{"r":"PR-GGQ","t":"B738"},"48396":{"r":"PR-GGR","t":"B738"},"483A4":{"r":"PR-VBI","t":"B737"},"483B1":{"r":"PR-VBO","t":"B737"},"483BA":{"r":"2590","t":"E190"},"483BB":{"r":"2591","t":"E190"},"483DC":{"r":"PR-MYE","t":"A320"},"483DD":{"r":"PT-TMA","t":"A319"},"483DE":{"r":"PR-MYF","t":"A320"},"483ED":{"r":"PR-KYK","t":"C25A"},"483F7":{"r":"PP-VDR","t":"GL5T"},"48414":{"r":"PR-GGU","t":"B738"},"48415":{"r":"PR-GGV","t":"B738"},"48424":{"r":"PR-MON","t":"C25B"},"48439":{"r":"PR-WRO","t":"GLF5"},"4844E":{"r":"PT-TFT","t":"E135"},"48451":{"r":"PT-TFW","t":"E50P"},"484EC":{"r":"PR-RTJ","t":"C680"},"484F8":{"r":"PR-GGW","t":"B738"},"484F9":{"r":"PR-GGX","t":"B738"},"484FA":{"r":"PR-GGY","t":"B738"},"484FB":{"r":"PR-GGZ","t":"B738"},"48501":{"r":"PR-GUA","t":"B738"},"48502":{"r":"PR-GUB","t":"B738"},"4850F":{"r":"PR-MLJ","t":"GLEX"},"48519":{"r":"PT-TMB","t":"A319"},"4851A":{"r":"PT-TMC","t":"A319"},"4851B":{"r":"PT-TMD","t":"A319"},"4857C":{"r":"PT-FQB","t":"E50P"},"48587":{"r":"PT-FQM","t":"E50P"},"48595":{"r":"PT-PVA","t":"E55P"},"485A4":{"r":"PR-AVB","t":"A319"},"485AD":{"r":"PT-MVT","t":"A332"},"485AE":{"r":"PT-MVS","t":"A332"},"485AF":{"r":"PT-MXG","t":"A321"},"485B0":{"r":"PT-MXF","t":"A321"},"485B1":{"r":"PR-MYG","t":"A320"},"485B2":{"r":"PT-TME","t":"A319"},"485CD":{"r":"PR-GUC","t":"B738"},"485CF":{"r":"PR-OGX","t":"GLF5"},"48610":{"r":"PR-PRE","t":"PRM1"},"48612":{"r":"PR-GUD","t":"B738"},"48613":{"r":"PR-GUE","t":"B738"},"48614":{"r":"PR-GUF","t":"B738"},"48651":{"r":"PR-AVC","t":"A319"},"48652":{"r":"PR-AVD","t":"A319"},"4865A":{"r":"PT-TKN","t":"E135"},"4865B":{"r":"PT-PVB","t":"E55P"},"48693":{"r":"PR-JPP","t":"GALX"},"486C1":{"r":"PR-MYH","t":"A320"},"486C2":{"r":"PT-MYI","t":"A320"},"486C3":{"r":"PR-MYJ","t":"A320"},"486D5":{"r":"PP-WJB","t":"GLF4"},"48725":{"r":"PR-ROZ","t":"F900"},"4876B":{"r":"PT-TMF","t":"A319"},"48782":{"r":"PR-BTG","t":"FA7X"},"48799":{"r":"PR-MYK","t":"A320"},"487B6":{"r":"PT-PYQ","t":"E50P"},"487BA":{"r":"PR-WJV","t":"B733"},"487BB":{"r":"PR-WJU","t":"B733"},"48808":{"r":"PT-MXH","t":"A321"},"48809":{"r":"PT-MXI","t":"A321"},"48835":{"r":"PT-MVV","t":"A332"},"48836":{"r":"PT-MVU","t":"A332"},"48846":{"r":"PR-FGA","t":"GLF5"},"4884B":{"r":"PR-MMP","t":"GALX"},"48853":{"r":"PR-GUG","t":"B738"},"48854":{"r":"PR-GUH","t":"B738"},"48855":{"r":"PR-GEC","t":"B737"},"4887E":{"r":"PT-PUB","t":"E55P"},"488B1":{"r":"PR-PSE","t":"GLF5"},"488D4":{"r":"PR-WDM","t":"C680"},"4894E":{"r":"PT-TMG","t":"A319"},"4894F":{"r":"PR-MYM","t":"A319"},"48950":{"r":"PR-MYL","t":"A320"},"4896A":{"r":"2592","t":"E190"},"48974":{"r":"PT-TMH","t":"A319"},"48982":{"r":"PR-VNA","t":"C25B"},"48985":{"r":"PR-GUI","t":"B738"},"48986":{"r":"PR-GUJ","t":"B738"},"48987":{"r":"PR-GUK","t":"B738"},"48988":{"r":"PR-GUL","t":"B738"},"48989":{"r":"PR-GED","t":"B737"},"4898A":{"r":"PR-GUM","t":"B738"},"4898F":{"r":"PT-TIE","t":"E135"},"48991":{"r":"PR-AVL","t":"A318"},"48992":{"r":"PR-AVK","t":"A318"},"4899E":{"r":"PR-ZZA","t":"RV10"},"489D8":{"r":"PR-CIP","t":"GLF5"},"489E6":{"r":"PR-FMT","t":"C25B"},"48A5B":{"r":"PT-TLS","t":"E190"},"48A6F":{"r":"PR-AVP","t":"A320"},"48A70":{"r":"PR-AVQ","t":"A320"},"48A71":{"r":"PR-AVR","t":"A320"},"48A72":{"r":"PR-AVU","t":"A320"},"48ACA":{"r":"PR-VON","t":"C25C"},"48AD4":{"r":"PR-MYO","t":"A320"},"48AD5":{"r":"PR-MYN","t":"A320"},"48AFD":{"r":"PR-GUN","t":"B738"},"48AFE":{"r":"PR-GUO","t":"B738"},"48AFF":{"r":"PR-GUQ","t":"B738"},"48B07":{"r":"PR-LHW","t":"GLF4"},"48B2F":{"r":"PT-TSC","t":"E135"},"48B49":{"r":"PR-PCT","t":"FA7X"},"48B50":{"r":"PR-TKL","t":"AT76"},"48B64":{"r":"PR-MYR","t":"A320"},"48B65":{"r":"PR-MYP","t":"A320"},"48B66":{"r":"PR-MYQ","t":"A320"},"48B77":{"r":"PT-TPY","t":"E50P"},"48B78":{"r":"PT-TRT","t":"E55P"},"48B79":{"r":"PT-TRR","t":"E55P"},"48BA7":{"r":"PT-MUF","t":"B77W"},"48BA8":{"r":"PT-MUE","t":"B77W"},"48BA9":{"r":"PT-MUG","t":"B77W"},"48BAA":{"r":"PT-MUH","t":"B77W"},"48BAB":{"r":"PR-MYS","t":"A320"},"48BB1":{"r":"PR-ONJ","t":"A319"},"48BCD":{"r":"PR-VZN","t":"C25C"},"48BCE":{"r":"PP-NOC","t":"CL30"},"48BE3":{"r":"PR-MYT","t":"A320"},"48BEC":{"r":"PT-GEE","t":"B737"},"48BF5":{"r":"PP-WAV","t":"H25B"},"48C03":{"r":"PR-GUP","t":"B738"},"48C04":{"r":"PR-GUR","t":"B738"},"48C05":{"r":"PR-GUT","t":"B738"},"48C21":{"r":"PR-PDA","t":"AT76"},"48C22":{"r":"PR-PDB","t":"AT76"},"48C2D":{"r":"PT-TRM","t":"E135"},"48C42":{"r":"PP-NPP","t":"F2TH"},"48C4C":{"r":"PR-MYW","t":"A320"},"48C4E":{"r":"PR-MYU","t":"A320"},"48C79":{"r":"PP-RFA","t":"FA7X"},"48CE3":{"r":"PT-TOH","t":"E55P"},"48CEB":{"r":"PT-TOE","t":"E190"},"48D2B":{"r":"PP-OSM","t":"FA7X"},"48DBB":{"r":"PR-WQY","t":"GLF5"},"48DF5":{"r":"PT-MUJ","t":"B77W"},"48DF6":{"r":"PT-MUI","t":"B77W"},"48E0A":{"r":"PR-GXE","t":"B738"},"48E49":{"r":"PR-AXR","t":"E190"},"48E55":{"r":"PR-TYD","t":"A320"},"48E66":{"r":"PR-FTR","t":"CL60"},"48E6F":{"r":"PT-MSW","t":"B763"},"48E70":{"r":"PT-MSX","t":"B763"},"48E71":{"r":"PT-MSV","t":"B763"},"48E72":{"r":"PT-MSO","t":"B763"},"48E74":{"r":"PT-MSY","t":"B763"},"48E81":{"r":"PT-MSS","t":"B763"},"48EC6":{"r":"PR-TYF","t":"A320"},"48EC7":{"r":"PR-TYE","t":"A320"},"48F11":{"r":"PR-TYG","t":"A320"},"48FCE":{"r":"PT-MSZ","t":"B763"},"490A2":{"r":"PR-SFB","t":"F2TH"},"80204":{"r":"CC-BFD","t":"A320"},"80206":{"r":"CC-CWG","t":"B763"},"80210":{"r":"CC-CWV","t":"B763"},"80211":{"r":"CC-CWY","t":"B763"},"80212":{"r":"CC-CXC","t":"B763"},"80213":{"r":"CC-CQG","t":"A343"},"8021C":{"r":"CC-CXE","t":"B763"},"8021D":{"r":"CC-CXF","t":"B763"},"8022A":{"r":"CC-CWF","t":"B763"},"8023C":{"r":"CC-CQA","t":"A343"},"8023D":{"r":"CC-CQC","t":"A343"},"8023E":{"r":"CC-CQE","t":"A343"},"8023F":{"r":"CC-CQF","t":"A343"},"80241":{"r":"CC-CZZ","t":"B763"},"80242":{"r":"CC-CXG","t":"B763"},"80243":{"r":"CC-CZY","t":"B763"},"80244":{"r":"CC-CXH","t":"B763"},"80263":{"r":"CC-BCB","t":"A319"},"80269":{"r":"CC-BFI","t":"A320"},"80273":{"r":"CC-BFP","t":"A320"},"80274":{"r":"CC-BFQ","t":"A320"},"80319":{"r":"CC-AFX","t":"A319"},"8031A":{"r":"CC-AFY","t":"A319"},"8031C":{"r":"CC-AHC","t":"A319"},"8040B":{"r":"CC-CXI","t":"B763"},"8040C":{"r":"CC-CXJ","t":"B763"},"8040D":{"r":"CC-CXK","t":"B763"},"80420":{"r":"CC-BDA","t":"B763"},"80421":{"r":"CC-BDB","t":"B763"},"80422":{"r":"CC-BDC","t":"B763"},"8042A":{"r":"CC-BAT","t":"A320"},"8042D":{"r":"CC-BDD","t":"B763"},"8042E":{"r":"CC-BDE","t":"B763"},"8042F":{"r":"CC-BDF","t":"B763"},"80431":{"r":"CC-BDG","t":"B763"},"80432":{"r":"CC-BCF","t":"A319"},"80435":{"r":"CC-BAW","t":"A320"},"80436":{"r":"CC-BAX","t":"A320"},"8043A":{"r":"CC-BBC","t":"B788"},"8043C":{"r":"CC-BAY","t":"A320"},"8043D":{"r":"CC-BAZ","t":"A320"},"8043E":{"r":"CC-BFA","t":"A320"},"84035":{"r":"FAE-051","t":"E135"},"84036":{"r":"HC-CGT","t":"A319"},"84047":{"r":"HC-CIZ","t":"B763"},"84048":{"r":"HC-CJA","t":"B763"},"8404E":{"r":"HC-CJX","t":"B763"},"8404F":{"r":"HC-CIY","t":"B763"},"8405D":{"r":"HC-CKY","t":"B763"},"8406B":{"r":"HC-COH","t":"A332"},"8C046":{"r":"OB-2017P","t":"GLF4"},"94041":{"r":"CP-2603","t":"B744"}}