﻿<?xml version="1.0" encoding="utf-8"?>
<RadDock MdiChildrenDockType="ToolWindow" Padding="0, 0, 0, 0" SplitterWidth="8" IsCleanUpTarget="True" Orientation="Horizontal" EnableCollapsing="True" CausesValidation="False" TabIndex="39" TabStop="False">
  <SerializableAutoHideContainer>
    <RightAutoHideGroups>
      <Telerik.WinControls.UI.Docking.AutoHideGroup>
        <Windows>
          <Telerik.WinControls.UI.Docking.DockWindowPlaceholder AutoHideSize="250, 699" DockWindowName="sourceToolWindow" DockWindowText="Source: AIRSPY" PreviousDockState="Docked" Location="0, 0" Font="Segoe UI, 9pt" />
        </Windows>
      </Telerik.WinControls.UI.Docking.AutoHideGroup>
      <Telerik.WinControls.UI.Docking.AutoHideGroup>
        <Windows>
          <Telerik.WinControls.UI.Docking.DockWindowPlaceholder AutoHideSize="250, 699" DockWindowName="displayToolWindow" DockWindowText="Display" PreviousDockState="Docked" Location="0, 0" Font="Segoe UI, 9pt" />
        </Windows>
      </Telerik.WinControls.UI.Docking.AutoHideGroup>
      <Telerik.WinControls.UI.Docking.AutoHideGroup>
        <Windows>
          <Telerik.WinControls.UI.Docking.DockWindowPlaceholder AutoHideSize="250, 699" DockWindowName="agcToolWindow" DockWindowText="AGC" PreviousDockState="Docked" Location="0, 0" Font="Segoe UI, 9pt" />
        </Windows>
      </Telerik.WinControls.UI.Docking.AutoHideGroup>
      <Telerik.WinControls.UI.Docking.AutoHideGroup>
        <Windows>
          <Telerik.WinControls.UI.Docking.DockWindowPlaceholder AutoHideSize="250, 699" DockWindowName="audioToolWindow" DockWindowText="Audio" PreviousDockState="Docked" Location="0, 0" Font="Segoe UI, 9pt" />
        </Windows>
      </Telerik.WinControls.UI.Docking.AutoHideGroup>
    </RightAutoHideGroups>
  </SerializableAutoHideContainer>
  <Controls>
    <Telerik.WinControls.UI.RadSplitContainer IsCleanUpTarget="True" Orientation="Vertical" SplitterWidth="8" ThemeName="FluentDark" CausesValidation="False" Location="0, 0" Name="" Size="1094, 699" TabIndex="0" TabStop="False">
      <SizeInfo SplitterCorrection="0, 0" AutoSizeScale="0, 0" />
      <Controls>
        <Telerik.WinControls.UI.Docking.ToolTabStrip SelectedIndex="0" CanUpdateChildIndex="True" Size="250, 699" Location="0, 0" ThemeName="FluentDark" Name="DockTabStrip38" TabIndex="6" TabStop="False">
          <SizeInfo SplitterCorrection="0, 0" AutoSizeScale="0, 0" AbsoluteSize="250, 699" />
          <Controls>
            <Telerik.WinControls.UI.Docking.ToolWindow Caption="" AllowedDockState="Docked, Hidden, AutoHide, Floating" PreviousDockState="Docked" Name="radioToolWindow" Size="242, 661" Location="4, 34" Font="Microsoft Sans Serif, 8.25pt" Text="Radio" />
          </Controls>
        </Telerik.WinControls.UI.Docking.ToolTabStrip>
        <Telerik.WinControls.UI.Docking.ToolTabStrip SelectedIndex="0" CanUpdateChildIndex="True" Size="250, 699" Location="0, 0" ThemeName="FluentDark" Name="DockTabStrip23" TabIndex="15" TabStop="False">
          <SizeInfo SplitterCorrection="0, 0" AutoSizeScale="0, 0" AbsoluteSize="250, 250" />
          <Controls>
            <Telerik.WinControls.UI.Docking.ToolWindow Caption="" AllowedDockState="Docked, Hidden, AutoHide, Floating" PreviousDockState="AutoHide" DesiredDockState="Hidden" Name="Wave Recorder" Size="242, 691" Location="4, 4" Font="Segoe UI, 9pt" Text="Recording *" />
          </Controls>
        </Telerik.WinControls.UI.Docking.ToolTabStrip>
        <Telerik.WinControls.UI.Docking.ToolTabStrip SelectedIndex="0" CanUpdateChildIndex="True" Size="250, 699" Location="0, 0" ThemeName="FluentDark" Name="DockTabStrip21" TabIndex="14" TabStop="False">
          <SizeInfo SplitterCorrection="0, 0" AutoSizeScale="0, 0" AbsoluteSize="250, 250" />
          <Controls>
            <Telerik.WinControls.UI.Docking.ToolWindow Caption="" AllowedDockState="Docked, Hidden, AutoHide, Floating" PreviousDockState="AutoHide" DesiredDockState="Hidden" Name="BB Noise Blanker" Size="242, 691" Location="4, 4" Font="Segoe UI, 9pt" Text="BB Noise Blanker *" />
          </Controls>
        </Telerik.WinControls.UI.Docking.ToolTabStrip>
        <Telerik.WinControls.UI.Docking.ToolTabStrip SelectedIndex="0" CanUpdateChildIndex="True" Size="250, 699" Location="0, 0" ThemeName="FluentDark" Name="DockTabStrip19" TabIndex="13" TabStop="False">
          <SizeInfo SplitterCorrection="0, 0" AutoSizeScale="0, 0" AbsoluteSize="250, 250" />
          <Controls>
            <Telerik.WinControls.UI.Docking.ToolWindow Caption="" AllowedDockState="Docked, Hidden, AutoHide, Floating" PreviousDockState="AutoHide" DesiredDockState="Hidden" Name="IF Noise Blanker" Size="242, 691" Location="4, 4" Font="Segoe UI, 9pt" Text="IF Noise Blanker *" />
          </Controls>
        </Telerik.WinControls.UI.Docking.ToolTabStrip>
        <Telerik.WinControls.UI.Docking.ToolTabStrip SelectedIndex="0" CanUpdateChildIndex="True" Size="250, 491" Location="0, 0" ThemeName="FluentDark" Name="DockTabStrip17" TabIndex="12" TabStop="False">
          <SizeInfo SplitterCorrection="0, 0" AutoSizeScale="0, 0" AbsoluteSize="250, 250" />
          <Controls>
            <Telerik.WinControls.UI.Docking.ToolWindow Caption="" AllowedDockState="Docked, Hidden, AutoHide, Floating" PreviousDockState="AutoHide" DesiredDockState="Hidden" Name="AF Noise Blanker" Size="242, 483" Location="4, 4" Font="Segoe UI, 9pt" Text="AF Noise Blanker *" />
          </Controls>
        </Telerik.WinControls.UI.Docking.ToolTabStrip>
        <Telerik.WinControls.UI.Docking.ToolTabStrip SelectedIndex="0" CanUpdateChildIndex="True" Size="250, 699" Location="0, 0" ThemeName="FluentDark" Name="DockTabStrip15" TabIndex="11" TabStop="False">
          <SizeInfo SplitterCorrection="0, 0" AutoSizeScale="0, 0" AbsoluteSize="250, 250" />
          <Controls>
            <Telerik.WinControls.UI.Docking.ToolWindow Caption="" AllowedDockState="Docked, Hidden, AutoHide, Floating" PreviousDockState="AutoHide" DesiredDockState="Hidden" Name="IF Noise Reduction" Size="242, 691" Location="4, 4" Font="Segoe UI, 9pt" Text="IF Noise Reduction *" />
          </Controls>
        </Telerik.WinControls.UI.Docking.ToolTabStrip>
        <Telerik.WinControls.UI.Docking.ToolTabStrip SelectedIndex="0" CanUpdateChildIndex="True" Size="250, 491" Location="0, 0" ThemeName="FluentDark" Name="DockTabStrip13" TabIndex="10" TabStop="False">
          <SizeInfo SplitterCorrection="0, 0" AutoSizeScale="0, 0" AbsoluteSize="250, 250" />
          <Controls>
            <Telerik.WinControls.UI.Docking.ToolWindow Caption="" AllowedDockState="Docked, Hidden, AutoHide, Floating" PreviousDockState="AutoHide" DesiredDockState="Hidden" Name="AF Noise Reduction" Size="242, 483" Location="4, 4" Font="Segoe UI, 9pt" Text="AF Noise Reduction *" />
          </Controls>
        </Telerik.WinControls.UI.Docking.ToolTabStrip>
        <Telerik.WinControls.UI.Docking.ToolTabStrip SelectedIndex="0" CanUpdateChildIndex="True" Size="250, 699" Location="0, 0" ThemeName="FluentDark" Name="DockTabStrip11" TabIndex="9" TabStop="False">
          <SizeInfo SplitterCorrection="0, 0" AutoSizeScale="0, 0" AbsoluteSize="250, 250" />
          <Controls>
            <Telerik.WinControls.UI.Docking.ToolWindow Caption="" AllowedDockState="Docked, Hidden, AutoHide, Floating" PreviousDockState="AutoHide" DesiredDockState="Hidden" Name="FM CoChannel Canceller" Size="242, 691" Location="4, 4" Font="Segoe UI, 9pt" Text="FM Co-Channel Canceller *" />
          </Controls>
        </Telerik.WinControls.UI.Docking.ToolTabStrip>
        <Telerik.WinControls.UI.Docking.ToolTabStrip SelectedIndex="0" CanUpdateChildIndex="True" Size="250, 491" Location="0, 0" ThemeName="FluentDark" Name="DockTabStrip9" TabIndex="8" TabStop="False">
          <SizeInfo SplitterCorrection="0, 0" AutoSizeScale="0, 0" AbsoluteSize="250, 250" />
          <Controls>
            <Telerik.WinControls.UI.Docking.ToolWindow Caption="" AllowedDockState="Docked, Hidden, AutoHide, Floating" PreviousDockState="AutoHide" DesiredDockState="Hidden" Name="AM CoChannel Canceller" Size="242, 483" Location="4, 4" Font="Segoe UI, 9pt" Text="AM Co-Channel Canceller *" />
          </Controls>
        </Telerik.WinControls.UI.Docking.ToolTabStrip>
        <Telerik.WinControls.UI.Docking.DocumentContainer IsMainDocumentContainer="True" Padding="0, 0, 0, 0" SplitterWidth="8" TabIndex="2" Orientation="Vertical" ThemeName="FluentDark" CausesValidation="False" Name="mainDocumentContainer" RightToLeft="No">
          <SizeInfo SplitterCorrection="-421, 0" AutoSizeScale="0, 0" SizeMode="Fill" AbsoluteSize="107, 200" />
          <Controls>
            <Telerik.WinControls.UI.Docking.DocumentTabStrip SelectedIndex="0" TabStripVisible="False" CanUpdateChildIndex="True" Size="836, 699" Location="0, 0" ThemeName="FluentDark" CausesValidation="False" Name="mainDocumentTabStrip" TabIndex="0" TabStop="False">
              <SizeInfo SplitterCorrection="0, 0" AutoSizeScale="0, 0" />
              <Controls>
                <Telerik.WinControls.UI.Docking.DocumentWindow IsPinned="False" CloseAction="Hide" PreviousDockState="TabbedDocument" Name="mainDocumentWindow" Size="824, 687" Location="5, 5" Font="Microsoft Sans Serif, 8.25pt" Text="Main Spectrum View" />
              </Controls>
            </Telerik.WinControls.UI.Docking.DocumentTabStrip>
          </Controls>
        </Telerik.WinControls.UI.Docking.DocumentContainer>
        <Telerik.WinControls.UI.Docking.ToolTabStrip SelectedIndex="0" CanUpdateChildIndex="True" Size="0, 491" Location="72, 0" ThemeName="FluentDark" Name="DockTabStrip4" TabIndex="4" TabStop="False">
          <SizeInfo SplitterCorrection="0, 0" AutoSizeScale="0, 0" AbsoluteSize="250, 699" />
          <Controls>
            <Telerik.WinControls.UI.Docking.ToolWindow Caption="" AllowedDockState="Docked, Hidden, AutoHide, Floating" PreviousDockState="Docked" Name="sourceToolWindow" Size="0, 2" Location="4, 4" Font="Microsoft Sans Serif, 8.25pt" Text="Source: AIRSPY" />
          </Controls>
        </Telerik.WinControls.UI.Docking.ToolTabStrip>
        <Telerik.WinControls.UI.Docking.ToolTabStrip SelectedIndex="0" CanUpdateChildIndex="True" Size="0, 491" Location="80, 0" ThemeName="FluentDark" Name="DockTabStrip5" TabIndex="5" TabStop="False">
          <SizeInfo SplitterCorrection="0, 0" AutoSizeScale="0, 0" AbsoluteSize="250, 699" />
          <Controls>
            <Telerik.WinControls.UI.Docking.ToolWindow Caption="" AllowedDockState="Docked, Hidden, AutoHide, Floating" PreviousDockState="Docked" Name="displayToolWindow" Size="239, 657" Location="4, 38" Font="Microsoft Sans Serif, 8.25pt" Text="Display" />
          </Controls>
        </Telerik.WinControls.UI.Docking.ToolTabStrip>
        <Telerik.WinControls.UI.Docking.ToolTabStrip SelectedIndex="0" CanUpdateChildIndex="True" Size="0, 491" Location="88, 0" ThemeName="FluentDark" Name="DockTabStrip6" TabIndex="6" TabStop="False">
          <SizeInfo SplitterCorrection="0, 0" AutoSizeScale="0, 0" AbsoluteSize="250, 699" />
          <Controls>
            <Telerik.WinControls.UI.Docking.ToolWindow Caption="" AllowedDockState="Docked, Hidden, AutoHide, Floating" PreviousDockState="Docked" Name="agcToolWindow" Size="239, 657" Location="4, 38" Font="Microsoft Sans Serif, 8.25pt" Text="AGC" />
          </Controls>
        </Telerik.WinControls.UI.Docking.ToolTabStrip>
        <Telerik.WinControls.UI.Docking.ToolTabStrip SelectedIndex="0" CanUpdateChildIndex="True" Size="0, 491" Location="96, 0" ThemeName="FluentDark" Name="DockTabStrip7" TabIndex="7" TabStop="False">
          <SizeInfo SplitterCorrection="0, 0" AutoSizeScale="0, 0" AbsoluteSize="250, 699" />
          <Controls>
            <Telerik.WinControls.UI.Docking.ToolWindow Caption="" AllowedDockState="Docked, Hidden, AutoHide, Floating" PreviousDockState="Docked" Name="audioToolWindow" Size="-8, 483" Location="4, 4" Font="Microsoft Sans Serif, 8.25pt" Text="Audio" />
          </Controls>
        </Telerik.WinControls.UI.Docking.ToolTabStrip>
        <Telerik.WinControls.UI.Docking.ToolTabStrip SelectedIndex="0" CanUpdateChildIndex="True" Size="250, 699" Location="258, 0" ThemeName="FluentDark" Name="DockTabStrip36" TabIndex="5" TabStop="False">
          <SizeInfo SplitterCorrection="0, 0" AutoSizeScale="0, 0" AbsoluteSize="250, 250" />
          <Controls>
            <Telerik.WinControls.UI.Docking.ToolWindow Caption="" AllowedDockState="Docked, Hidden, AutoHide, Floating" PreviousDockState="AutoHide" DesiredDockState="Hidden" Name="SNR Logger" Size="242, 691" Location="4, 4" Font="Segoe UI, 9pt" Text="SNR Logger *" />
          </Controls>
        </Telerik.WinControls.UI.Docking.ToolTabStrip>
        <Telerik.WinControls.UI.Docking.ToolTabStrip SelectedIndex="0" CanUpdateChildIndex="True" Size="250, 699" Location="258, 0" ThemeName="FluentDark" Name="DockTabStrip34" TabIndex="4" TabStop="False">
          <SizeInfo SplitterCorrection="0, 0" AutoSizeScale="0, 0" AbsoluteSize="250, 250" />
          <Controls>
            <Telerik.WinControls.UI.Docking.ToolWindow Caption="" AllowedDockState="Docked, Hidden, AutoHide, Floating" PreviousDockState="AutoHide" DesiredDockState="Hidden" Name="Signal Diagnostics" Size="242, 691" Location="4, 4" Font="Segoe UI, 9pt" Text="Signal Diagnostics *" />
          </Controls>
        </Telerik.WinControls.UI.Docking.ToolTabStrip>
        <Telerik.WinControls.UI.Docking.ToolTabStrip SelectedIndex="0" CanUpdateChildIndex="True" Size="250, 699" Location="258, 0" ThemeName="FluentDark" Name="DockTabStrip32" TabIndex="3" TabStop="False">
          <SizeInfo SplitterCorrection="0, 0" AutoSizeScale="0, 0" AbsoluteSize="250, 250" />
          <Controls>
            <Telerik.WinControls.UI.Docking.ToolWindow Caption="" AllowedDockState="Docked, Hidden, AutoHide, Floating" PreviousDockState="AutoHide" DesiredDockState="Hidden" Name="Frequency Manager" Size="202, 691" Location="4, 4" Font="Segoe UI, 9pt" Text="Frequency Manager *" />
          </Controls>
        </Telerik.WinControls.UI.Docking.ToolTabStrip>
        <Telerik.WinControls.UI.Docking.ToolTabStrip SelectedIndex="0" CanUpdateChildIndex="True" Size="250, 699" Location="258, 0" ThemeName="FluentDark" Name="DockTabStrip30" TabIndex="2" TabStop="False">
          <SizeInfo SplitterCorrection="0, 0" AutoSizeScale="0, 0" AbsoluteSize="250, 250" />
          <Controls>
            <Telerik.WinControls.UI.Docking.ToolWindow Caption="" AllowedDockState="Docked, Hidden, AutoHide, Floating" PreviousDockState="AutoHide" DesiredDockState="Hidden" Name="Band Plan" Size="163, 691" Location="4, 4" Font="Segoe UI, 9pt" Text="Band Plan *" />
          </Controls>
        </Telerik.WinControls.UI.Docking.ToolTabStrip>
        <Telerik.WinControls.UI.Docking.ToolTabStrip SelectedIndex="0" CanUpdateChildIndex="True" Size="250, 699" Location="258, 0" ThemeName="FluentDark" Name="DockTabStrip28" TabIndex="1" TabStop="False">
          <SizeInfo SplitterCorrection="0, 0" AutoSizeScale="0, 0" AbsoluteSize="250, 250" />
          <Controls>
            <Telerik.WinControls.UI.Docking.ToolWindow Caption="" AllowedDockState="Docked, Hidden, AutoHide, Floating" PreviousDockState="AutoHide" DesiredDockState="Hidden" Name="Zoom FFT" Size="242, 691" Location="4, 4" Font="Segoe UI, 9pt" Text="Zoom FFT *" />
          </Controls>
        </Telerik.WinControls.UI.Docking.ToolTabStrip>
      </Controls>
    </Telerik.WinControls.UI.RadSplitContainer>
    <Telerik.WinControls.UI.RadSplitContainer IsCleanUpTarget="True" Orientation="Vertical" SplitterWidth="8" Collapsed="True" ThemeName="FluentDark" Location="0, 499" Name="" Size="1094, 200" TabIndex="1" TabStop="False">
      <SizeInfo SplitterCorrection="0, 0" AutoSizeScale="0, 0" />
      <Controls>
        <Telerik.WinControls.UI.Docking.ToolTabStrip CanUpdateChildIndex="True" Size="359, 200" Location="0, 0" ThemeName="FluentDark" Name="DockTabStrip8" TabIndex="1" TabStop="False">
          <SizeInfo SplitterCorrection="0, 0" AutoSizeScale="0, 0" />
          <Controls>
            <Telerik.WinControls.UI.Docking.ToolWindow Caption="IF Spectrum *" AllowedDockState="Docked, Hidden, Floating" PreviousDockState="Docked" DesiredDockState="Hidden" Name="SDRSharp.PanView.dll/SDRSharp.PanView.SpectrumAnalyzer/IF Spectrum */1" Size="351, 162" Location="4, 34" Font="Segoe UI, 9pt" Text="IF Spectrum *" />
          </Controls>
        </Telerik.WinControls.UI.Docking.ToolTabStrip>
        <Telerik.WinControls.UI.Docking.ToolTabStrip CanUpdateChildIndex="True" Size="543, 200" Location="0, 0" ThemeName="FluentDark" Name="DockTabStrip9" TabIndex="2" TabStop="False">
          <SizeInfo SplitterCorrection="0, 0" AutoSizeScale="0, 0" />
          <Controls>
            <Telerik.WinControls.UI.Docking.ToolWindow Caption="FM MPX Spectrum *" AllowedDockState="Docked, Hidden, Floating" PreviousDockState="Docked" DesiredDockState="Hidden" Name="SDRSharp.PanView.dll/SDRSharp.PanView.SpectrumAnalyzer/FM MPX Spectrum */1" Size="535, 162" Location="4, 34" Font="Segoe UI, 9pt" Text="FM MPX Spectrum *" />
          </Controls>
        </Telerik.WinControls.UI.Docking.ToolTabStrip>
        <Telerik.WinControls.UI.Docking.ToolTabStrip CanUpdateChildIndex="True" Size="1094, 200" Location="0, 0" ThemeName="FluentDark" Name="DockTabStrip10" TabIndex="3" TabStop="False">
          <SizeInfo SplitterCorrection="0, 0" AutoSizeScale="0, 0" />
          <Controls>
            <Telerik.WinControls.UI.Docking.ToolWindow Caption="Audio Spectrum *" AllowedDockState="Docked, Hidden, Floating" PreviousDockState="Docked" DesiredDockState="Hidden" Name="SDRSharp.PanView.dll/SDRSharp.PanView.SpectrumAnalyzer/Audio Spectrum */1" Size="1086, 162" Location="4, 34" Font="Segoe UI, 9pt" Text="Audio Spectrum *" />
          </Controls>
        </Telerik.WinControls.UI.Docking.ToolTabStrip>
      </Controls>
    </Telerik.WinControls.UI.RadSplitContainer>
  </Controls>
</RadDock>