No;Name;Frequency Low;Frequency High;Mode;DATA;Filter
00;160m Ham SSB;1,843000;2,000000;LSB;OFF;1
01;80m Ham SSB;3,600000;3,800000;LSB;OFF;1
02;40m Ham SSB;7,060000;7,200000;LSB;OFF;1
03;20m Ham SSB;14,125000;14,350000;USB;OFF;1
04;17m Ham SSB;18,120000;18,168000;USB;OFF;1
05;15m Ham SSB;21,151000;21,450000;USB;OFF;1
06;12m Ham SSB;24,940000;24,990000;USB;OFF;1
07;10m Ham SSB;28,320000;29,000000;USB;OFF;1
08;2m Ham SSB;144,150000;144,400000;USB;OFF;1
09;70cm Ham SSB;432,100000;432,400000;USB;OFF;1
10;10m Repeater;29,600000;29,700000;FM;OFF;1
11;2m Repeater;145,600000;145,787500;FM;OFF;1
12;70cm Repeater;438,550000;439,437500;FM;OFF;1
13;Langwelle;0,148500;0,283500;AM;OFF;2
14;Mittelwelle;0,526500;1,720000;AM;OFF;2
15;49m Hoerfunk;5,900000;6,200000;AM;OFF;1
16;41m Hoerfunk;7,200000;7,450000;AM;OFF;1
17;31m Hoerfunk;9,400000;9,900000;AM;OFF;1
18;25m Hoerfunk;11,600000;12,100000;AM;OFF;1
19;22m Hoerfunk;13,570000;13,870000;AM;OFF;1
20;19m Hoerfunk;15,100000;15,800000;AM;OFF;1
21;16m Hoerfunk;17,480000;17,900000;AM;OFF;1
22;15m Hoerfunk;18,900000;19,020000;AM;OFF;1
23;UKW Hoerfunk;87,500000;108,000000;WFM;OFF;-
24;Flugfunk;117,975000;137,000000;AM;OFF;1
