Group No;Group Name;CH No;Name;SEL;Frequency;Dup;Offset;Mode;DATA;Filter;TONE;Repeater Tone;TSQL Frequency;DTCS Code;DTCS Polarity;DV SQL;DV CSQL Code;Your Call Sign;RPT1 Call Sign;RPT2 Call Sign;Split;Frequency(2);Dup(2);Offset(2);Mode(2);DATA(2);Filter(2);TONE(2);Repeater Tone(2);TSQL Frequency(2);DTCS Code(2);DTCS Polarity(2);DV SQL(2);DV CSQL Code(2);Your Call Sign(2);RPT1 Call Sign(2);RPT2 Call Sign(2)
15;MW Broadcast;00;Kringvarp Foroya;OFF;0,531000;OFF;0,500000;AM;OFF;1;;;;;;;;;;;OFF;14,100000;OFF;0,500000;LSB;OFF;2;;;;;;;;;;
15;MW Broadcast;01;Kossuth Radio;OFF;0,540000;OFF;0,500000;AM;OFF;1;;;;;;;;;;;OFF;14,100000;OFF;0,500000;LSB;OFF;2;;;;;;;;;;
15;MW Broadcast;02;Radio Romania;OFF;0,558000;OFF;0,500000;AM;OFF;1;;;;;;;;;;;OFF;14,100000;OFF;0,500000;LSB;OFF;2;;;;;;;;;;
15;MW Broadcast;03;Challenger Radio;OFF;0,567000;OFF;0,500000;AM;OFF;1;;;;;;;;;;;OFF;14,100000;OFF;0,500000;LSB;OFF;2;;;;;;;;;;
15;MW Broadcast;04;Kalaallit Nunaat;OFF;0,570000;OFF;0,500000;AM;OFF;1;;;;;;;;;;;OFF;14,100000;OFF;0,500000;LSB;OFF;2;;;;;;;;;;
15;MW Broadcast;05;BNR Horizont;OFF;0,576000;OFF;0,500000;AM;OFF;1;;;;;;;;;;;OFF;14,100000;OFF;0,500000;LSB;OFF;2;;;;;;;;;;
15;MW Broadcast;06;RNE Radio;OFF;0,585000;OFF;0,500000;AM;OFF;1;;;;;;;;;;;OFF;14,100000;OFF;0,500000;LSB;OFF;2;;;;;;;;;;
15;MW Broadcast;07;AM Italia;OFF;0,594000;OFF;0,500000;AM;OFF;1;;;;;;;;;;;OFF;14,100000;OFF;0,500000;LSB;OFF;2;;;;;;;;;;
15;MW Broadcast;08;Smooth Radio;OFF;0,603000;OFF;0,500000;AM;OFF;1;;;;;;;;;;;OFF;14,100000;OFF;0,500000;LSB;OFF;2;;;;;;;;;;
15;MW Broadcast;09;RNE Radio;OFF;0,621000;OFF;0,500000;AM;OFF;1;;;;;;;;;;;OFF;14,100000;OFF;0,500000;LSB;OFF;2;;;;;;;;;;
15;MW Broadcast;10;Radio Romania;OFF;0,630000;OFF;0,500000;AM;OFF;1;;;;;;;;;;;OFF;14,100000;OFF;0,500000;LSB;OFF;2;;;;;;;;;;
15;MW Broadcast;11;BBC Arabic;OFF;0,639000;OFF;0,500000;AM;OFF;1;;;;;;;;;;;OFF;14,100000;OFF;0,500000;LSB;OFF;2;;;;;;;;;;
15;MW Broadcast;12;Kalaallit Nunaat;OFF;0,650000;OFF;0,500000;AM;OFF;1;;;;;;;;;;;OFF;14,100000;OFF;0,500000;LSB;OFF;2;;;;;;;;;;
15;MW Broadcast;13;Rai Radio 1;OFF;0,657000;OFF;0,500000;AM;OFF;1;;;;;;;;;;;OFF;14,100000;OFF;0,500000;LSB;OFF;2;;;;;;;;;;
15;MW Broadcast;14;BBC Radio;OFF;0,666000;OFF;0,500000;AM;OFF;1;;;;;;;;;;;OFF;14,100000;OFF;0,500000;LSB;OFF;2;;;;;;;;;;
15;MW Broadcast;15;AM675;OFF;0,675000;OFF;0,500000;AM;OFF;1;;;;;;;;;;;OFF;14,100000;OFF;0,500000;LSB;OFF;2;;;;;;;;;;
15;MW Broadcast;16;RNE Radio;OFF;0,684000;OFF;0,500000;AM;OFF;1;;;;;;;;;;;OFF;14,100000;OFF;0,500000;LSB;OFF;2;;;;;;;;;;
15;MW Broadcast;17;BBC Radio 5;OFF;0,693000;OFF;0,500000;AM;OFF;1;;;;;;;;;;;OFF;14,100000;OFF;0,500000;LSB;OFF;2;;;;;;;;;;
15;MW Broadcast;18;BBC Arabic;OFF;0,720000;OFF;0,500000;AM;OFF;1;;;;;;;;;;;OFF;14,100000;OFF;0,500000;LSB;OFF;2;;;;;;;;;;
15;MW Broadcast;19;RNE Radio;OFF;0,729000;OFF;0,500000;AM;OFF;1;;;;;;;;;;;OFF;14,100000;OFF;0,500000;LSB;OFF;2;;;;;;;;;;
15;MW Broadcast;20;RNE Radio;OFF;0,738000;OFF;0,500000;AM;OFF;1;;;;;;;;;;;OFF;14,100000;OFF;0,500000;LSB;OFF;2;;;;;;;;;;
15;MW Broadcast;21;Radio 4 Brainpor;OFF;0,747000;OFF;0,500000;AM;OFF;1;;;;;;;;;;;OFF;14,100000;OFF;0,500000;LSB;OFF;2;;;;;;;;;;
15;MW Broadcast;22;Radio Romania;OFF;0,756000;OFF;0,500000;AM;OFF;1;;;;;;;;;;;OFF;14,100000;OFF;0,500000;LSB;OFF;2;;;;;;;;;;
15;MW Broadcast;23;BBC Radio;OFF;0,765000;OFF;0,500000;AM;OFF;1;;;;;;;;;;;OFF;14,100000;OFF;0,500000;LSB;OFF;2;;;;;;;;;;
15;MW Broadcast;24;RNE Radio;OFF;0,774000;OFF;0,500000;AM;OFF;1;;;;;;;;;;;OFF;14,100000;OFF;0,500000;LSB;OFF;2;;;;;;;;;;
15;MW Broadcast;25;BBC Radio;OFF;0,810000;OFF;0,500000;AM;OFF;1;;;;;;;;;;;OFF;14,100000;OFF;0,500000;LSB;OFF;2;;;;;;;;;;
15;MW Broadcast;26;Keukenduin;OFF;0,819000;OFF;0,500000;AM;OFF;1;;;;;;;;;;;OFF;14,100000;OFF;0,500000;LSB;OFF;2;;;;;;;;;;
15;MW Broadcast;27;euRegio Radio;OFF;0,828000;OFF;0,500000;AM;OFF;1;;;;;;;;;;;OFF;14,100000;OFF;0,500000;LSB;OFF;2;;;;;;;;;;
15;MW Broadcast;28;BBC Asian;OFF;0,837000;OFF;0,500000;AM;OFF;1;;;;;;;;;;;OFF;14,100000;OFF;0,500000;LSB;OFF;2;;;;;;;;;;
15;MW Broadcast;29;Challenger Radio;OFF;0,846000;OFF;0,500000;AM;OFF;1;;;;;;;;;;;OFF;14,100000;OFF;0,500000;LSB;OFF;2;;;;;;;;;;
15;MW Broadcast;30;Radio Romania;OFF;0,855000;OFF;0,500000;AM;OFF;1;;;;;;;;;;;OFF;14,100000;OFF;0,500000;LSB;OFF;2;;;;;;;;;;
15;MW Broadcast;31;France Bleue;OFF;0,864000;OFF;0,500000;AM;OFF;1;;;;;;;;;;;OFF;14,100000;OFF;0,500000;LSB;OFF;2;;;;;;;;;;
15;MW Broadcast;32;BBC Radio;OFF;0,882000;OFF;0,500000;AM;OFF;1;;;;;;;;;;;OFF;14,100000;OFF;0,500000;LSB;OFF;2;;;;;;;;;;
15;MW Broadcast;33;Radio Sim;OFF;0,891000;OFF;0,500000;AM;OFF;1;;;;;;;;;;;OFF;14,100000;OFF;0,500000;LSB;OFF;2;;;;;;;;;;
15;MW Broadcast;34;Rai Radio 1;OFF;0,900000;OFF;0,500000;AM;OFF;1;;;;;;;;;;;OFF;14,100000;OFF;0,500000;LSB;OFF;2;;;;;;;;;;
15;MW Broadcast;35;Radio Romania;OFF;0,909000;OFF;0,500000;AM;OFF;1;;;;;;;;;;;OFF;14,100000;OFF;0,500000;LSB;OFF;2;;;;;;;;;;
15;MW Broadcast;36;Monique 918;OFF;0,918000;OFF;0,500000;AM;OFF;1;;;;;;;;;;;OFF;14,100000;OFF;0,500000;LSB;OFF;2;;;;;;;;;;
15;MW Broadcast;37;Gold;OFF;0,945000;OFF;0,500000;AM;OFF;1;;;;;;;;;;;OFF;14,100000;OFF;0,500000;LSB;OFF;2;;;;;;;;;;
15;MW Broadcast;38;Radio AM;OFF;0,963000;OFF;0,500000;AM;OFF;1;;;;;;;;;;;OFF;14,100000;OFF;0,500000;LSB;OFF;2;;;;;;;;;;
15;MW Broadcast;39;Greatest Hits;OFF;0,990000;OFF;0,500000;AM;OFF;1;;;;;;;;;;;OFF;14,100000;OFF;0,500000;LSB;OFF;2;;;;;;;;;;
15;MW Broadcast;40;Radio Rossii;OFF;0,999000;OFF;0,500000;AM;OFF;1;;;;;;;;;;;OFF;14,100000;OFF;0,500000;LSB;OFF;2;;;;;;;;;;
15;MW Broadcast;41;United AM;OFF;1,008000;OFF;0,500000;AM;OFF;1;;;;;;;;;;;OFF;14,100000;OFF;0,500000;LSB;OFF;2;;;;;;;;;;
15;MW Broadcast;42;Radio Galaxias;OFF;1,017000;OFF;0,500000;AM;OFF;1;;;;;;;;;;;OFF;14,100000;OFF;0,500000;LSB;OFF;2;;;;;;;;;;
15;MW Broadcast;43;Semeynoe Radio;OFF;1,035000;OFF;0,500000;AM;OFF;1;;;;;;;;;;;OFF;14,100000;OFF;0,500000;LSB;OFF;2;;;;;;;;;;
15;MW Broadcast;44;talkSPORT;OFF;1,053000;OFF;0,500000;AM;OFF;1;;;;;;;;;;;OFF;14,100000;OFF;0,500000;LSB;OFF;2;;;;;;;;;;
15;MW Broadcast;45;Country Radio;OFF;1,062000;OFF;0,500000;AM;OFF;1;;;;;;;;;;;OFF;14,100000;OFF;0,500000;LSB;OFF;2;;;;;;;;;;
15;MW Broadcast;46;Radio Marina;OFF;1,071000;OFF;0,500000;AM;OFF;1;;;;;;;;;;;OFF;14,100000;OFF;0,500000;LSB;OFF;2;;;;;;;;;;
15;MW Broadcast;47;talkSPORT;OFF;1,089000;OFF;0,500000;AM;OFF;1;;;;;;;;;;;OFF;14,100000;OFF;0,500000;LSB;OFF;2;;;;;;;;;;
15;MW Broadcast;48;Radio Popcorn;OFF;1,098000;OFF;0,500000;AM;OFF;1;;;;;;;;;;;OFF;14,100000;OFF;0,500000;LSB;OFF;2;;;;;;;;;;
15;MW Broadcast;49;talkSPORT;OFF;1,107000;OFF;0,500000;AM;OFF;1;;;;;;;;;;;OFF;14,100000;OFF;0,500000;LSB;OFF;2;;;;;;;;;;
15;MW Broadcast;50;Backyard AM;OFF;1,116000;OFF;0,500000;AM;OFF;1;;;;;;;;;;;OFF;14,100000;OFF;0,500000;LSB;OFF;2;;;;;;;;;;
15;MW Broadcast;51;Radio Romania;OFF;1,152000;OFF;0,500000;AM;OFF;1;;;;;;;;;;;OFF;14,100000;OFF;0,500000;LSB;OFF;2;;;;;;;;;;
15;MW Broadcast;52;Greatest Hits;OFF;1,161000;OFF;0,500000;AM;OFF;1;;;;;;;;;;;OFF;14,100000;OFF;0,500000;LSB;OFF;2;;;;;;;;;;
15;MW Broadcast;53;Greatest Hits;OFF;1,170000;OFF;0,500000;AM;OFF;1;;;;;;;;;;;OFF;14,100000;OFF;0,500000;LSB;OFF;2;;;;;;;;;;
15;MW Broadcast;54;Radio Romania;OFF;1,179000;OFF;0,500000;AM;OFF;1;;;;;;;;;;;OFF;14,100000;OFF;0,500000;LSB;OFF;2;;;;;;;;;;
15;MW Broadcast;55;Magyar Radio;OFF;1,188000;OFF;0,500000;AM;OFF;1;;;;;;;;;;;OFF;14,100000;OFF;0,500000;LSB;OFF;2;;;;;;;;;;
15;MW Broadcast;56;Absolute Radio;OFF;1,197000;OFF;0,500000;AM;OFF;1;;;;;;;;;;;OFF;14,100000;OFF;0,500000;LSB;OFF;2;;;;;;;;;;
15;MW Broadcast;57;Absolute Radio;OFF;1,215000;OFF;0,500000;AM;OFF;1;;;;;;;;;;;OFF;14,100000;OFF;0,500000;LSB;OFF;2;;;;;;;;;;
15;MW Broadcast;58;Monte Carlo;OFF;1,233000;OFF;0,500000;AM;OFF;1;;;;;;;;;;;OFF;14,100000;OFF;0,500000;LSB;OFF;2;;;;;;;;;;
15;MW Broadcast;59;KCC Live;OFF;1,251000;OFF;0,500000;AM;OFF;1;;;;;;;;;;;OFF;14,100000;OFF;0,500000;LSB;OFF;2;;;;;;;;;;
15;MW Broadcast;60;Sabras Radio;OFF;1,260000;OFF;0,500000;AM;OFF;1;;;;;;;;;;;OFF;14,100000;OFF;0,500000;LSB;OFF;2;;;;;;;;;;
15;MW Broadcast;61;Ukrainian Radio;OFF;1,278000;OFF;0,500000;AM;OFF;1;;;;;;;;;;;OFF;14,100000;OFF;0,500000;LSB;OFF;2;;;;;;;;;;
15;MW Broadcast;62;BFBS;OFF;1,287000;OFF;0,500000;AM;OFF;1;;;;;;;;;;;OFF;14,100000;OFF;0,500000;LSB;OFF;2;;;;;;;;;;
15;MW Broadcast;63;Premier Christia;OFF;1,305000;OFF;0,500000;AM;OFF;1;;;;;;;;;;;OFF;14,100000;OFF;0,500000;LSB;OFF;2;;;;;;;;;;
15;MW Broadcast;64;Radio Base 101;OFF;1,323000;OFF;0,500000;AM;OFF;1;;;;;;;;;;;OFF;14,100000;OFF;0,500000;LSB;OFF;2;;;;;;;;;;
15;MW Broadcast;65;Extra AM;OFF;1,332000;OFF;0,500000;AM;OFF;1;;;;;;;;;;;OFF;14,100000;OFF;0,500000;LSB;OFF;2;;;;;;;;;;
15;MW Broadcast;66;I AM Radio;OFF;1,350000;OFF;0,500000;AM;OFF;1;;;;;;;;;;;OFF;14,100000;OFF;0,500000;LSB;OFF;2;;;;;;;;;;
15;MW Broadcast;67;BBC Radio;OFF;1,359000;OFF;0,500000;AM;OFF;1;;;;;;;;;;;OFF;14,100000;OFF;0,500000;LSB;OFF;2;;;;;;;;;;
15;MW Broadcast;68;Challenger Radio;OFF;1,368000;OFF;0,500000;AM;OFF;1;;;;;;;;;;;OFF;14,100000;OFF;0,500000;LSB;OFF;2;;;;;;;;;;
15;MW Broadcast;69;Asian Sound;OFF;1,377000;OFF;0,500000;AM;OFF;1;;;;;;;;;;;OFF;14,100000;OFF;0,500000;LSB;OFF;2;;;;;;;;;;
15;MW Broadcast;70;Radio Liberty;OFF;1,386000;OFF;0,500000;AM;OFF;1;;;;;;;;;;;OFF;14,100000;OFF;0,500000;LSB;OFF;2;;;;;;;;;;
15;MW Broadcast;71;Radio Luna 106;OFF;1,404000;OFF;0,500000;AM;OFF;1;;;;;;;;;;;OFF;14,100000;OFF;0,500000;LSB;OFF;2;;;;;;;;;;
15;MW Broadcast;72;Vesti FM;OFF;1,413000;OFF;0,500000;AM;OFF;1;;;;;;;;;;;OFF;14,100000;OFF;0,500000;LSB;OFF;2;;;;;;;;;;
15;MW Broadcast;73;1431AM;OFF;1,431000;OFF;0,500000;AM;OFF;1;;;;;;;;;;;OFF;14,100000;OFF;0,500000;LSB;OFF;2;;;;;;;;;;
15;MW Broadcast;74;Radio208;OFF;1,440000;OFF;0,500000;AM;OFF;1;;;;;;;;;;;OFF;14,100000;OFF;0,500000;LSB;OFF;2;;;;;;;;;;
15;MW Broadcast;75;Rai Radio 1;OFF;1,449000;OFF;0,500000;AM;OFF;1;;;;;;;;;;;OFF;14,100000;OFF;0,500000;LSB;OFF;2;;;;;;;;;;
15;MW Broadcast;76;Lyca Radio;OFF;1,458000;OFF;0,500000;AM;OFF;1;;;;;;;;;;;OFF;14,100000;OFF;0,500000;LSB;OFF;2;;;;;;;;;;
15;MW Broadcast;77;TWR Arab;OFF;1,467000;OFF;0,500000;AM;OFF;1;;;;;;;;;;;OFF;14,100000;OFF;0,500000;LSB;OFF;2;;;;;;;;;;
15;MW Broadcast;78;Lyca Radio;OFF;1,485000;OFF;0,500000;AM;OFF;1;;;;;;;;;;;OFF;14,100000;OFF;0,500000;LSB;OFF;2;;;;;;;;;;
15;MW Broadcast;79;Betar Bangla;OFF;1,503000;OFF;0,500000;AM;OFF;1;;;;;;;;;;;OFF;14,100000;OFF;0,500000;LSB;OFF;2;;;;;;;;;;
15;MW Broadcast;80;Greatest Hits;OFF;1,530000;OFF;0,500000;AM;OFF;1;;;;;;;;;;;OFF;14,100000;OFF;0,500000;LSB;OFF;2;;;;;;;;;;
15;MW Broadcast;81;Transworld Radio;OFF;1,548000;OFF;0,500000;AM;OFF;1;;;;;;;;;;;OFF;14,100000;OFF;0,500000;LSB;OFF;2;;;;;;;;;;
15;MW Broadcast;82;Smooth Radio;OFF;1,557000;OFF;0,500000;AM;OFF;1;;;;;;;;;;;OFF;14,100000;OFF;0,500000;LSB;OFF;2;;;;;;;;;;
15;MW Broadcast;83;Vahon Radio;OFF;1,566000;OFF;0,500000;AM;OFF;1;;;;;;;;;;;OFF;14,100000;OFF;0,500000;LSB;OFF;2;;;;;;;;;;
15;MW Broadcast;84;Radio Seerah;OFF;1,575000;OFF;0,500000;AM;OFF;1;;;;;;;;;;;OFF;14,100000;OFF;0,500000;LSB;OFF;2;;;;;;;;;;
15;MW Broadcast;85;Radio AM;OFF;1,584000;OFF;0,500000;AM;OFF;1;;;;;;;;;;;OFF;14,100000;OFF;0,500000;LSB;OFF;2;;;;;;;;;;
15;MW Broadcast;86;Radio AM;OFF;1,602000;OFF;0,500000;AM;OFF;1;;;;;;;;;;;OFF;14,100000;OFF;0,500000;LSB;OFF;2;;;;;;;;;;
