Group No;Group Name;CH No;Name;SEL;Frequency;Dup;Offset;Mode;DATA;Filter;TONE;Repeater Tone;TSQL Frequency;DTCS Code;DTCS Polarity;DV SQL;DV CSQL Code;Your Call Sign;RPT1 Call Sign;RPT2 Call Sign;Split;Frequency(2);Dup(2);Offset(2);Mode(2);DATA(2);Filter(2);TONE(2);Repeater Tone(2);TSQL Frequency(2);DTCS Code(2);DTCS Polarity(2);DV SQL(2);DV CSQL Code(2);Your Call Sign(2);RPT1 Call Sign(2);RPT2 Call Sign(2)
16;LW Broadcast;00;Chaine 1;OFF;0,153000;OFF;0,500000;AM;OFF;2;;;;;;;;;;;OFF;14,100000;OFF;0,500000;LSB;OFF;2;;;;;;;;;;
16;LW Broadcast;01;France Inter;OFF;0,162000;OFF;0,500000;AM;OFF;2;;;;;;;;;;;OFF;0,030000;OFF;0,500000;LSB;OFF;2;;;;;;;;;;
16;LW Broadcast;02;Medi 1;OFF;0,171000;OFF;0,500000;AM;OFF;2;;;;;;;;;;;OFF;0,030000;OFF;0,500000;LSB;OFF;2;;;;;;;;;;
16;LW Broadcast;03;BBC Radio 4;OFF;0,198000;OFF;0,500000;AM;OFF;2;;;;;;;;;;;OFF;0,030000;OFF;0,500000;LSB;OFF;2;;;;;;;;;;
16;LW Broadcast;04;Polskie Radio 1;OFF;0,225000;OFF;0,500000;AM;OFF;2;;;;;;;;;;;OFF;0,030000;OFF;0,500000;LSB;OFF;2;;;;;;;;;;
16;LW Broadcast;05;RTL;OFF;0,234000;OFF;0,500000;AM;OFF;2;;;;;;;;;;;OFF;0,030000;OFF;0,500000;LSB;OFF;2;;;;;;;;;;
16;LW Broadcast;06;Chaine 3;OFF;0,252000;OFF;0,500000;AM;OFF;2;;;;;;;;;;;OFF;0,030000;OFF;0,500000;LSB;OFF;2;;;;;;;;;;
