Group No;Group Name;CH No;Name;SEL;Frequency;Dup;Offset;Mode;DATA;Filter;TONE;Repeater Tone;TSQL Frequency;DTCS Code;DTCS Polarity;DV SQL;DV CSQL Code;Your Call Sign;RPT1 Call Sign;RPT2 Call Sign;Split;Frequency(2);Dup(2);Offset(2);Mode(2);DATA(2);Filter(2);TONE(2);Repeater Tone(2);TSQL Frequency(2);DTCS Code(2);DTCS Polarity(2);DV SQL(2);DV CSQL Code(2);Your Call Sign(2);RPT1 Call Sign(2);RPT2 Call Sign(2)
6;FM Broadcast;0;1 LIVE;OFF;102,400000;OFF;0,600000;WFM;OFF;1;;;;;;;;;;;OFF;102,400000;OFF;0,600000;WFM;OFF;1;;;;;;;;;;
6;FM Broadcast;1;WDR 2;OFF;93,500000;OFF;0,600000;WFM;OFF;1;;;;;;;;;;;OFF;93,500000;OFF;0,600000;WFM;OFF;1;;;;;;;;;;
6;FM Broadcast;2;WDR 3;OFF;93,100000;OFF;0,600000;WFM;OFF;1;;;;;;;;;;;OFF;93,100000;OFF;0,600000;WFM;OFF;1;;;;;;;;;;
6;FM Broadcast;3;WDR 4;OFF;93,900000;OFF;0,600000;WFM;OFF;1;;;;;;;;;;;OFF;93,900000;OFF;0,600000;WFM;OFF;1;;;;;;;;;;
6;FM Broadcast;4;WDR 5;OFF;101,900000;OFF;0,600000;WFM;OFF;1;;;;;;;;;;;OFF;101,900000;OFF;0,600000;WFM;OFF;1;;;;;;;;;;
6;FM Broadcast;5;Cosmo;OFF;103,300000;OFF;0,600000;WFM;OFF;1;;;;;;;;;;;OFF;103,300000;OFF;0,600000;WFM;OFF;1;;;;;;;;;;
6;FM Broadcast;6;DLF;OFF;102,700000;OFF;0,600000;WFM;OFF;1;;;;;;;;;;;OFF;102,700000;OFF;0,600000;WFM;OFF;1;;;;;;;;;;
6;FM Broadcast;7;DLF Kultur;OFF;106,100000;OFF;0,600000;WFM;OFF;1;;;;;;;;;;;OFF;106,100000;OFF;0,600000;WFM;OFF;1;;;;;;;;;;
6;FM Broadcast;8;Radio 700;OFF;87,450000;OFF;0,600000;WFM;OFF;1;;;;;;;;;;;OFF;87,450000;OFF;0,600000;WFM;OFF;1;;;;;;;;;;
6;FM Broadcast;9;Radio Erft;OFF;105,800000;OFF;0,600000;WFM;OFF;1;;;;;;;;;;;OFF;105,800000;OFF;0,600000;WFM;OFF;1;;;;;;;;;;
6;FM Broadcast;10;Radio Rur;OFF;92,700000;OFF;0,600000;WFM;OFF;1;;;;;;;;;;;OFF;92,700000;OFF;0,600000;WFM;OFF;1;;;;;;;;;;
6;FM Broadcast;11;SWR 1;OFF;92,400000;OFF;0,600000;WFM;OFF;1;;;;;;;;;;;OFF;92,400000;OFF;0,600000;WFM;OFF;1;;;;;;;;;;
6;FM Broadcast;12;SWR 3;OFF;94,800000;OFF;0,600000;WFM;OFF;1;;;;;;;;;;;OFF;94,800000;OFF;0,600000;WFM;OFF;1;;;;;;;;;;
6;FM Broadcast;13;SWR 4;OFF;97,400000;OFF;0,600000;WFM;OFF;1;;;;;;;;;;;OFF;97,400000;OFF;0,600000;WFM;OFF;1;;;;;;;;;;
