Group No;Group Name;CH No;Name;SEL;Frequency;Dup;Offset;Mode;DATA;Filter;TONE;Repeater Tone;TSQL Frequency;DTCS Code;DTCS Polarity;DV SQL;DV CSQL Code;Your Call Sign;RPT1 Call Sign;RPT2 Call Sign;Split;Frequency(2);Dup(2);Offset(2);Mode(2);DATA(2);Filter(2);TONE(2);Repeater Tone(2);TSQL Frequency(2);DTCS Code(2);DTCS Polarity(2);DV SQL(2);DV CSQL Code(2);Your Call Sign(2);RPT1 Call Sign(2);RPT2 Call Sign(2)
02;10m Repeater;00;DL-Leer;OFF;29,670000;DUP-;0,100000;FM;OFF;1;OFF;88,5Hz;88,5Hz;023;BOTH N;;;;;;OFF;14,100000;OFF;0,500000;LSB;OFF;2;;;;;;;;;;
02;10m Repeater;01;DL-Gr. Feldberg;OFF;29,670000;DUP-;0,100000;FM;OFF;1;OFF;88,5Hz;88,5Hz;023;BOTH N;;;;;;OFF;14,100000;OFF;0,500000;LSB;OFF;2;;;;;;;;;;
02;10m Repeater;02;DL-Adelebsen;OFF;29,630000;DUP-;0,100000;FM;OFF;1;OFF;88,5Hz;88,5Hz;023;BOTH N;;;;;;OFF;14,100000;OFF;0,500000;LSB;OFF;2;;;;;;;;;;
02;10m Repeater;03;DL-Wiehengebirge;OFF;29,620000;DUP-;0,100000;FM;OFF;1;TONE;79,7Hz;88,5Hz;023;BOTH N;;;;;;OFF;14,100000;OFF;0,500000;LSB;OFF;2;;;;;;;;;;
02;10m Repeater;04;DL-Hannover;OFF;29,650000;DUP-;0,100000;FM;OFF;1;TONE;88,5Hz;88,5Hz;023;BOTH N;;;;;;OFF;14,100000;OFF;0,500000;LSB;OFF;2;;;;;;;;;;
02;10m Repeater;05;DL-Oldenburg;OFF;29,640000;DUP-;0,100000;FM;OFF;1;TONE;123,0Hz;88,5Hz;023;BOTH N;;;;;;OFF;14,100000;OFF;0,500000;LSB;OFF;2;;;;;;;;;;
02;10m Repeater;06;DL-Bremerhaven;OFF;29,660000;DUP-;0,100000;FM;OFF;1;OFF;88,5Hz;88,5Hz;023;BOTH N;;;;;;OFF;14,100000;OFF;0,500000;LSB;OFF;2;;;;;;;;;;
02;10m Repeater;07;DL-Rosengarten;OFF;29,690000;DUP-;0,100000;FM;OFF;1;TONE;79,7Hz;88,5Hz;023;BOTH N;;;;;;OFF;14,100000;OFF;0,500000;LSB;OFF;2;;;;;;;;;;
02;10m Repeater;08;DL-Drage;OFF;29,630000;DUP-;0,100000;FM;OFF;1;OFF;88,5Hz;88,5Hz;023;BOTH N;;;;;;OFF;14,100000;OFF;0,500000;LSB;OFF;2;;;;;;;;;;
02;10m Repeater;09;DL-Schneeberg;OFF;29,220000;OFF;0,500000;DV;OFF;1;;;;;;OFF;0;CQCQCQ;;;OFF;14,100000;OFF;0,500000;LSB;OFF;2;;;;;;;;;;
02;10m Repeater;10;DL-Magdeburg;OFF;29,680000;DUP-;0,100000;FM;OFF;1;OFF;88,5Hz;88,5Hz;023;BOTH N;;;;;;OFF;14,100000;OFF;0,500000;LSB;OFF;2;;;;;;;;;;
02;10m Repeater;11;DL-Hoechsten;OFF;29,620000;DUP-;0,100000;FM;OFF;1;OFF;88,5Hz;88,5Hz;023;BOTH N;;;;;;OFF;14,100000;OFF;0,500000;LSB;OFF;2;;;;;;;;;;
02;10m Repeater;12;DL-Albstadt;OFF;29,630000;DUP-;0,100000;FM;OFF;1;TONE;123,0Hz;88,5Hz;023;BOTH N;;;;;;OFF;14,100000;OFF;0,500000;LSB;OFF;2;;;;;;;;;;
02;10m Repeater;13;DL-Reutlingen;OFF;29,630000;DUP-;0,100000;FM;OFF;1;TONE;123,0Hz;88,5Hz;023;BOTH N;;;;;;OFF;14,100000;OFF;0,500000;LSB;OFF;2;;;;;;;;;;
02;10m Repeater;14;DL-Loewenstein;OFF;29,690000;DUP-;0,100000;FM;OFF;1;TONE;71,9Hz;88,5Hz;023;BOTH N;;;;;;OFF;14,100000;OFF;0,500000;LSB;OFF;2;;;;;;;;;;
02;10m Repeater;15;DL-Brenten;OFF;29,680000;DUP-;0,100000;FM;OFF;1;OFF;88,5Hz;88,5Hz;023;BOTH N;;;;;;OFF;14,100000;OFF;0,500000;LSB;OFF;2;;;;;;;;;;
02;10m Repeater;16;DL-Hagen;OFF;29,640000;DUP-;0,100000;FM;OFF;1;OFF;88,5Hz;88,5Hz;023;BOTH N;;;;;;OFF;14,100000;OFF;0,500000;LSB;OFF;2;;;;;;;;;;
02;10m Repeater;17;OZ-Andkaer;OFF;29,670000;DUP-;0,100000;FM;OFF;1;OFF;88,5Hz;88,5Hz;023;BOTH N;;;;;;OFF;14,100000;OFF;0,500000;LSB;OFF;2;;;;;;;;;;
02;10m Repeater;18;OZ-Hvidovre;OFF;29,660000;DUP-;0,100000;FM;OFF;1;TONE;82,5Hz;88,5Hz;023;BOTH N;;;;;;OFF;14,100000;OFF;0,500000;LSB;OFF;2;;;;;;;;;;
02;10m Repeater;19;LA-Royken;OFF;29,650000;DUP-;0,100000;FM;OFF;1;TONE;110,9Hz;88,5Hz;023;BOTH N;;;;;;OFF;14,100000;OFF;0,500000;LSB;OFF;2;;;;;;;;;;
02;10m Repeater;20;SP-Moelndal;OFF;29,690000;DUP-;0,100000;FM;OFF;1;OFF;88,5Hz;88,5Hz;023;BOTH N;;;;;;OFF;14,100000;OFF;0,500000;LSB;OFF;2;;;;;;;;;;
02;10m Repeater;21;SP-Stettin;OFF;29,670000;DUP-;0,100000;FM;OFF;1;TONE;82,5Hz;88,5Hz;023;BOTH N;;;;;;OFF;14,100000;OFF;0,500000;LSB;OFF;2;;;;;;;;;;
02;10m Repeater;22;SP-Krosno;OFF;29,690000;DUP-;0,100000;FM;OFF;1;TONE;127,3Hz;88,5Hz;023;BOTH N;;;;;;OFF;14,100000;OFF;0,500000;LSB;OFF;2;;;;;;;;;;
02;10m Repeater;23;SP-Warschau;OFF;29,680000;DUP-;0,100000;FM;OFF;1;TONE;127,3Hz;88,5Hz;023;BOTH N;;;;;;OFF;14,100000;OFF;0,500000;LSB;OFF;2;;;;;;;;;;
02;10m Repeater;24;R-Moskau;OFF;29,670000;DUP-;0,100000;FM;OFF;1;TONE;151,4Hz;88,5Hz;023;BOTH N;;;;;;OFF;14,100000;OFF;0,500000;LSB;OFF;2;;;;;;;;;;
02;10m Repeater;25;OE-Moedling;OFF;29,660000;DUP-;0,100000;FM;OFF;1;OFF;88,5Hz;88,5Hz;023;BOTH N;;;;;;OFF;14,100000;OFF;0,500000;LSB;OFF;2;;;;;;;;;;
02;10m Repeater;26;HB-Fronalpstock;OFF;29,650000;DUP-;0,100000;FM;OFF;1;OFF;88,5Hz;88,5Hz;023;BOTH N;;;;;;OFF;14,100000;OFF;0,500000;LSB;OFF;2;;;;;;;;;;
02;10m Repeater;27;F-Limoges;OFF;29,670000;DUP-;0,100000;FM;OFF;1;TONE;88,5Hz;88,5Hz;023;BOTH N;;;;;;OFF;14,100000;OFF;0,500000;LSB;OFF;2;;;;;;;;;;
02;10m Repeater;28;ON-Antwerpen;OFF;29,660000;DUP-;0,100000;FM;OFF;1;TONE;67,0Hz;88,5Hz;023;BOTH N;;;;;;OFF;14,100000;OFF;0,500000;LSB;OFF;2;;;;;;;;;;
02;10m Repeater;29;PA-Farmsum;OFF;29,640000;DUP-;0,100000;FM;OFF;1;TONE;82,5Hz;88,5Hz;023;BOTH N;;;;;;OFF;14,100000;OFF;0,500000;LSB;OFF;2;;;;;;;;;;
02;10m Repeater;30;GB-Ludlow;OFF;29,690000;DUP-;0,100000;FM;OFF;1;TONE;103,5Hz;88,5Hz;023;BOTH N;;;;;;OFF;14,100000;OFF;0,500000;LSB;OFF;2;;;;;;;;;;
02;10m Repeater;31;GB-Worthing;OFF;29,620000;DUP-;0,100000;FM;OFF;1;OFF;88,5Hz;88,5Hz;023;BOTH N;;;;;;OFF;14,100000;OFF;0,500000;LSB;OFF;2;;;;;;;;;;
02;10m Repeater;32;GB-Norwich;OFF;29,650000;DUP-;0,100000;FM;OFF;1;OFF;88,5Hz;88,5Hz;023;BOTH N;;;;;;OFF;14,100000;OFF;0,500000;LSB;OFF;2;;;;;;;;;;
02;10m Repeater;33;US-New York;OFF;29,620000;DUP-;0,100000;FM;OFF;1;TONE;146,2Hz;88,5Hz;023;BOTH N;;;;;;OFF;14,100000;OFF;0,500000;LSB;OFF;2;;;;;;;;;;
02;10m Repeater;34;US-New York;OFF;29,660000;DUP-;0,100000;FM;OFF;1;OFF;88,5Hz;88,5Hz;023;BOTH N;;;;;;OFF;14,100000;OFF;0,500000;LSB;OFF;2;;;;;;;;;;
02;10m Repeater;35;US-New York;OFF;29,640000;DUP-;0,100000;FM;OFF;1;OFF;88,5Hz;88,5Hz;023;BOTH N;;;;;;OFF;14,100000;OFF;0,500000;LSB;OFF;2;;;;;;;;;;
02;10m Repeater;36;PY-Campina Grnd;OFF;29,690000;DUP-;0,100000;FM;OFF;1;OFF;88,5Hz;88,5Hz;023;BOTH N;;;;;;OFF;14,100000;OFF;0,500000;LSB;OFF;2;;;;;;;;;;
