Group No;Group Name;CH No;Name;Frequency;Dup;Offset;TS;Mode;SKIP;TONE;Repeater Tone;TSQL Frequency;DTCS Code;DTCS Polarity;DV SQL;DV CSQL Code;Your Call Sign;RPT1 Call Sign;RPT2 Call Sign
01;2m Relais;00;Bergheim 2m;145,750000;DUP-;0,600000;25kHz;FM;OFF;TONE;77,0Hz;88,5Hz;023;BOTH N;;;;;
01;2m Relais;01;Koeln 2m;145,775000;DUP-;0,600000;25kHz;FM;OFF;OFF;88,5Hz;88,5Hz;023;BOTH N;;;;;
01;2m Relais;02;Duesseldorf 2m;145,687500;DUP-;0,600000;25kHz;FM;OFF;TONE;88,5Hz;88,5Hz;023;BOTH N;;;;;
01;2m Relais;03;Drachenfels 2m;145,700000;DUP-;0,600000;25kHz;FM;OFF;OFF;88,5Hz;88,5Hz;023;BOTH N;;;;;
01;2m Relais;04;Oelberg 2m;145,575000;DUP-;0,600000;25kHz;FM;OFF;TONE;88,5Hz;88,5Hz;023;BOTH N;;;;;
01;2m Relais;05;M-Gladbach 2m;145,612500;DUP-;0,600000;25kHz;FM;OFF;TONE;88,5Hz;88,5Hz;023;BOTH N;;;;;
01;2m Relais;06;Aachen 2m;145,787500;DUP-;0,600000;25kHz;FM;OFF;TONE;88,5Hz;88,5Hz;023;BOTH N;;;;;
01;2m Relais;39;OV Kerpen;145,537500;OFF;0,000000;25kHz;FM;OFF;OFF;88,5Hz;88,5Hz;023;BOTH N;;;;;
01;2m Relais;40;OV Huerth;145,312500;OFF;0,000000;25kHz;FM;OFF;OFF;88,5Hz;88,5Hz;023;BOTH N;;;;;
01;2m Relais;41;OV Dueren;145,325000;OFF;0,000000;25kHz;FM;OFF;OFF;88,5Hz;88,5Hz;023;BOTH N;;;;;
01;2m Relais;42;OV Zuelpich;145,337500;OFF;0,000000;25kHz;FM;OFF;OFF;88,5Hz;88,5Hz;023;BOTH N;;;;;
01;2m Relais;43;OV Koeln;144,775000;OFF;0,000000;25kHz;FM;OFF;OFF;88,5Hz;88,5Hz;023;BOTH N;;;;;
01;2m Relais;44;OV Leverkusen;145,362500;OFF;0,000000;25kHz;FM;OFF;OFF;88,5Hz;88,5Hz;023;BOTH N;;;;;
01;2m Relais;45;OV Bonn;144,675000;OFF;0,000000;25kHz;FM;OFF;OFF;88,5Hz;88,5Hz;023;BOTH N;;;;;
01;2m Relais;46;OV Herzogenrath;145,375000;OFF;0,000000;25kHz;FM;OFF;OFF;88,5Hz;88,5Hz;023;BOTH N;;;;;
01;2m Relais;59;2m Anruf;145,500000;DUP-;0,600000;25kHz;FM;OFF;OFF;88,5Hz;88,5Hz;023;BOTH N;;;;;
01;2m Relais;60;APRS Anruf;144,800000;OFF;0,000000;25kHz;FM;OFF;OFF;88,5Hz;88,5Hz;023;BOTH N;;;;;
