Group No;Group Name;CH No;Name;Frequency;Dup;Offset;TS;Mode;SKIP;TONE;Repeater Tone;TSQL Frequency;DTCS Code;DTCS Polarity;DV SQL;DV CSQL Code;Your Call Sign;RPT1 Call Sign;RPT2 Call Sign
00;70cm Relais;00;Bergheim 70;439,100000;DUP-;7,600000;25kHz;FM;OFF;OFF;88,5Hz;88,5Hz;023;BOTH N;;;;;
00;70cm Relais;01;Koeln 70;439,000000;DUP-;7,600000;25kHz;FM;OFF;OFF;88,5Hz;88,5Hz;023;BOTH N;;;;;
00;70cm Relais;02;Grevenbroich 70;439,250000;DUP-;7,600000;25kHz;FM;OFF;TONE;94,8Hz;88,5Hz;023;BOTH N;;;;;
00;70cm Relais;03;Juelich 70;439,375000;DUP-;7,600000;25kHz;FM;OFF;OFF;88,5Hz;88,5Hz;023;BOTH N;;;;;
00;70cm Relais;04;Nideggen 70;438,475000;DUP-;7,600000;25kHz;FM;OFF;OFF;88,5Hz;88,5Hz;023;BOTH N;;;;;
00;70cm Relais;05;B-Gladbach 70;438,875000;DUP-;7,600000;25kHz;FM;OFF;TONE;67,0Hz;88,5Hz;023;BOTH N;;;;;
00;70cm Relais;06;Leverkusen 70;439,187500;DUP-;7,600000;25kHz;FM;OFF;OFF;88,5Hz;88,5Hz;023;BOTH N;;;;;
00;70cm Relais;07;Roesrath 70;439,225000;DUP-;7,600000;25kHz;FM;OFF;OFF;88,5Hz;88,5Hz;023;BOTH N;;;;;
00;70cm Relais;08;Rheinbach 70;439,425000;DUP-;7,600000;25kHz;FM;OFF;OFF;88,5Hz;88,5Hz;023;BOTH N;;;;;
00;70cm Relais;09;Stolberg 70;439,125000;DUP-;7,600000;25kHz;FM;OFF;OFF;88,5Hz;88,5Hz;023;BOTH N;;;;;
00;70cm Relais;10;Alsdorf 70;438,775000;DUP-;7,600000;25kHz;FM;OFF;OFF;88,5Hz;88,5Hz;023;BOTH N;;;;;
00;70cm Relais;11;M-Gladbach 70;439,587500;DUP-;7,600000;25kHz;FM;OFF;OFF;88,5Hz;88,5Hz;023;BOTH N;;;;;
00;70cm Relais;12;Oelberg 70;439,050000;DUP-;7,600000;25kHz;FM;OFF;OFF;88,5Hz;88,5Hz;023;BOTH N;;;;;
00;70cm Relais;13;Erkelenz 70;439,337500;DUP-;7,600000;25kHz;FM;OFF;TONE;94,8Hz;88,5Hz;023;BOTH N;;;;;
00;70cm Relais;14;Gemuend 70;438,950000;DUP-;7,600000;25kHz;FM;OFF;OFF;88,5Hz;88,5Hz;023;BOTH N;;;;;
00;70cm Relais;15;Remscheid 70;438,550000;DUP-;7,600000;25kHz;FM;OFF;OFF;88,5Hz;88,5Hz;023;BOTH N;;;;;
00;70cm Relais;16;Wuppertal 70;438,975000;DUP-;7,600000;25kHz;FM;OFF;OFF;88,5Hz;88,5Hz;023;BOTH N;;;;;
00;70cm Relais;17;HOTSPOT Anruf;433,900000;OFF;7,600000;25kHz;DV;OFF;;;;;;OFF;0;CQCQCQ;;
