Group No;Group Name;CH No;Name;SEL;Frequency;Dup;Offset;Mode;DATA;Filter;TONE;Repeater Tone;TSQL Frequency;DTCS Code;DTCS Polarity;DV SQL;DV CSQL Code;Your Call Sign;RPT1 Call Sign;RPT2 Call Sign;Split;Frequency(2);Dup(2);Offset(2);Mode(2);DATA(2);Filter(2);TONE(2);Repeater Tone(2);TSQL Frequency(2);DTCS Code(2);DTCS Polarity(2);DV SQL(2);DV CSQL Code(2);Your Call Sign(2);RPT1 Call Sign(2);RPT2 Call Sign(2)
03;Ham Radio;00;160m CW;OFF;1,810000;OFF;0,500000;CW;OFF;2;;;;;;;;;;;OFF;14,100000;OFF;0,500000;LSB;OFF;2;;;;;;;;;;
03;Ham Radio;01;80m CW;OFF;3,500000;OFF;0,500000;CW;OFF;2;;;;;;;;;;;OFF;14,100000;OFF;0,500000;LSB;OFF;2;;;;;;;;;;
03;Ham Radio;02;60m CW;OFF;5,351500;OFF;0,500000;CW;OFF;2;;;;;;;;;;;OFF;14,100000;OFF;0,500000;LSB;OFF;2;;;;;;;;;;
03;Ham Radio;03;40m CW;OFF;7,000000;OFF;0,500000;CW;OFF;2;;;;;;;;;;;OFF;14,100000;OFF;0,500000;LSB;OFF;2;;;;;;;;;;
03;Ham Radio;04;30m CW;OFF;10,100000;OFF;0,500000;CW;OFF;2;;;;;;;;;;;OFF;14,100000;OFF;0,500000;LSB;OFF;2;;;;;;;;;;
03;Ham Radio;05;20m CW;OFF;14,000000;OFF;0,500000;CW;OFF;2;;;;;;;;;;;OFF;14,100000;OFF;0,500000;LSB;OFF;2;;;;;;;;;;
03;Ham Radio;06;17m CW;OFF;18,068000;OFF;0,500000;CW;OFF;2;;;;;;;;;;;OFF;14,100000;OFF;0,500000;LSB;OFF;2;;;;;;;;;;
03;Ham Radio;07;15m CW;OFF;21,000000;OFF;0,500000;CW;OFF;2;;;;;;;;;;;OFF;14,100000;OFF;0,500000;LSB;OFF;2;;;;;;;;;;
03;Ham Radio;08;12m CW;OFF;24,890000;OFF;0,500000;CW;OFF;2;;;;;;;;;;;OFF;14,100000;OFF;0,500000;LSB;OFF;2;;;;;;;;;;
03;Ham Radio;09;10m CW;OFF;28,000000;OFF;0,500000;CW;OFF;2;;;;;;;;;;;OFF;14,100000;OFF;0,500000;LSB;OFF;2;;;;;;;;;;
03;Ham Radio;10;6m CW;OFF;50,090000;OFF;0,500000;CW;OFF;2;;;;;;;;;;;OFF;14,100000;OFF;0,500000;LSB;OFF;2;;;;;;;;;;
03;Ham Radio;11;4m CW;OFF;70,260000;OFF;0,500000;CW;OFF;2;;;;;;;;;;;OFF;14,100000;OFF;0,500000;LSB;OFF;2;;;;;;;;;;
03;Ham Radio;12;2m CW;OFF;144,000000;OFF;0,600000;CW;OFF;2;;;;;;;;;;;OFF;144,000000;OFF;0,600000;FM;OFF;1;OFF;88,5Hz;88,5Hz;023;BOTH N;;;;;
03;Ham Radio;13;70cm CW;OFF;432,000000;OFF;7,600000;CW;OFF;2;;;;;;;;;;;OFF;432,000000;OFF;7,600000;FM;OFF;1;OFF;88,5Hz;88,5Hz;023;BOTH N;;;;;
03;Ham Radio;14;160m FT8;OFF;1,814000;OFF;0,500000;USB;ON;1;;;;;;;;;;;OFF;14,100000;OFF;0,500000;LSB;OFF;2;;;;;;;;;;
03;Ham Radio;15;80m FT8;OFF;3,573000;OFF;0,500000;USB;ON;1;;;;;;;;;;;OFF;14,100000;OFF;0,500000;LSB;OFF;2;;;;;;;;;;
03;Ham Radio;16;60m FT8;OFF;5,357000;OFF;0,500000;USB;ON;1;;;;;;;;;;;OFF;14,100000;OFF;0,500000;LSB;OFF;2;;;;;;;;;;
03;Ham Radio;17;40m FT8;OFF;7,074000;OFF;0,500000;USB;ON;1;;;;;;;;;;;OFF;14,100000;OFF;0,500000;LSB;OFF;2;;;;;;;;;;
03;Ham Radio;18;30m FT8;OFF;10,136000;OFF;0,500000;USB;ON;1;;;;;;;;;;;OFF;14,100000;OFF;0,500000;LSB;OFF;2;;;;;;;;;;
03;Ham Radio;19;20m FT8;OFF;14,074000;OFF;0,500000;USB;ON;1;;;;;;;;;;;OFF;14,100000;OFF;0,500000;LSB;OFF;2;;;;;;;;;;
03;Ham Radio;20;17m FT8;OFF;18,100000;OFF;0,500000;USB;ON;1;;;;;;;;;;;OFF;14,100000;OFF;0,500000;LSB;OFF;2;;;;;;;;;;
03;Ham Radio;21;15m FT8;OFF;21,074000;OFF;0,500000;USB;ON;1;;;;;;;;;;;OFF;14,100000;OFF;0,500000;LSB;OFF;2;;;;;;;;;;
03;Ham Radio;22;12m FT8;OFF;24,915000;OFF;0,500000;USB;ON;1;;;;;;;;;;;OFF;14,100000;OFF;0,500000;LSB;OFF;2;;;;;;;;;;
03;Ham Radio;23;10m FT8;OFF;28,074000;OFF;0,500000;USB;ON;1;;;;;;;;;;;OFF;14,100000;OFF;0,500000;LSB;OFF;2;;;;;;;;;;
03;Ham Radio;24;6m FT8;OFF;50,313000;OFF;0,500000;USB;ON;1;;;;;;;;;;;OFF;14,100000;OFF;0,500000;LSB;OFF;2;;;;;;;;;;
03;Ham Radio;25;4m FT8;OFF;70,154000;OFF;0,500000;USB;ON;1;;;;;;;;;;;OFF;14,100000;OFF;0,500000;LSB;OFF;2;;;;;;;;;;
03;Ham Radio;26;2m FT8;OFF;144,174000;OFF;0,000000;USB;ON;1;;;;;;;;;;;OFF;144,174000;OFF;0,600000;FM;OFF;1;OFF;88,5Hz;88,5Hz;023;BOTH N;;;;;
03;Ham Radio;27;70cm FT8;OFF;432,174000;OFF;0,000000;USB;ON;1;;;;;;;;;;;OFF;432,174000;OFF;7,600000;FM;OFF;1;OFF;88,5Hz;88,5Hz;023;BOTH N;;;;;
03;Ham Radio;28;160m SSB;OFF;1,843000;OFF;0,500000;LSB;OFF;1;;;;;;;;;;;OFF;14,100000;OFF;0,500000;LSB;OFF;2;;;;;;;;;;
03;Ham Radio;29;80m SSB;OFF;3,600000;OFF;0,500000;LSB;OFF;1;;;;;;;;;;;OFF;14,100000;OFF;0,500000;LSB;OFF;2;;;;;;;;;;
03;Ham Radio;30;60m SSB;OFF;5,354000;OFF;0,500000;LSB;OFF;1;;;;;;;;;;;OFF;14,100000;OFF;0,500000;LSB;OFF;2;;;;;;;;;;
03;Ham Radio;31;40m SSB;OFF;7,060000;OFF;0,500000;LSB;OFF;1;;;;;;;;;;;OFF;14,100000;OFF;0,500000;LSB;OFF;2;;;;;;;;;;
03;Ham Radio;32;20m SSB;OFF;14,125000;OFF;0,500000;USB;OFF;1;;;;;;;;;;;OFF;14,100000;OFF;0,500000;LSB;OFF;2;;;;;;;;;;
03;Ham Radio;33;17m SSB;OFF;18,120000;OFF;0,500000;USB;OFF;1;;;;;;;;;;;OFF;14,100000;OFF;0,500000;LSB;OFF;2;;;;;;;;;;
03;Ham Radio;34;15m SSB;OFF;21,151000;OFF;0,500000;USB;OFF;1;;;;;;;;;;;OFF;14,100000;OFF;0,500000;LSB;OFF;2;;;;;;;;;;
03;Ham Radio;35;12m SSB;OFF;24,940000;OFF;0,500000;USB;OFF;1;;;;;;;;;;;OFF;14,100000;OFF;0,500000;LSB;OFF;2;;;;;;;;;;
03;Ham Radio;36;10m SSB;OFF;28,320000;OFF;0,500000;USB;OFF;1;;;;;;;;;;;OFF;14,100000;OFF;0,500000;LSB;OFF;2;;;;;;;;;;
03;Ham Radio;37;6m SSB;OFF;50,100000;OFF;0,500000;USB;OFF;1;;;;;;;;;;;OFF;14,100000;OFF;0,500000;LSB;OFF;2;;;;;;;;;;
03;Ham Radio;38;4m SSB;OFF;70,200000;OFF;0,500000;USB;OFF;1;;;;;;;;;;;OFF;14,100000;OFF;0,500000;LSB;OFF;2;;;;;;;;;;
03;Ham Radio;39;2m SSB;OFF;144,150000;OFF;0,000000;USB;OFF;1;;;;;;;;;;;OFF;144,150000;OFF;0,600000;FM;OFF;1;OFF;88,5Hz;88,5Hz;023;BOTH N;;;;;
03;Ham Radio;40;70cm SSB;OFF;432,100000;OFF;7,600000;USB;OFF;1;;;;;;;;;;;OFF;432,100000;OFF;7,600000;FM;OFF;1;OFF;88,5Hz;88,5Hz;023;BOTH N;;;;;
03;Ham Radio;41;80m FT4;OFF;3,575000;OFF;0,500000;USB;ON;1;;;;;;;;;;;OFF;14,100000;OFF;0,500000;LSB;OFF;2;;;;;;;;;;
03;Ham Radio;42;40m FT4;OFF;7,047000;OFF;0,500000;USB;ON;1;;;;;;;;;;;OFF;14,100000;OFF;0,500000;LSB;OFF;2;;;;;;;;;;
03;Ham Radio;43;30m FT4;OFF;10,140000;OFF;0,500000;USB;ON;1;;;;;;;;;;;OFF;14,100000;OFF;0,500000;LSB;OFF;2;;;;;;;;;;
03;Ham Radio;44;20m FT4;OFF;14,080000;OFF;0,500000;USB;ON;1;;;;;;;;;;;OFF;14,100000;OFF;0,500000;LSB;OFF;2;;;;;;;;;;
03;Ham Radio;45;17m FT4;OFF;18,104000;OFF;0,500000;USB;ON;1;;;;;;;;;;;OFF;14,100000;OFF;0,500000;LSB;OFF;2;;;;;;;;;;
03;Ham Radio;46;15m FT4;OFF;21,140000;OFF;0,500000;USB;ON;1;;;;;;;;;;;OFF;14,100000;OFF;0,500000;LSB;OFF;2;;;;;;;;;;
03;Ham Radio;47;12m FT4;OFF;24,919000;OFF;0,500000;USB;ON;1;;;;;;;;;;;OFF;14,100000;OFF;0,500000;LSB;OFF;2;;;;;;;;;;
03;Ham Radio;48;10m FT4;OFF;28,180000;OFF;0,500000;USB;ON;1;;;;;;;;;;;OFF;14,100000;OFF;0,500000;LSB;OFF;2;;;;;;;;;;
03;Ham Radio;49;6m FT4;OFF;50,318000;OFF;0,500000;USB;ON;1;;;;;;;;;;;OFF;14,100000;OFF;0,500000;LSB;OFF;2;;;;;;;;;;
03;Ham Radio;50;160m PSK;OFF;1,838000;OFF;0,500000;USB;ON;1;;;;;;;;;;;OFF;14,100000;OFF;0,500000;LSB;OFF;2;;;;;;;;;;
03;Ham Radio;51;80m PSK;OFF;3,580000;OFF;0,500000;USB;ON;1;;;;;;;;;;;OFF;14,100000;OFF;0,500000;LSB;OFF;2;;;;;;;;;;
03;Ham Radio;52;40m PSK;OFF;7,070000;OFF;0,500000;USB;ON;1;;;;;;;;;;;OFF;14,100000;OFF;0,500000;LSB;OFF;2;;;;;;;;;;
03;Ham Radio;53;30m PSK;OFF;10,142000;OFF;0,500000;USB;ON;1;;;;;;;;;;;OFF;14,100000;OFF;0,500000;LSB;OFF;2;;;;;;;;;;
03;Ham Radio;54;20m PSK;OFF;14,070000;OFF;0,500000;USB;ON;1;;;;;;;;;;;OFF;14,100000;OFF;0,500000;LSB;OFF;2;;;;;;;;;;
03;Ham Radio;55;15m PSK;OFF;21,070000;OFF;0,500000;USB;ON;1;;;;;;;;;;;OFF;14,100000;OFF;0,500000;LSB;OFF;2;;;;;;;;;;
03;Ham Radio;56;12m PSK;OFF;24,920000;OFF;0,500000;USB;ON;1;;;;;;;;;;;OFF;14,100000;OFF;0,500000;LSB;OFF;2;;;;;;;;;;
03;Ham Radio;57;10m PSK;OFF;28,120000;OFF;0,500000;USB;ON;1;;;;;;;;;;;OFF;14,100000;OFF;0,500000;LSB;OFF;2;;;;;;;;;;
03;Ham Radio;58;160m WSPR;OFF;1,836600;OFF;0,500000;USB;ON;1;;;;;;;;;;;OFF;14,100000;OFF;0,500000;LSB;OFF;2;;;;;;;;;;
03;Ham Radio;59;80m WSPR;OFF;3,568600;OFF;0,500000;USB;ON;1;;;;;;;;;;;OFF;14,100000;OFF;0,500000;LSB;OFF;2;;;;;;;;;;
03;Ham Radio;60;40m WSPR;OFF;7,038600;OFF;0,500000;USB;ON;1;;;;;;;;;;;OFF;14,100000;OFF;0,500000;LSB;OFF;2;;;;;;;;;;
03;Ham Radio;61;30m WSPR;OFF;10,138700;OFF;0,500000;USB;ON;1;;;;;;;;;;;OFF;14,100000;OFF;0,500000;LSB;OFF;2;;;;;;;;;;
03;Ham Radio;62;20m WSPR;OFF;14,095600;OFF;0,500000;USB;ON;1;;;;;;;;;;;OFF;14,100000;OFF;0,500000;LSB;OFF;2;;;;;;;;;;
03;Ham Radio;63;17m WSPR;OFF;18,104600;OFF;0,500000;USB;ON;1;;;;;;;;;;;OFF;14,100000;OFF;0,500000;LSB;OFF;2;;;;;;;;;;
03;Ham Radio;64;15m WSPR;OFF;21,094600;OFF;0,500000;USB;ON;1;;;;;;;;;;;OFF;14,100000;OFF;0,500000;LSB;OFF;2;;;;;;;;;;
03;Ham Radio;65;12m WSPR;OFF;24,924600;OFF;0,500000;USB;ON;1;;;;;;;;;;;OFF;14,100000;OFF;0,500000;LSB;OFF;2;;;;;;;;;;
03;Ham Radio;66;10m WSPR;OFF;28,124600;OFF;0,500000;USB;ON;1;;;;;;;;;;;OFF;14,100000;OFF;0,500000;LSB;OFF;2;;;;;;;;;;
03;Ham Radio;67;6m WSPR;OFF;50,293000;OFF;0,500000;USB;ON;1;;;;;;;;;;;OFF;14,100000;OFF;0,500000;LSB;OFF;2;;;;;;;;;;
03;Ham Radio;68;4m WSPR;OFF;70,091000;OFF;0,500000;USB;ON;1;;;;;;;;;;;OFF;14,100000;OFF;0,500000;LSB;OFF;2;;;;;;;;;;
03;Ham Radio;69;10m FM Relais 01;OFF;29,610000;DUP-;0,100000;FM;OFF;1;OFF;88,5Hz;88,5Hz;023;BOTH N;;;;;;OFF;14,100000;OFF;0,500000;LSB;OFF;2;;;;;;;;;;
03;Ham Radio;70;10m FM Relais 02;OFF;29,620000;DUP-;0,100000;FM;OFF;1;OFF;88,5Hz;88,5Hz;023;BOTH N;;;;;;OFF;14,100000;OFF;0,500000;LSB;OFF;2;;;;;;;;;;
03;Ham Radio;71;10m FM Relais 03;OFF;29,630000;DUP-;0,100000;FM;OFF;1;OFF;88,5Hz;88,5Hz;023;BOTH N;;;;;;OFF;14,100000;OFF;0,500000;LSB;OFF;2;;;;;;;;;;
03;Ham Radio;72;10m FM Relais 04;OFF;29,640000;DUP-;0,100000;FM;OFF;1;OFF;88,5Hz;88,5Hz;023;BOTH N;;;;;;OFF;14,100000;OFF;0,500000;LSB;OFF;2;;;;;;;;;;
03;Ham Radio;73;10m FM Relais 05;OFF;29,650000;DUP-;0,100000;FM;OFF;1;OFF;88,5Hz;88,5Hz;023;BOTH N;;;;;;OFF;14,100000;OFF;0,500000;LSB;OFF;2;;;;;;;;;;
03;Ham Radio;74;10m FM Relais 06;OFF;29,660000;DUP-;0,100000;FM;OFF;1;OFF;88,5Hz;88,5Hz;023;BOTH N;;;;;;OFF;14,100000;OFF;0,500000;LSB;OFF;2;;;;;;;;;;
03;Ham Radio;75;10m FM Relais 07;OFF;29,670000;DUP-;0,100000;FM;OFF;1;OFF;88,5Hz;88,5Hz;023;BOTH N;;;;;;OFF;14,100000;OFF;0,500000;LSB;OFF;2;;;;;;;;;;
03;Ham Radio;76;10m FM Relais 08;OFF;29,680000;DUP-;0,100000;FM;OFF;1;OFF;88,5Hz;88,5Hz;023;BOTH N;;;;;;OFF;14,100000;OFF;0,500000;LSB;OFF;2;;;;;;;;;;
03;Ham Radio;77;10m FM Relais 09;OFF;29,690000;DUP-;0,100000;FM;OFF;1;OFF;88,5Hz;88,5Hz;023;BOTH N;;;;;;OFF;14,100000;OFF;0,500000;LSB;OFF;2;;;;;;;;;;
03;Ham Radio;78;40m FreeDV;OFF;7,177000;OFF;0,500000;USB;ON;1;;;;;;;;;;;OFF;14,100000;OFF;0,500000;LSB;OFF;2;;;;;;;;;;
03;Ham Radio;79;20m FreeDV;OFF;14,236000;OFF;0,500000;USB;ON;1;;;;;;;;;;;OFF;14,100000;OFF;0,500000;LSB;OFF;2;;;;;;;;;;
03;Ham Radio;80;15m FreeDV;OFF;21,313000;OFF;0,500000;USB;ON;1;;;;;;;;;;;OFF;14,100000;OFF;0,500000;LSB;OFF;2;;;;;;;;;;
03;Ham Radio;81;10m FreeDV;OFF;28,330000;OFF;0,500000;USB;ON;1;;;;;;;;;;;OFF;14,100000;OFF;0,500000;LSB;OFF;2;;;;;;;;;;
03;Ham Radio;82;80m SSTV;OFF;3,730000;OFF;0,500000;USB;ON;1;;;;;;;;;;;OFF;14,100000;OFF;0,500000;LSB;OFF;2;;;;;;;;;;
03;Ham Radio;83;40m SSTV;OFF;7,040000;OFF;0,500000;USB;ON;1;;;;;;;;;;;OFF;14,100000;OFF;0,500000;LSB;OFF;2;;;;;;;;;;
03;Ham Radio;84;20m SSTV;OFF;14,230000;OFF;0,500000;USB;ON;1;;;;;;;;;;;OFF;14,100000;OFF;0,500000;LSB;OFF;2;;;;;;;;;;
03;Ham Radio;85;15m SSTV;OFF;21,340000;OFF;0,500000;USB;ON;1;;;;;;;;;;;OFF;14,100000;OFF;0,500000;LSB;OFF;2;;;;;;;;;;
03;Ham Radio;86;10m SSTV;OFF;28,680000;OFF;0,500000;USB;ON;1;;;;;;;;;;;OFF;14,100000;OFF;0,500000;LSB;OFF;2;;;;;;;;;;
03;Ham Radio;87;20m IARU Beacon;OFF;14,100000;OFF;0,500000;CW;OFF;2;;;;;;;;;;;OFF;14,100000;OFF;0,500000;LSB;OFF;2;;;;;;;;;;
03;Ham Radio;88;17m IARU Beacon;OFF;18,110000;OFF;0,500000;CW;OFF;2;;;;;;;;;;;OFF;14,100000;OFF;0,500000;LSB;OFF;2;;;;;;;;;;
03;Ham Radio;89;15m IARU Beacon;OFF;21,150000;OFF;0,500000;CW;OFF;2;;;;;;;;;;;OFF;14,100000;OFF;0,500000;LSB;OFF;2;;;;;;;;;;
03;Ham Radio;90;12m IARU Beacon;OFF;24,930000;OFF;0,500000;CW;OFF;2;;;;;;;;;;;OFF;14,100000;OFF;0,500000;LSB;OFF;2;;;;;;;;;;
03;Ham Radio;91;10m IARU Beacon;OFF;28,200000;OFF;0,500000;CW;OFF;2;;;;;;;;;;;OFF;14,100000;OFF;0,500000;LSB;OFF;2;;;;;;;;;;
03;Ham Radio;92;6m Beacons;OFF;50,040000;OFF;0,500000;CW;OFF;2;;;;;;;;;;;OFF;14,100000;OFF;0,500000;LSB;OFF;2;;;;;;;;;;
03;Ham Radio;93;4m Beacons;OFF;70,025000;OFF;0,500000;CW;OFF;2;;;;;;;;;;;OFF;14,100000;OFF;0,500000;LSB;OFF;2;;;;;;;;;;
03;Ham Radio;94;80m Aurora Bake;OFF;3,579000;OFF;0,500000;CW;OFF;2;;;;;;;;;;;OFF;14,100000;OFF;0,500000;LSB;OFF;2;;;;;;;;;;
03;Ham Radio;95;30m Aurora Bake;OFF;10,144000;OFF;0,500000;CW;OFF;2;;;;;;;;;;;OFF;14,100000;OFF;0,500000;LSB;OFF;2;;;;;;;;;;
