Group No;Group Name;CH No;Name;SEL;Frequency;Dup;Offset;Mode;DATA;Filter;TONE;Repeater Tone;TSQL Frequency;DTCS Code;DTCS Polarity;DV SQL;DV CSQL Code;Your Call Sign;RPT1 Call Sign;RPT2 Call Sign;Split;Frequency(2);Dup(2);Offset(2);Mode(2);DATA(2);Filter(2);TONE(2);Repeater Tone(2);TSQL Frequency(2);DTCS Code(2);DTCS Polarity(2);DV SQL(2);DV CSQL Code(2);Your Call Sign(2);RPT1 Call Sign(2);RPT2 Call Sign(2)
20;Satellite;00;AO-27;OFF;436,795000;OFF;0,100000;FM;OFF;1;OFF;88,5Hz;88,5Hz;023;BOTH N;;;;;;ON;145,850000;OFF;0,500000;FM;OFF;1;OFF;88,5Hz;88,5Hz;023;BOTH N;;;;;
20;Satellite;01;AO-73;OFF;145,970000;OFF;0,100000;USB;OFF;1;;;;;;;;;;;ON;435,130000;OFF;0,500000;LSB;OFF;1;;;;;;;;;;
20;Satellite;02;AO-91;OFF;145,960000;OFF;0,100000;FM;OFF;1;OFF;88,5Hz;88,5Hz;023;BOTH N;;;;;;ON;435,250000;OFF;0,500000;FM;OFF;1;TONE;67,0Hz;88,5Hz;023;BOTH N;;;;;
20;Satellite;03;AO-92;OFF;145,880000;OFF;0,100000;FM;OFF;1;OFF;88,5Hz;88,5Hz;023;BOTH N;;;;;;ON;435,350000;OFF;0,500000;FM;OFF;1;TONE;67,0Hz;88,5Hz;023;BOTH N;;;;;
20;Satellite;04;AO-95;OFF;145,920000;OFF;0,100000;FM;OFF;1;OFF;88,5Hz;88,5Hz;023;BOTH N;;;;;;ON;435,300000;OFF;0,500000;FM;OFF;1;TONE;67,0Hz;88,5Hz;023;BOTH N;;;;;
20;Satellite;05;CAS-3H;OFF;437,200000;OFF;0,100000;FM;OFF;1;OFF;88,5Hz;88,5Hz;023;BOTH N;;;;;;ON;144,350000;OFF;0,500000;FM;OFF;1;OFF;88,5Hz;88,5Hz;023;BOTH N;;;;;
20;Satellite;06;CAS-5A;OFF;435,600000;OFF;0,100000;FM;OFF;1;OFF;88,5Hz;88,5Hz;023;BOTH N;;;;;;ON;145,925000;OFF;0,500000;FM;OFF;1;OFF;88,5Hz;88,5Hz;023;BOTH N;;;;;
20;Satellite;07;CAS-7A;OFF;435,455000;OFF;0,100000;FM;OFF;1;OFF;88,5Hz;88,5Hz;023;BOTH N;;;;;;ON;145,950000;OFF;0,500000;FM;OFF;1;OFF;88,5Hz;88,5Hz;023;BOTH N;;;;;
20;Satellite;08;CAS-7C;OFF;435,690000;OFF;0,100000;FM;OFF;1;OFF;88,5Hz;88,5Hz;023;BOTH N;;;;;;ON;145,900000;OFF;0,500000;FM;OFF;1;OFF;88,5Hz;88,5Hz;023;BOTH N;;;;;
20;Satellite;09;EO-88;OFF;145,960000;OFF;0,100000;USB;OFF;1;;;;;;;;;;;ON;435,015000;OFF;0,500000;LSB;OFF;1;;;;;;;;;;
20;Satellite;10;FO-29;OFF;435,800000;OFF;0,100000;USB;OFF;1;;;;;;;;;;;ON;145,900000;OFF;0,500000;LSB;OFF;1;;;;;;;;;;
20;Satellite;11;ISS;OFF;145,800000;DUP-;0,600000;FM;OFF;1;OFF;88,5Hz;88,5Hz;023;BOTH N;;;;;;OFF;437,800000;OFF;0,500000;FM;OFF;1;OFF;88,5Hz;88,5Hz;023;BOTH N;;;;;
20;Satellite;12;PO-101;OFF;145,900000;OFF;0,100000;FM;OFF;1;OFF;88,5Hz;88,5Hz;023;BOTH N;;;;;;ON;437,500000;OFF;0,500000;FM;OFF;1;TONE;141,3Hz;88,5Hz;023;BOTH N;;;;;
20;Satellite;13;SO-50;OFF;436,800000;OFF;0,100000;FM;OFF;1;OFF;88,5Hz;88,5Hz;023;BOTH N;;;;;;ON;145,850000;OFF;0,500000;FM;OFF;1;TONE;67,0Hz;88,5Hz;023;BOTH N;;;;;
20;Satellite;14;RS-44;OFF;435,610000;OFF;0,500000;USB;OFF;1;;;;;;;;;;;ON;145,935000;OFF;0,500000;LSB;OFF;1;;;;;;;;;;
