<?xml version="1.0" encoding="utf-8"?>
<ArrayOfPreset xmlns:xsi="http://www.w3.org/2001/XMLSchema-instance" xmlns:xsd="http://www.w3.org/2001/XMLSchema">
  <Preset>
    <programmer />
    <mcu />
    <port />
    <baud />
    <bitclock />
    <flashFile />
    <flashFormat>a</flashFormat>
    <flashOp>w</flashOp>
    <EEPROMFile />
    <EEPROMFormat>a</EEPROMFormat>
    <EEPROMOp>w</EEPROMOp>
    <force>false</force>
    <disableVerify>false</disableVerify>
    <disableFlashErase>false</disableFlashErase>
    <eraseFlashAndEEPROM>false</eraseFlashAndEEPROM>
    <doNotWrite>false</doNotWrite>
    <lfuse />
    <hfuse />
    <efuse />
    <setFuses>false</setFuses>
    <lockBits />
    <setLock>false</setLock>
    <additional />
    <verbosity>0</verbosity>
    <name>Default</name>
  </Preset>
  <Preset>
    <programmer>arduino</programmer>
    <mcu>m328p</mcu>
    <port />
    <baud>115200</baud>
    <bitclock />
    <flashFile>..\Firmwares\V2.8-MicroPA50.hex</flashFile>
    <flashFormat>a</flashFormat>
    <flashOp>w</flashOp>
    <EEPROMFile />
    <EEPROMFormat>a</EEPROMFormat>
    <EEPROMOp>w</EEPROMOp>
    <force>false</force>
    <disableVerify>false</disableVerify>
    <disableFlashErase>false</disableFlashErase>
    <eraseFlashAndEEPROM>false</eraseFlashAndEEPROM>
    <doNotWrite>false</doNotWrite>
    <lfuse />
    <hfuse />
    <efuse />
    <setFuses>false</setFuses>
    <lockBits />
    <setLock>false</setLock>
    <additional />
    <verbosity>0</verbosity>
    <name>Micro PA 50</name>
  </Preset>
  <Preset>
    <programmer>arduino</programmer>
    <mcu>m328p</mcu>
    <port />
    <baud>115200</baud>
    <bitclock />
    <flashFile>..\Firmwares\V2.8-MicroPA50+.hex</flashFile>
    <flashFormat>a</flashFormat>
    <flashOp>w</flashOp>
    <EEPROMFile />
    <EEPROMFormat>a</EEPROMFormat>
    <EEPROMOp>w</EEPROMOp>
    <force>false</force>
    <disableVerify>false</disableVerify>
    <disableFlashErase>false</disableFlashErase>
    <eraseFlashAndEEPROM>false</eraseFlashAndEEPROM>
    <doNotWrite>false</doNotWrite>
    <lfuse />
    <hfuse />
    <efuse />
    <setFuses>false</setFuses>
    <lockBits />
    <setLock>false</setLock>
    <additional />
    <verbosity>0</verbosity>
    <name>Micro PA 50+</name>
  </Preset>
</ArrayOfPreset>