Group No;Group Name;CH No;Name;SEL;Frequency;Dup;Offset;Mode;DATA;Filter;TONE;Repeater Tone;TSQL Frequency;DTCS Code;DTCS Polarity;DV SQL;DV CSQL Code;Your Call Sign;RPT1 Call Sign;RPT2 Call Sign;Split;Frequency(2);Dup(2);Offset(2);Mode(2);DATA(2);Filter(2);TONE(2);Repeater Tone(2);TSQL Frequency(2);DTCS Code(2);DTCS Polarity(2);DV SQL(2);DV CSQL Code(2);Your Call Sign(2);RPT1 Call Sign(2);RPT2 Call Sign(2)
04;CB-Radio;00;CB CEPT 01;OFF;26,965000;OFF;0,500000;FM;OFF;1;OFF;88,5Hz;88,5Hz;023;BOTH N;;;;;;OFF;26,965000;OFF;0,500000;FM;OFF;1;OFF;88,5Hz;88,5Hz;023;BOTH N;;;;;
04;CB-Radio;01;CB CEPT 02;OFF;26,975000;OFF;0,500000;FM;OFF;1;OFF;88,5Hz;88,5Hz;023;BOTH N;;;;;;OFF;26,975000;OFF;0,500000;FM;OFF;1;OFF;88,5Hz;88,5Hz;023;BOTH N;;;;;
04;CB-Radio;02;CB CEPT 03;OFF;26,985000;OFF;0,500000;FM;OFF;1;OFF;88,5Hz;88,5Hz;023;BOTH N;;;;;;OFF;26,985000;OFF;0,500000;FM;OFF;1;OFF;88,5Hz;88,5Hz;023;BOTH N;;;;;
04;CB-Radio;03;CB CEPT 04;OFF;27,005000;OFF;0,500000;AM;OFF;1;;;;;;;;;;;OFF;27,005000;OFF;0,500000;AM;OFF;1;;;;;;;;;;
04;CB-Radio;04;CB CEPT 05;OFF;27,015000;OFF;0,500000;FM;OFF;1;OFF;88,5Hz;88,5Hz;023;BOTH N;;;;;;OFF;27,015000;OFF;0,500000;FM;OFF;1;OFF;88,5Hz;88,5Hz;023;BOTH N;;;;;
04;CB-Radio;05;CB CEPT 06;OFF;27,025000;OFF;0,500000;FM;OFF;1;OFF;88,5Hz;88,5Hz;023;BOTH N;;;;;;OFF;27,025000;OFF;0,500000;FM;OFF;1;OFF;88,5Hz;88,5Hz;023;BOTH N;;;;;
04;CB-Radio;06;CB CEPT 07;OFF;27,035000;OFF;0,500000;FM;OFF;1;OFF;88,5Hz;88,5Hz;023;BOTH N;;;;;;OFF;27,035000;OFF;0,500000;FM;OFF;1;OFF;88,5Hz;88,5Hz;023;BOTH N;;;;;
04;CB-Radio;07;CB CEPT 08;OFF;27,055000;OFF;0,500000;AM;OFF;1;;;;;;;;;;;OFF;27,055000;OFF;0,500000;AM;OFF;1;;;;;;;;;;
04;CB-Radio;08;CB CEPT 09;OFF;27,065000;OFF;0,500000;FM;OFF;1;OFF;88,5Hz;88,5Hz;023;BOTH N;;;;;;OFF;27,065000;OFF;0,500000;FM;OFF;1;OFF;88,5Hz;88,5Hz;023;BOTH N;;;;;
04;CB-Radio;09;CB CEPT 10;OFF;27,075000;OFF;0,500000;FM;OFF;1;OFF;88,5Hz;88,5Hz;023;BOTH N;;;;;;OFF;27,075000;OFF;0,500000;FM;OFF;1;OFF;88,5Hz;88,5Hz;023;BOTH N;;;;;
04;CB-Radio;10;CB CEPT 11;OFF;27,085000;OFF;0,500000;FM;OFF;1;OFF;88,5Hz;88,5Hz;023;BOTH N;;;;;;OFF;27,085000;OFF;0,500000;FM;OFF;1;OFF;88,5Hz;88,5Hz;023;BOTH N;;;;;
04;CB-Radio;11;CB CEPT 12;OFF;27,105000;OFF;0,500000;FM;OFF;1;OFF;88,5Hz;88,5Hz;023;BOTH N;;;;;;OFF;27,105000;OFF;0,500000;FM;OFF;1;OFF;88,5Hz;88,5Hz;023;BOTH N;;;;;
04;CB-Radio;12;CB CEPT 13;OFF;27,115000;OFF;0,500000;FM;OFF;1;OFF;88,5Hz;88,5Hz;023;BOTH N;;;;;;OFF;27,115000;OFF;0,500000;FM;OFF;1;OFF;88,5Hz;88,5Hz;023;BOTH N;;;;;
04;CB-Radio;13;CB CEPT 14;OFF;27,125000;OFF;0,500000;FM;OFF;1;OFF;88,5Hz;88,5Hz;023;BOTH N;;;;;;OFF;27,125000;OFF;0,500000;FM;OFF;1;OFF;88,5Hz;88,5Hz;023;BOTH N;;;;;
04;CB-Radio;14;CB CEPT 15;OFF;27,135000;OFF;0,500000;FM;OFF;1;OFF;88,5Hz;88,5Hz;023;BOTH N;;;;;;OFF;27,135000;OFF;0,500000;FM;OFF;1;OFF;88,5Hz;88,5Hz;023;BOTH N;;;;;
04;CB-Radio;15;CB CEPT 16;OFF;27,155000;OFF;0,500000;FM;OFF;1;OFF;88,5Hz;88,5Hz;023;BOTH N;;;;;;OFF;27,155000;OFF;0,500000;FM;OFF;1;OFF;88,5Hz;88,5Hz;023;BOTH N;;;;;
04;CB-Radio;16;CB CEPT 17;OFF;27,165000;OFF;0,500000;FM;OFF;1;OFF;88,5Hz;88,5Hz;023;BOTH N;;;;;;OFF;27,165000;OFF;0,500000;FM;OFF;1;OFF;88,5Hz;88,5Hz;023;BOTH N;;;;;
04;CB-Radio;17;CB CEPT 18;OFF;27,175000;OFF;0,500000;FM;OFF;1;OFF;88,5Hz;88,5Hz;023;BOTH N;;;;;;OFF;27,175000;OFF;0,500000;FM;OFF;1;OFF;88,5Hz;88,5Hz;023;BOTH N;;;;;
04;CB-Radio;18;CB CEPT 19;OFF;27,185000;OFF;0,500000;FM;OFF;1;OFF;88,5Hz;88,5Hz;023;BOTH N;;;;;;OFF;27,185000;OFF;0,500000;FM;OFF;1;OFF;88,5Hz;88,5Hz;023;BOTH N;;;;;
04;CB-Radio;19;CB CEPT 20;OFF;27,205000;OFF;0,500000;FM;OFF;1;OFF;88,5Hz;88,5Hz;023;BOTH N;;;;;;OFF;27,205000;OFF;0,500000;FM;OFF;1;OFF;88,5Hz;88,5Hz;023;BOTH N;;;;;
04;CB-Radio;20;CB CEPT 21;OFF;27,215000;OFF;0,500000;FM;OFF;1;OFF;88,5Hz;88,5Hz;023;BOTH N;;;;;;OFF;27,215000;OFF;0,500000;FM;OFF;1;OFF;88,5Hz;88,5Hz;023;BOTH N;;;;;
04;CB-Radio;21;CB CEPT 22;OFF;27,225000;OFF;0,500000;FM;OFF;1;OFF;88,5Hz;88,5Hz;023;BOTH N;;;;;;OFF;27,225000;OFF;0,500000;FM;OFF;1;OFF;88,5Hz;88,5Hz;023;BOTH N;;;;;
04;CB-Radio;22;CB CEPT 23;OFF;27,255000;OFF;0,500000;FM;OFF;1;OFF;88,5Hz;88,5Hz;023;BOTH N;;;;;;OFF;27,255000;OFF;0,500000;FM;OFF;1;OFF;88,5Hz;88,5Hz;023;BOTH N;;;;;
04;CB-Radio;23;CB CEPT 24;OFF;27,235000;OFF;0,500000;FM;OFF;1;OFF;88,5Hz;88,5Hz;023;BOTH N;;;;;;OFF;27,235000;OFF;0,500000;FM;OFF;1;OFF;88,5Hz;88,5Hz;023;BOTH N;;;;;
04;CB-Radio;24;CB CEPT 25;OFF;27,245000;OFF;0,500000;FM;OFF;1;OFF;88,5Hz;88,5Hz;023;BOTH N;;;;;;OFF;27,245000;OFF;0,500000;FM;OFF;1;OFF;88,5Hz;88,5Hz;023;BOTH N;;;;;
04;CB-Radio;25;CB CEPT 26;OFF;27,265000;OFF;0,500000;FM;OFF;1;OFF;88,5Hz;88,5Hz;023;BOTH N;;;;;;OFF;27,265000;OFF;0,500000;FM;OFF;1;OFF;88,5Hz;88,5Hz;023;BOTH N;;;;;
04;CB-Radio;26;CB CEPT 27;OFF;27,275000;OFF;0,500000;FM;OFF;1;OFF;88,5Hz;88,5Hz;023;BOTH N;;;;;;OFF;27,275000;OFF;0,500000;FM;OFF;1;OFF;88,5Hz;88,5Hz;023;BOTH N;;;;;
04;CB-Radio;27;CB CEPT 28;OFF;27,285000;OFF;0,500000;FM;OFF;1;OFF;88,5Hz;88,5Hz;023;BOTH N;;;;;;OFF;27,285000;OFF;0,500000;FM;OFF;1;OFF;88,5Hz;88,5Hz;023;BOTH N;;;;;
04;CB-Radio;28;CB CEPT 29;OFF;27,295000;OFF;0,500000;FM;OFF;1;OFF;88,5Hz;88,5Hz;023;BOTH N;;;;;;OFF;27,295000;OFF;0,500000;FM;OFF;1;OFF;88,5Hz;88,5Hz;023;BOTH N;;;;;
04;CB-Radio;29;CB CEPT 30;OFF;27,305000;OFF;0,500000;FM;OFF;1;OFF;88,5Hz;88,5Hz;023;BOTH N;;;;;;OFF;27,305000;OFF;0,500000;FM;OFF;1;OFF;88,5Hz;88,5Hz;023;BOTH N;;;;;
04;CB-Radio;30;CB CEPT 31;OFF;27,315000;OFF;0,500000;FM;OFF;1;OFF;88,5Hz;88,5Hz;023;BOTH N;;;;;;OFF;27,315000;OFF;0,500000;FM;OFF;1;OFF;88,5Hz;88,5Hz;023;BOTH N;;;;;
04;CB-Radio;31;CB CEPT 32;OFF;27,325000;OFF;0,500000;FM;OFF;1;OFF;88,5Hz;88,5Hz;023;BOTH N;;;;;;OFF;27,325000;OFF;0,500000;FM;OFF;1;OFF;88,5Hz;88,5Hz;023;BOTH N;;;;;
04;CB-Radio;32;CB CEPT 33;OFF;27,335000;OFF;0,500000;FM;OFF;1;OFF;88,5Hz;88,5Hz;023;BOTH N;;;;;;OFF;27,335000;OFF;0,500000;FM;OFF;1;OFF;88,5Hz;88,5Hz;023;BOTH N;;;;;
04;CB-Radio;33;CB CEPT 34;OFF;27,345000;OFF;0,500000;FM;OFF;1;OFF;88,5Hz;88,5Hz;023;BOTH N;;;;;;OFF;27,345000;OFF;0,500000;FM;OFF;1;OFF;88,5Hz;88,5Hz;023;BOTH N;;;;;
04;CB-Radio;34;CB CEPT 35;OFF;27,355000;OFF;0,500000;FM;OFF;1;OFF;88,5Hz;88,5Hz;023;BOTH N;;;;;;OFF;27,355000;OFF;0,500000;FM;OFF;1;OFF;88,5Hz;88,5Hz;023;BOTH N;;;;;
04;CB-Radio;35;CB CEPT 36;OFF;27,365000;OFF;0,500000;FM;OFF;1;OFF;88,5Hz;88,5Hz;023;BOTH N;;;;;;OFF;27,365000;OFF;0,500000;FM;OFF;1;OFF;88,5Hz;88,5Hz;023;BOTH N;;;;;
04;CB-Radio;36;CB CEPT 37;OFF;27,375000;OFF;0,500000;FM;OFF;1;OFF;88,5Hz;88,5Hz;023;BOTH N;;;;;;OFF;27,375000;OFF;0,500000;FM;OFF;1;OFF;88,5Hz;88,5Hz;023;BOTH N;;;;;
04;CB-Radio;37;CB CEPT 38;OFF;27,385000;OFF;0,500000;FM;OFF;1;OFF;88,5Hz;88,5Hz;023;BOTH N;;;;;;OFF;27,385000;OFF;0,500000;FM;OFF;1;OFF;88,5Hz;88,5Hz;023;BOTH N;;;;;
04;CB-Radio;38;CB CEPT 39;OFF;27,395000;OFF;0,500000;FM;OFF;1;OFF;88,5Hz;88,5Hz;023;BOTH N;;;;;;OFF;27,395000;OFF;0,500000;FM;OFF;1;OFF;88,5Hz;88,5Hz;023;BOTH N;;;;;
04;CB-Radio;39;CB CEPT 40;OFF;27,405000;OFF;0,500000;FM;OFF;1;OFF;88,5Hz;88,5Hz;023;BOTH N;;;;;;OFF;27,405000;OFF;0,500000;FM;OFF;1;OFF;88,5Hz;88,5Hz;023;BOTH N;;;;;
04;CB-Radio;40;CB GER 41;OFF;26,565000;OFF;0,500000;FM;OFF;1;OFF;88,5Hz;88,5Hz;023;BOTH N;;;;;;OFF;26,565000;OFF;0,500000;FM;OFF;1;OFF;88,5Hz;88,5Hz;023;BOTH N;;;;;
04;CB-Radio;41;CB GER 42;OFF;26,575000;OFF;0,500000;FM;OFF;1;OFF;88,5Hz;88,5Hz;023;BOTH N;;;;;;OFF;26,575000;OFF;0,500000;FM;OFF;1;OFF;88,5Hz;88,5Hz;023;BOTH N;;;;;
04;CB-Radio;42;CB GER 43;OFF;26,585000;OFF;0,500000;FM;OFF;1;OFF;88,5Hz;88,5Hz;023;BOTH N;;;;;;OFF;26,585000;OFF;0,500000;FM;OFF;1;OFF;88,5Hz;88,5Hz;023;BOTH N;;;;;
04;CB-Radio;43;CB GER 44;OFF;26,595000;OFF;0,500000;FM;OFF;1;OFF;88,5Hz;88,5Hz;023;BOTH N;;;;;;OFF;26,595000;OFF;0,500000;FM;OFF;1;OFF;88,5Hz;88,5Hz;023;BOTH N;;;;;
04;CB-Radio;44;CB GER 45;OFF;26,605000;OFF;0,500000;FM;OFF;1;OFF;88,5Hz;88,5Hz;023;BOTH N;;;;;;OFF;26,605000;OFF;0,500000;FM;OFF;1;OFF;88,5Hz;88,5Hz;023;BOTH N;;;;;
04;CB-Radio;45;CB GER 46;OFF;26,615000;OFF;0,500000;FM;OFF;1;OFF;88,5Hz;88,5Hz;023;BOTH N;;;;;;OFF;26,615000;OFF;0,500000;FM;OFF;1;OFF;88,5Hz;88,5Hz;023;BOTH N;;;;;
04;CB-Radio;46;CB GER 47;OFF;26,625000;OFF;0,500000;FM;OFF;1;OFF;88,5Hz;88,5Hz;023;BOTH N;;;;;;OFF;26,625000;OFF;0,500000;FM;OFF;1;OFF;88,5Hz;88,5Hz;023;BOTH N;;;;;
04;CB-Radio;47;CB GER 48;OFF;26,635000;OFF;0,500000;FM;OFF;1;OFF;88,5Hz;88,5Hz;023;BOTH N;;;;;;OFF;26,635000;OFF;0,500000;FM;OFF;1;OFF;88,5Hz;88,5Hz;023;BOTH N;;;;;
04;CB-Radio;48;CB GER 49;OFF;26,645000;OFF;0,500000;FM;OFF;1;OFF;88,5Hz;88,5Hz;023;BOTH N;;;;;;OFF;26,645000;OFF;0,500000;FM;OFF;1;OFF;88,5Hz;88,5Hz;023;BOTH N;;;;;
04;CB-Radio;49;CB GER 50;OFF;26,655000;OFF;0,500000;FM;OFF;1;OFF;88,5Hz;88,5Hz;023;BOTH N;;;;;;OFF;26,655000;OFF;0,500000;FM;OFF;1;OFF;88,5Hz;88,5Hz;023;BOTH N;;;;;
04;CB-Radio;50;CB GER 51;OFF;26,665000;OFF;0,500000;FM;OFF;1;OFF;88,5Hz;88,5Hz;023;BOTH N;;;;;;OFF;26,665000;OFF;0,500000;FM;OFF;1;OFF;88,5Hz;88,5Hz;023;BOTH N;;;;;
04;CB-Radio;51;CB GER 52;OFF;26,675000;OFF;0,500000;FM;OFF;1;OFF;88,5Hz;88,5Hz;023;BOTH N;;;;;;OFF;26,675000;OFF;0,500000;FM;OFF;1;OFF;88,5Hz;88,5Hz;023;BOTH N;;;;;
04;CB-Radio;52;CB GER 53;OFF;26,685000;OFF;0,500000;FM;OFF;1;OFF;88,5Hz;88,5Hz;023;BOTH N;;;;;;OFF;26,685000;OFF;0,500000;FM;OFF;1;OFF;88,5Hz;88,5Hz;023;BOTH N;;;;;
04;CB-Radio;53;CB GER 54;OFF;26,695000;OFF;0,500000;FM;OFF;1;OFF;88,5Hz;88,5Hz;023;BOTH N;;;;;;OFF;26,695000;OFF;0,500000;FM;OFF;1;OFF;88,5Hz;88,5Hz;023;BOTH N;;;;;
04;CB-Radio;54;CB GER 55;OFF;26,705000;OFF;0,500000;FM;OFF;1;OFF;88,5Hz;88,5Hz;023;BOTH N;;;;;;OFF;26,705000;OFF;0,500000;FM;OFF;1;OFF;88,5Hz;88,5Hz;023;BOTH N;;;;;
04;CB-Radio;55;CB GER 56;OFF;26,715000;OFF;0,500000;FM;OFF;1;OFF;88,5Hz;88,5Hz;023;BOTH N;;;;;;OFF;26,715000;OFF;0,500000;FM;OFF;1;OFF;88,5Hz;88,5Hz;023;BOTH N;;;;;
04;CB-Radio;56;CB GER 57;OFF;26,725000;OFF;0,500000;FM;OFF;1;OFF;88,5Hz;88,5Hz;023;BOTH N;;;;;;OFF;26,725000;OFF;0,500000;FM;OFF;1;OFF;88,5Hz;88,5Hz;023;BOTH N;;;;;
04;CB-Radio;57;CB GER 58;OFF;26,735000;OFF;0,500000;FM;OFF;1;OFF;88,5Hz;88,5Hz;023;BOTH N;;;;;;OFF;26,735000;OFF;0,500000;FM;OFF;1;OFF;88,5Hz;88,5Hz;023;BOTH N;;;;;
04;CB-Radio;58;CB GER 59;OFF;26,745000;OFF;0,500000;FM;OFF;1;OFF;88,5Hz;88,5Hz;023;BOTH N;;;;;;OFF;26,745000;OFF;0,500000;FM;OFF;1;OFF;88,5Hz;88,5Hz;023;BOTH N;;;;;
04;CB-Radio;59;CB GER 60;OFF;26,755000;OFF;0,500000;FM;OFF;1;OFF;88,5Hz;88,5Hz;023;BOTH N;;;;;;OFF;26,755000;OFF;0,500000;FM;OFF;1;OFF;88,5Hz;88,5Hz;023;BOTH N;;;;;
04;CB-Radio;60;CB GER 61;OFF;26,765000;OFF;0,500000;FM;OFF;1;OFF;88,5Hz;88,5Hz;023;BOTH N;;;;;;OFF;26,765000;OFF;0,500000;FM;OFF;1;OFF;88,5Hz;88,5Hz;023;BOTH N;;;;;
04;CB-Radio;61;CB GER 62;OFF;26,775000;OFF;0,500000;FM;OFF;1;OFF;88,5Hz;88,5Hz;023;BOTH N;;;;;;OFF;26,775000;OFF;0,500000;FM;OFF;1;OFF;88,5Hz;88,5Hz;023;BOTH N;;;;;
04;CB-Radio;62;CB GER 63;OFF;26,785000;OFF;0,500000;FM;OFF;1;OFF;88,5Hz;88,5Hz;023;BOTH N;;;;;;OFF;26,785000;OFF;0,500000;FM;OFF;1;OFF;88,5Hz;88,5Hz;023;BOTH N;;;;;
04;CB-Radio;63;CB GER 64;OFF;26,795000;OFF;0,500000;FM;OFF;1;OFF;88,5Hz;88,5Hz;023;BOTH N;;;;;;OFF;26,795000;OFF;0,500000;FM;OFF;1;OFF;88,5Hz;88,5Hz;023;BOTH N;;;;;
04;CB-Radio;64;CB GER 65;OFF;26,805000;OFF;0,500000;FM;OFF;1;OFF;88,5Hz;88,5Hz;023;BOTH N;;;;;;OFF;26,805000;OFF;0,500000;FM;OFF;1;OFF;88,5Hz;88,5Hz;023;BOTH N;;;;;
04;CB-Radio;65;CB GER 66;OFF;26,815000;OFF;0,500000;FM;OFF;1;OFF;88,5Hz;88,5Hz;023;BOTH N;;;;;;OFF;26,815000;OFF;0,500000;FM;OFF;1;OFF;88,5Hz;88,5Hz;023;BOTH N;;;;;
04;CB-Radio;66;CB GER 67;OFF;26,825000;OFF;0,500000;FM;OFF;1;OFF;88,5Hz;88,5Hz;023;BOTH N;;;;;;OFF;26,825000;OFF;0,500000;FM;OFF;1;OFF;88,5Hz;88,5Hz;023;BOTH N;;;;;
04;CB-Radio;67;CB GER 68;OFF;26,835000;OFF;0,500000;FM;OFF;1;OFF;88,5Hz;88,5Hz;023;BOTH N;;;;;;OFF;26,835000;OFF;0,500000;FM;OFF;1;OFF;88,5Hz;88,5Hz;023;BOTH N;;;;;
04;CB-Radio;68;CB GER 69;OFF;26,845000;OFF;0,500000;FM;OFF;1;OFF;88,5Hz;88,5Hz;023;BOTH N;;;;;;OFF;26,845000;OFF;0,500000;FM;OFF;1;OFF;88,5Hz;88,5Hz;023;BOTH N;;;;;
04;CB-Radio;69;CB GER 70;OFF;26,855000;OFF;0,500000;FM;OFF;1;OFF;88,5Hz;88,5Hz;023;BOTH N;;;;;;OFF;26,855000;OFF;0,500000;FM;OFF;1;OFF;88,5Hz;88,5Hz;023;BOTH N;;;;;
04;CB-Radio;70;CB GER 71;OFF;26,865000;OFF;0,500000;FM;OFF;1;OFF;88,5Hz;88,5Hz;023;BOTH N;;;;;;OFF;26,865000;OFF;0,500000;FM;OFF;1;OFF;88,5Hz;88,5Hz;023;BOTH N;;;;;
04;CB-Radio;71;CB GER 72;OFF;26,875000;OFF;0,500000;FM;OFF;1;OFF;88,5Hz;88,5Hz;023;BOTH N;;;;;;OFF;26,875000;OFF;0,500000;FM;OFF;1;OFF;88,5Hz;88,5Hz;023;BOTH N;;;;;
04;CB-Radio;72;CB GER 73;OFF;26,885000;OFF;0,500000;FM;OFF;1;OFF;88,5Hz;88,5Hz;023;BOTH N;;;;;;OFF;26,885000;OFF;0,500000;FM;OFF;1;OFF;88,5Hz;88,5Hz;023;BOTH N;;;;;
04;CB-Radio;73;CB GER 74;OFF;26,895000;OFF;0,500000;FM;OFF;1;OFF;88,5Hz;88,5Hz;023;BOTH N;;;;;;OFF;26,895000;OFF;0,500000;FM;OFF;1;OFF;88,5Hz;88,5Hz;023;BOTH N;;;;;
04;CB-Radio;74;CB GER 75;OFF;26,905000;OFF;0,500000;FM;OFF;1;OFF;88,5Hz;88,5Hz;023;BOTH N;;;;;;OFF;26,905000;OFF;0,500000;FM;OFF;1;OFF;88,5Hz;88,5Hz;023;BOTH N;;;;;
04;CB-Radio;75;CB GER 76;OFF;26,915000;OFF;0,500000;FM;OFF;1;OFF;88,5Hz;88,5Hz;023;BOTH N;;;;;;OFF;26,915000;OFF;0,500000;FM;OFF;1;OFF;88,5Hz;88,5Hz;023;BOTH N;;;;;
04;CB-Radio;76;CB GER 77;OFF;26,925000;OFF;0,500000;FM;OFF;1;OFF;88,5Hz;88,5Hz;023;BOTH N;;;;;;OFF;26,925000;OFF;0,500000;FM;OFF;1;OFF;88,5Hz;88,5Hz;023;BOTH N;;;;;
04;CB-Radio;77;CB GER 78;OFF;26,935000;OFF;0,500000;FM;OFF;1;OFF;88,5Hz;88,5Hz;023;BOTH N;;;;;;OFF;26,935000;OFF;0,500000;FM;OFF;1;OFF;88,5Hz;88,5Hz;023;BOTH N;;;;;
04;CB-Radio;78;CB GER 79;OFF;26,945000;OFF;0,500000;FM;OFF;1;OFF;88,5Hz;88,5Hz;023;BOTH N;;;;;;OFF;26,945000;OFF;0,500000;FM;OFF;1;OFF;88,5Hz;88,5Hz;023;BOTH N;;;;;
04;CB-Radio;79;CB GER 80;OFF;26,955000;OFF;0,500000;FM;OFF;1;OFF;88,5Hz;88,5Hz;023;BOTH N;;;;;;OFF;26,955000;OFF;0,500000;FM;OFF;1;OFF;88,5Hz;88,5Hz;023;BOTH N;;;;;
04;CB-Radio;80;CB FCC 03A;OFF;26,995000;OFF;0,500000;FM;OFF;1;OFF;88,5Hz;88,5Hz;023;BOTH N;;;;;;OFF;26,995000;OFF;0,500000;FM;OFF;1;OFF;88,5Hz;88,5Hz;023;BOTH N;;;;;
04;CB-Radio;81;CB FCC 07A;OFF;27,045000;OFF;0,500000;FM;OFF;1;OFF;88,5Hz;88,5Hz;023;BOTH N;;;;;;OFF;27,045000;OFF;0,500000;FM;OFF;1;OFF;88,5Hz;88,5Hz;023;BOTH N;;;;;
04;CB-Radio;82;CB FCC 11A;OFF;27,095000;OFF;0,500000;FM;OFF;1;OFF;88,5Hz;88,5Hz;023;BOTH N;;;;;;OFF;27,095000;OFF;0,500000;FM;OFF;1;OFF;88,5Hz;88,5Hz;023;BOTH N;;;;;
04;CB-Radio;83;CB FCC 15A;OFF;27,145000;OFF;0,500000;FM;OFF;1;OFF;88,5Hz;88,5Hz;023;BOTH N;;;;;;OFF;27,145000;OFF;0,500000;FM;OFF;1;OFF;88,5Hz;88,5Hz;023;BOTH N;;;;;
04;CB-Radio;84;CB FCC 19A;OFF;27,195000;OFF;0,500000;FM;OFF;1;OFF;88,5Hz;88,5Hz;023;BOTH N;;;;;;OFF;27,195000;OFF;0,500000;FM;OFF;1;OFF;88,5Hz;88,5Hz;023;BOTH N;;;;;
04;CB-Radio;85;CB JAP 01;OFF;26,968000;OFF;0,500000;FM;OFF;1;OFF;88,5Hz;88,5Hz;023;BOTH N;;;;;;OFF;26,968000;OFF;0,500000;FM;OFF;1;OFF;88,5Hz;88,5Hz;023;BOTH N;;;;;
04;CB-Radio;86;CB JAP 02;OFF;26,976000;OFF;0,500000;FM;OFF;1;OFF;88,5Hz;88,5Hz;023;BOTH N;;;;;;OFF;26,976000;OFF;0,500000;FM;OFF;1;OFF;88,5Hz;88,5Hz;023;BOTH N;;;;;
04;CB-Radio;87;CB JAP 03;OFF;27,040000;OFF;0,500000;FM;OFF;1;OFF;88,5Hz;88,5Hz;023;BOTH N;;;;;;OFF;27,040000;OFF;0,500000;FM;OFF;1;OFF;88,5Hz;88,5Hz;023;BOTH N;;;;;
04;CB-Radio;88;CB JAP 04;OFF;27,080000;OFF;0,500000;FM;OFF;1;OFF;88,5Hz;88,5Hz;023;BOTH N;;;;;;OFF;27,080000;OFF;0,500000;FM;OFF;1;OFF;88,5Hz;88,5Hz;023;BOTH N;;;;;
04;CB-Radio;89;CB JAP 05;OFF;27,088000;OFF;0,500000;FM;OFF;1;OFF;88,5Hz;88,5Hz;023;BOTH N;;;;;;OFF;27,088000;OFF;0,500000;FM;OFF;1;OFF;88,5Hz;88,5Hz;023;BOTH N;;;;;
04;CB-Radio;90;CB JAP 06;OFF;27,112000;OFF;0,500000;FM;OFF;1;OFF;88,5Hz;88,5Hz;023;BOTH N;;;;;;OFF;27,112000;OFF;0,500000;FM;OFF;1;OFF;88,5Hz;88,5Hz;023;BOTH N;;;;;
04;CB-Radio;91;CB JAP 07;OFF;27,120000;OFF;0,500000;FM;OFF;1;OFF;88,5Hz;88,5Hz;023;BOTH N;;;;;;OFF;27,120000;OFF;0,500000;FM;OFF;1;OFF;88,5Hz;88,5Hz;023;BOTH N;;;;;
04;CB-Radio;92;CB JAP 08;OFF;27,144000;OFF;0,500000;FM;OFF;1;OFF;88,5Hz;88,5Hz;023;BOTH N;;;;;;OFF;27,144000;OFF;0,500000;FM;OFF;1;OFF;88,5Hz;88,5Hz;023;BOTH N;;;;;
