Group No;Group Name;CH No;Name;SEL;Frequency;Dup;Offset;Mode;DATA;Filter;TONE;Repeater Tone;TSQL Frequency;DTCS Code;DTCS Polarity;DV SQL;DV CSQL Code;Your Call Sign;RPT1 Call Sign;RPT2 Call Sign;Split;Frequency(2);Dup(2);Offset(2);Mode(2);DATA(2);Filter(2);TONE(2);Repeater Tone(2);TSQL Frequency(2);DTCS Code(2);DTCS Polarity(2);DV SQL(2);DV CSQL Code(2);Your Call Sign(2);RPT1 Call Sign(2);RPT2 Call Sign(2)
00;KDR 444;00;KDR444 01;OFF;444,600000;OFF;0,100000;FM;OFF;1;OFF;88,5Hz;88,5Hz;023;BOTH N;;;;;;OFF;444,600000;OFF;0,100000;FM;OFF;1;OFF;88,5Hz;88,5Hz;023;BOTH N;;;;;
00;KDR 444;01;KDR444 02;OFF;444,650000;OFF;0,100000;FM;OFF;1;OFF;88,5Hz;88,5Hz;023;BOTH N;;;;;;OFF;444,650000;OFF;0,100000;FM;OFF;1;OFF;88,5Hz;88,5Hz;023;BOTH N;;;;;
00;KDR 444;02;KDR444 03;OFF;444,800000;OFF;0,100000;FM;OFF;1;OFF;88,5Hz;88,5Hz;023;BOTH N;;;;;;OFF;444,800000;OFF;0,100000;FM;OFF;1;OFF;88,5Hz;88,5Hz;023;BOTH N;;;;;
00;KDR 444;03;KDR444 04;OFF;444,825000;OFF;0,100000;FM;OFF;1;OFF;88,5Hz;88,5Hz;023;BOTH N;;;;;;OFF;444,825000;OFF;0,100000;FM;OFF;1;OFF;88,5Hz;88,5Hz;023;BOTH N;;;;;
00;KDR 444;04;KDR444 05;OFF;444,850000;OFF;0,100000;FM;OFF;1;OFF;88,5Hz;88,5Hz;023;BOTH N;;;;;;OFF;444,850000;OFF;0,100000;FM;OFF;1;OFF;88,5Hz;88,5Hz;023;BOTH N;;;;;
00;KDR 444;05;KDR444 06;OFF;444,875000;OFF;0,100000;FM;OFF;1;OFF;88,5Hz;88,5Hz;023;BOTH N;;;;;;OFF;444,875000;OFF;0,100000;FM;OFF;1;OFF;88,5Hz;88,5Hz;023;BOTH N;;;;;
00;KDR 444;06;KDR444 07;OFF;444,925000;OFF;0,100000;FM;OFF;1;OFF;88,5Hz;88,5Hz;023;BOTH N;;;;;;OFF;444,925000;OFF;0,100000;FM;OFF;1;OFF;88,5Hz;88,5Hz;023;BOTH N;;;;;
00;KDR 444;07;KDR444 08;OFF;444,975000;OFF;0,100000;FM;OFF;1;OFF;88,5Hz;88,5Hz;023;BOTH N;;;;;;OFF;444,975000;OFF;0,100000;FM;OFF;1;OFF;88,5Hz;88,5Hz;023;BOTH N;;;;;
