Group No;Group Name;CH No;Name;SEL;Frequency;Dup;Offset;Mode;DATA;Filter;TONE;Repeater Tone;TSQL Frequency;DTCS Code;DTCS Polarity;DV SQL;DV CSQL Code;Your Call Sign;RPT1 Call Sign;RPT2 Call Sign;Split;Frequency(2);Dup(2);Offset(2);Mode(2);DATA(2);Filter(2);TONE(2);Repeater Tone(2);TSQL Frequency(2);DTCS Code(2);DTCS Polarity(2);DV SQL(2);DV CSQL Code(2);Your Call Sign(2);RPT1 Call Sign(2);RPT2 Call Sign(2)
12;LPD;00;LPD Kanal 01;OFF;433,075000;OFF;0,100000;FM;OFF;1;OFF;88,5Hz;88,5Hz;023;BOTH N;;;;;;OFF;14,100000;OFF;0,500000;LSB;OFF;2;;;;;;;;;;
12;LPD;01;LPD Kanal 02;OFF;433,100000;OFF;0,100000;FM;OFF;1;OFF;88,5Hz;88,5Hz;023;BOTH N;;;;;;OFF;14,100000;OFF;0,500000;LSB;OFF;2;;;;;;;;;;
12;LPD;02;LPD Kanal 03;OFF;433,125000;OFF;0,100000;FM;OFF;1;OFF;88,5Hz;88,5Hz;023;BOTH N;;;;;;OFF;14,100000;OFF;0,500000;LSB;OFF;2;;;;;;;;;;
12;LPD;03;LPD Kanal 04;OFF;433,150000;OFF;0,100000;FM;OFF;1;OFF;88,5Hz;88,5Hz;023;BOTH N;;;;;;OFF;14,100000;OFF;0,500000;LSB;OFF;2;;;;;;;;;;
12;LPD;04;LPD Kanal 05;OFF;433,175000;OFF;0,100000;FM;OFF;1;OFF;88,5Hz;88,5Hz;023;BOTH N;;;;;;OFF;14,100000;OFF;0,500000;LSB;OFF;2;;;;;;;;;;
12;LPD;05;LPD Kanal 06;OFF;433,200000;OFF;0,100000;FM;OFF;1;OFF;88,5Hz;88,5Hz;023;BOTH N;;;;;;OFF;14,100000;OFF;0,500000;LSB;OFF;2;;;;;;;;;;
12;LPD;06;LPD Kanal 07;OFF;433,225000;OFF;0,100000;FM;OFF;1;OFF;88,5Hz;88,5Hz;023;BOTH N;;;;;;OFF;14,100000;OFF;0,500000;LSB;OFF;2;;;;;;;;;;
12;LPD;07;LPD Kanal 08;OFF;433,250000;OFF;0,100000;FM;OFF;1;OFF;88,5Hz;88,5Hz;023;BOTH N;;;;;;OFF;14,100000;OFF;0,500000;LSB;OFF;2;;;;;;;;;;
12;LPD;08;LPD Kanal 09;OFF;433,275000;OFF;0,100000;FM;OFF;1;OFF;88,5Hz;88,5Hz;023;BOTH N;;;;;;OFF;14,100000;OFF;0,500000;LSB;OFF;2;;;;;;;;;;
12;LPD;09;LPD Kanal 10;OFF;433,300000;OFF;0,100000;FM;OFF;1;OFF;88,5Hz;88,5Hz;023;BOTH N;;;;;;OFF;14,100000;OFF;0,500000;LSB;OFF;2;;;;;;;;;;
12;LPD;10;LPD Kanal 11;OFF;433,325000;OFF;0,100000;FM;OFF;1;OFF;88,5Hz;88,5Hz;023;BOTH N;;;;;;OFF;14,100000;OFF;0,500000;LSB;OFF;2;;;;;;;;;;
12;LPD;11;LPD Kanal 12;OFF;433,350000;OFF;0,100000;FM;OFF;1;OFF;88,5Hz;88,5Hz;023;BOTH N;;;;;;OFF;14,100000;OFF;0,500000;LSB;OFF;2;;;;;;;;;;
12;LPD;12;LPD Kanal 13;OFF;433,375000;OFF;0,100000;FM;OFF;1;OFF;88,5Hz;88,5Hz;023;BOTH N;;;;;;OFF;14,100000;OFF;0,500000;LSB;OFF;2;;;;;;;;;;
12;LPD;13;LPD Kanal 14;OFF;433,400000;OFF;0,100000;FM;OFF;1;OFF;88,5Hz;88,5Hz;023;BOTH N;;;;;;OFF;14,100000;OFF;0,500000;LSB;OFF;2;;;;;;;;;;
12;LPD;14;LPD Kanal 15;OFF;433,425000;OFF;0,100000;FM;OFF;1;OFF;88,5Hz;88,5Hz;023;BOTH N;;;;;;OFF;14,100000;OFF;0,500000;LSB;OFF;2;;;;;;;;;;
12;LPD;15;LPD Kanal 16;OFF;433,450000;OFF;0,100000;FM;OFF;1;OFF;88,5Hz;88,5Hz;023;BOTH N;;;;;;OFF;14,100000;OFF;0,500000;LSB;OFF;2;;;;;;;;;;
12;LPD;16;LPD Kanal 17;OFF;433,475000;OFF;0,100000;FM;OFF;1;OFF;88,5Hz;88,5Hz;023;BOTH N;;;;;;OFF;14,100000;OFF;0,500000;LSB;OFF;2;;;;;;;;;;
12;LPD;17;LPD Kanal 18;OFF;433,500000;OFF;0,100000;FM;OFF;1;OFF;88,5Hz;88,5Hz;023;BOTH N;;;;;;OFF;14,100000;OFF;0,500000;LSB;OFF;2;;;;;;;;;;
12;LPD;18;LPD Kanal 19;OFF;433,525000;OFF;0,100000;FM;OFF;1;OFF;88,5Hz;88,5Hz;023;BOTH N;;;;;;OFF;14,100000;OFF;0,500000;LSB;OFF;2;;;;;;;;;;
12;LPD;19;LPD Kanal 20;OFF;433,550000;OFF;0,100000;FM;OFF;1;OFF;88,5Hz;88,5Hz;023;BOTH N;;;;;;OFF;14,100000;OFF;0,500000;LSB;OFF;2;;;;;;;;;;
12;LPD;20;LPD Kanal 21;OFF;433,575000;OFF;0,100000;FM;OFF;1;OFF;88,5Hz;88,5Hz;023;BOTH N;;;;;;OFF;14,100000;OFF;0,500000;LSB;OFF;2;;;;;;;;;;
12;LPD;21;LPD Kanal 22;OFF;433,600000;OFF;0,100000;FM;OFF;1;OFF;88,5Hz;88,5Hz;023;BOTH N;;;;;;OFF;14,100000;OFF;0,500000;LSB;OFF;2;;;;;;;;;;
12;LPD;22;LPD Kanal 23;OFF;433,625000;OFF;0,100000;FM;OFF;1;OFF;88,5Hz;88,5Hz;023;BOTH N;;;;;;OFF;14,100000;OFF;0,500000;LSB;OFF;2;;;;;;;;;;
12;LPD;23;LPD Kanal 24;OFF;433,650000;OFF;0,100000;FM;OFF;1;OFF;88,5Hz;88,5Hz;023;BOTH N;;;;;;OFF;14,100000;OFF;0,500000;LSB;OFF;2;;;;;;;;;;
12;LPD;24;LPD Kanal 25;OFF;433,675000;OFF;0,100000;FM;OFF;1;OFF;88,5Hz;88,5Hz;023;BOTH N;;;;;;OFF;14,100000;OFF;0,500000;LSB;OFF;2;;;;;;;;;;
12;LPD;25;LPD Kanal 26;OFF;433,700000;OFF;0,100000;FM;OFF;1;OFF;88,5Hz;88,5Hz;023;BOTH N;;;;;;OFF;14,100000;OFF;0,500000;LSB;OFF;2;;;;;;;;;;
12;LPD;26;LPD Kanal 27;OFF;433,725000;OFF;0,100000;FM;OFF;1;OFF;88,5Hz;88,5Hz;023;BOTH N;;;;;;OFF;14,100000;OFF;0,500000;LSB;OFF;2;;;;;;;;;;
12;LPD;27;LPD Kanal 28;OFF;433,750000;OFF;0,100000;FM;OFF;1;OFF;88,5Hz;88,5Hz;023;BOTH N;;;;;;OFF;14,100000;OFF;0,500000;LSB;OFF;2;;;;;;;;;;
12;LPD;28;LPD Kanal 29;OFF;433,775000;OFF;0,100000;FM;OFF;1;OFF;88,5Hz;88,5Hz;023;BOTH N;;;;;;OFF;14,100000;OFF;0,500000;LSB;OFF;2;;;;;;;;;;
12;LPD;29;LPD Kanal 30;OFF;433,800000;OFF;0,100000;FM;OFF;1;OFF;88,5Hz;88,5Hz;023;BOTH N;;;;;;OFF;14,100000;OFF;0,500000;LSB;OFF;2;;;;;;;;;;
12;LPD;30;LPD Kanal 31;OFF;433,825000;OFF;0,100000;FM;OFF;1;OFF;88,5Hz;88,5Hz;023;BOTH N;;;;;;OFF;14,100000;OFF;0,500000;LSB;OFF;2;;;;;;;;;;
12;LPD;31;LPD Kanal 32;OFF;433,850000;OFF;0,100000;FM;OFF;1;OFF;88,5Hz;88,5Hz;023;BOTH N;;;;;;OFF;14,100000;OFF;0,500000;LSB;OFF;2;;;;;;;;;;
12;LPD;32;LPD Kanal 33;OFF;433,875000;OFF;0,100000;FM;OFF;1;OFF;88,5Hz;88,5Hz;023;BOTH N;;;;;;OFF;14,100000;OFF;0,500000;LSB;OFF;2;;;;;;;;;;
12;LPD;33;LPD Kanal 34;OFF;433,900000;OFF;0,100000;FM;OFF;1;OFF;88,5Hz;88,5Hz;023;BOTH N;;;;;;OFF;14,100000;OFF;0,500000;LSB;OFF;2;;;;;;;;;;
12;LPD;34;LPD Kanal 35;OFF;433,925000;OFF;0,100000;FM;OFF;1;OFF;88,5Hz;88,5Hz;023;BOTH N;;;;;;OFF;14,100000;OFF;0,500000;LSB;OFF;2;;;;;;;;;;
12;LPD;35;LPD Kanal 36;OFF;433,950000;OFF;0,100000;FM;OFF;1;OFF;88,5Hz;88,5Hz;023;BOTH N;;;;;;OFF;14,100000;OFF;0,500000;LSB;OFF;2;;;;;;;;;;
12;LPD;36;LPD Kanal 37;OFF;433,975000;OFF;0,100000;FM;OFF;1;OFF;88,5Hz;88,5Hz;023;BOTH N;;;;;;OFF;14,100000;OFF;0,500000;LSB;OFF;2;;;;;;;;;;
12;LPD;37;LPD Kanal 38;OFF;434,000000;OFF;0,100000;FM;OFF;1;OFF;88,5Hz;88,5Hz;023;BOTH N;;;;;;OFF;14,100000;OFF;0,500000;LSB;OFF;2;;;;;;;;;;
12;LPD;38;LPD Kanal 39;OFF;434,025000;OFF;0,100000;FM;OFF;1;OFF;88,5Hz;88,5Hz;023;BOTH N;;;;;;OFF;14,100000;OFF;0,500000;LSB;OFF;2;;;;;;;;;;
12;LPD;39;LPD Kanal 40;OFF;434,050000;OFF;0,100000;FM;OFF;1;OFF;88,5Hz;88,5Hz;023;BOTH N;;;;;;OFF;14,100000;OFF;0,500000;LSB;OFF;2;;;;;;;;;;
12;LPD;40;LPD Kanal 41;OFF;434,075000;OFF;0,100000;FM;OFF;1;OFF;88,5Hz;88,5Hz;023;BOTH N;;;;;;OFF;14,100000;OFF;0,500000;LSB;OFF;2;;;;;;;;;;
12;LPD;41;LPD Kanal 42;OFF;434,100000;OFF;0,100000;FM;OFF;1;OFF;88,5Hz;88,5Hz;023;BOTH N;;;;;;OFF;14,100000;OFF;0,500000;LSB;OFF;2;;;;;;;;;;
12;LPD;42;LPD Kanal 43;OFF;434,125000;OFF;0,100000;FM;OFF;1;OFF;88,5Hz;88,5Hz;023;BOTH N;;;;;;OFF;14,100000;OFF;0,500000;LSB;OFF;2;;;;;;;;;;
12;LPD;43;LPD Kanal 44;OFF;434,150000;OFF;0,100000;FM;OFF;1;OFF;88,5Hz;88,5Hz;023;BOTH N;;;;;;OFF;14,100000;OFF;0,500000;LSB;OFF;2;;;;;;;;;;
12;LPD;44;LPD Kanal 45;OFF;434,175000;OFF;0,100000;FM;OFF;1;OFF;88,5Hz;88,5Hz;023;BOTH N;;;;;;OFF;14,100000;OFF;0,500000;LSB;OFF;2;;;;;;;;;;
12;LPD;45;LPD Kanal 46;OFF;434,200000;OFF;0,100000;FM;OFF;1;OFF;88,5Hz;88,5Hz;023;BOTH N;;;;;;OFF;14,100000;OFF;0,500000;LSB;OFF;2;;;;;;;;;;
12;LPD;46;LPD Kanal 47;OFF;434,225000;OFF;0,100000;FM;OFF;1;OFF;88,5Hz;88,5Hz;023;BOTH N;;;;;;OFF;14,100000;OFF;0,500000;LSB;OFF;2;;;;;;;;;;
12;LPD;47;LPD Kanal 48;OFF;434,250000;OFF;0,100000;FM;OFF;1;OFF;88,5Hz;88,5Hz;023;BOTH N;;;;;;OFF;14,100000;OFF;0,500000;LSB;OFF;2;;;;;;;;;;
12;LPD;48;LPD Kanal 49;OFF;434,275000;OFF;0,100000;FM;OFF;1;OFF;88,5Hz;88,5Hz;023;BOTH N;;;;;;OFF;14,100000;OFF;0,500000;LSB;OFF;2;;;;;;;;;;
12;LPD;49;LPD Kanal 50;OFF;434,300000;OFF;0,100000;FM;OFF;1;OFF;88,5Hz;88,5Hz;023;BOTH N;;;;;;OFF;14,100000;OFF;0,500000;LSB;OFF;2;;;;;;;;;;
12;LPD;50;LPD Kanal 51;OFF;434,325000;OFF;0,100000;FM;OFF;1;OFF;88,5Hz;88,5Hz;023;BOTH N;;;;;;OFF;14,100000;OFF;0,500000;LSB;OFF;2;;;;;;;;;;
12;LPD;51;LPD Kanal 52;OFF;434,350000;OFF;0,100000;FM;OFF;1;OFF;88,5Hz;88,5Hz;023;BOTH N;;;;;;OFF;14,100000;OFF;0,500000;LSB;OFF;2;;;;;;;;;;
12;LPD;52;LPD Kanal 53;OFF;434,375000;OFF;0,100000;FM;OFF;1;OFF;88,5Hz;88,5Hz;023;BOTH N;;;;;;OFF;14,100000;OFF;0,500000;LSB;OFF;2;;;;;;;;;;
12;LPD;53;LPD Kanal 54;OFF;434,400000;OFF;0,100000;FM;OFF;1;OFF;88,5Hz;88,5Hz;023;BOTH N;;;;;;OFF;14,100000;OFF;0,500000;LSB;OFF;2;;;;;;;;;;
12;LPD;54;LPD Kanal 55;OFF;434,425000;OFF;0,100000;FM;OFF;1;OFF;88,5Hz;88,5Hz;023;BOTH N;;;;;;OFF;14,100000;OFF;0,500000;LSB;OFF;2;;;;;;;;;;
12;LPD;55;LPD Kanal 56;OFF;434,450000;OFF;0,100000;FM;OFF;1;OFF;88,5Hz;88,5Hz;023;BOTH N;;;;;;OFF;14,100000;OFF;0,500000;LSB;OFF;2;;;;;;;;;;
12;LPD;56;LPD Kanal 57;OFF;434,475000;OFF;0,100000;FM;OFF;1;OFF;88,5Hz;88,5Hz;023;BOTH N;;;;;;OFF;14,100000;OFF;0,500000;LSB;OFF;2;;;;;;;;;;
12;LPD;57;LPD Kanal 58;OFF;434,500000;OFF;0,100000;FM;OFF;1;OFF;88,5Hz;88,5Hz;023;BOTH N;;;;;;OFF;14,100000;OFF;0,500000;LSB;OFF;2;;;;;;;;;;
12;LPD;58;LPD Kanal 59;OFF;434,525000;OFF;0,100000;FM;OFF;1;OFF;88,5Hz;88,5Hz;023;BOTH N;;;;;;OFF;14,100000;OFF;0,500000;LSB;OFF;2;;;;;;;;;;
12;LPD;59;LPD Kanal 60;OFF;434,550000;OFF;0,100000;FM;OFF;1;OFF;88,5Hz;88,5Hz;023;BOTH N;;;;;;OFF;14,100000;OFF;0,500000;LSB;OFF;2;;;;;;;;;;
12;LPD;60;LPD Kanal 61;OFF;434,575000;OFF;0,100000;FM;OFF;1;OFF;88,5Hz;88,5Hz;023;BOTH N;;;;;;OFF;14,100000;OFF;0,500000;LSB;OFF;2;;;;;;;;;;
12;LPD;61;LPD Kanal 62;OFF;434,600000;OFF;0,100000;FM;OFF;1;OFF;88,5Hz;88,5Hz;023;BOTH N;;;;;;OFF;14,100000;OFF;0,500000;LSB;OFF;2;;;;;;;;;;
12;LPD;62;LPD Kanal 63;OFF;434,625000;OFF;0,100000;FM;OFF;1;OFF;88,5Hz;88,5Hz;023;BOTH N;;;;;;OFF;14,100000;OFF;0,500000;LSB;OFF;2;;;;;;;;;;
12;LPD;63;LPD Kanal 64;OFF;434,650000;OFF;0,100000;FM;OFF;1;OFF;88,5Hz;88,5Hz;023;BOTH N;;;;;;OFF;14,100000;OFF;0,500000;LSB;OFF;2;;;;;;;;;;
12;LPD;64;LPD Kanal 65;OFF;434,675000;OFF;0,100000;FM;OFF;1;OFF;88,5Hz;88,5Hz;023;BOTH N;;;;;;OFF;14,100000;OFF;0,500000;LSB;OFF;2;;;;;;;;;;
12;LPD;65;LPD Kanal 66;OFF;434,700000;OFF;0,100000;FM;OFF;1;OFF;88,5Hz;88,5Hz;023;BOTH N;;;;;;OFF;14,100000;OFF;0,500000;LSB;OFF;2;;;;;;;;;;
12;LPD;66;LPD Kanal 67;OFF;434,725000;OFF;0,100000;FM;OFF;1;OFF;88,5Hz;88,5Hz;023;BOTH N;;;;;;OFF;14,100000;OFF;0,500000;LSB;OFF;2;;;;;;;;;;
12;LPD;67;LPD Kanal 68;OFF;434,750000;OFF;0,100000;FM;OFF;1;OFF;88,5Hz;88,5Hz;023;BOTH N;;;;;;OFF;14,100000;OFF;0,500000;LSB;OFF;2;;;;;;;;;;
12;LPD;68;LPD Kanal 69;OFF;434,775000;OFF;0,100000;FM;OFF;1;OFF;88,5Hz;88,5Hz;023;BOTH N;;;;;;OFF;14,100000;OFF;0,500000;LSB;OFF;2;;;;;;;;;;
