Group No;Group Name;CH No;Name;SEL;Frequency;Dup;Offset;Mode;DATA;Filter;TONE;Repeater Tone;TSQL Frequency;DTCS Code;DTCS Polarity;DV SQL;DV CSQL Code;Your Call Sign;RPT1 Call Sign;RPT2 Call Sign;Split;Frequency(2);Dup(2);Offset(2);Mode(2);DATA(2);Filter(2);TONE(2);Repeater Tone(2);TSQL Frequency(2);DTCS Code(2);DTCS Polarity(2);DV SQL(2);DV CSQL Code(2);Your Call Sign(2);RPT1 Call Sign(2);RPT2 Call Sign(2)
00;Multi-Use Radio;00;MURS 1;OFF;151,820000;OFF;0,100000;AM;OFF;1;;;;;;;;;;;OFF;151,820000;OFF;0,100000;AM;OFF;1;;;;;;;;;;
00;Multi-Use Radio;01;MURS 2;OFF;151,880000;OFF;0,100000;AM;OFF;1;;;;;;;;;;;OFF;151,880000;OFF;0,100000;AM;OFF;1;;;;;;;;;;
00;Multi-Use Radio;02;MURS 3;OFF;151,940000;OFF;0,100000;AM;OFF;1;;;;;;;;;;;OFF;151,940000;OFF;0,100000;AM;OFF;1;;;;;;;;;;
00;Multi-Use Radio;03;Blue Dot;OFF;154,570000;OFF;0,100000;AM;OFF;1;;;;;;;;;;;OFF;154,570000;OFF;0,100000;AM;OFF;1;;;;;;;;;;
00;Multi-Use Radio;04;Green Dot;OFF;154,600000;OFF;0,100000;AM;OFF;1;;;;;;;;;;;OFF;154,600000;OFF;0,100000;AM;OFF;1;;;;;;;;;;
