Group No;Group Name;CH No;Name;SEL;Frequency;Dup;Offset;Mode;DATA;Filter;TONE;Repeater Tone;TSQL Frequency;DTCS Code;DTCS Polarity;DV SQL;DV CSQL Code;Your Call Sign;RPT1 Call Sign;RPT2 Call Sign;Split;Frequency(2);Dup(2);Offset(2);Mode(2);DATA(2);Filter(2);TONE(2);Repeater Tone(2);TSQL Frequency(2);DTCS Code(2);DTCS Polarity(2);DV SQL(2);DV CSQL Code(2);Your Call Sign(2);RPT1 Call Sign(2);RPT2 Call Sign(2)
11;PMR;00;PMR Channel 01;OFF;446,006250;OFF;0,100000;FM;OFF;1;OFF;88,5Hz;88,5Hz;023;BOTH N;;;;;;OFF;14,100000;OFF;0,500000;LSB;OFF;2;;;;;;;;;;
11;PMR;01;PMR Channel 02;OFF;446,018750;OFF;0,100000;FM;OFF;1;OFF;88,5Hz;88,5Hz;023;BOTH N;;;;;;OFF;14,100000;OFF;0,500000;LSB;OFF;2;;;;;;;;;;
11;PMR;02;PMR Channel 03;OFF;446,031250;OFF;0,100000;FM;OFF;1;OFF;88,5Hz;88,5Hz;023;BOTH N;;;;;;OFF;14,100000;OFF;0,500000;LSB;OFF;2;;;;;;;;;;
11;PMR;03;PMR Channel 04;OFF;446,043750;OFF;0,100000;FM;OFF;1;OFF;88,5Hz;88,5Hz;023;BOTH N;;;;;;OFF;14,100000;OFF;0,500000;LSB;OFF;2;;;;;;;;;;
11;PMR;04;PMR Channel 05;OFF;446,056250;OFF;0,100000;FM;OFF;1;OFF;88,5Hz;88,5Hz;023;BOTH N;;;;;;OFF;14,100000;OFF;0,500000;LSB;OFF;2;;;;;;;;;;
11;PMR;05;PMR Channel 06;OFF;446,068750;OFF;0,100000;FM;OFF;1;OFF;88,5Hz;88,5Hz;023;BOTH N;;;;;;OFF;14,100000;OFF;0,500000;LSB;OFF;2;;;;;;;;;;
11;PMR;06;PMR Channel 07;OFF;446,081250;OFF;0,100000;FM;OFF;1;OFF;88,5Hz;88,5Hz;023;BOTH N;;;;;;OFF;14,100000;OFF;0,500000;LSB;OFF;2;;;;;;;;;;
11;PMR;07;PMR Channel 08;OFF;446,093750;OFF;0,100000;FM;OFF;1;OFF;88,5Hz;88,5Hz;023;BOTH N;;;;;;OFF;14,100000;OFF;0,500000;LSB;OFF;2;;;;;;;;;;
11;PMR;08;PMR Channel 09;OFF;446,106250;OFF;0,100000;FM;OFF;1;OFF;88,5Hz;88,5Hz;023;BOTH N;;;;;;OFF;14,100000;OFF;0,500000;LSB;OFF;2;;;;;;;;;;
11;PMR;09;PMR Channel 10;OFF;446,118750;OFF;0,100000;FM;OFF;1;OFF;88,5Hz;88,5Hz;023;BOTH N;;;;;;OFF;14,100000;OFF;0,500000;LSB;OFF;2;;;;;;;;;;
11;PMR;10;PMR Channel 11;OFF;446,131250;OFF;0,100000;FM;OFF;1;OFF;88,5Hz;88,5Hz;023;BOTH N;;;;;;OFF;14,100000;OFF;0,500000;LSB;OFF;2;;;;;;;;;;
11;PMR;11;PMR Channel 12;OFF;446,143750;OFF;0,100000;FM;OFF;1;OFF;88,5Hz;88,5Hz;023;BOTH N;;;;;;OFF;14,100000;OFF;0,500000;LSB;OFF;2;;;;;;;;;;
11;PMR;12;PMR Channel 13;OFF;446,156250;OFF;0,100000;FM;OFF;1;OFF;88,5Hz;88,5Hz;023;BOTH N;;;;;;OFF;14,100000;OFF;0,500000;LSB;OFF;2;;;;;;;;;;
11;PMR;13;PMR Channel 14;OFF;446,168750;OFF;0,100000;FM;OFF;1;OFF;88,5Hz;88,5Hz;023;BOTH N;;;;;;OFF;14,100000;OFF;0,500000;LSB;OFF;2;;;;;;;;;;
11;PMR;14;PMR Channel 15;OFF;446,181250;OFF;0,100000;FM;OFF;1;OFF;88,5Hz;88,5Hz;023;BOTH N;;;;;;OFF;14,100000;OFF;0,500000;LSB;OFF;2;;;;;;;;;;
11;PMR;15;PMR Channel 16;OFF;446,193750;OFF;0,100000;FM;OFF;1;OFF;88,5Hz;88,5Hz;023;BOTH N;;;;;;OFF;14,100000;OFF;0,500000;LSB;OFF;2;;;;;;;;;;
