Group No;Group Name;CH No;Name;SEL;Frequency;Dup;Offset;Mode;DATA;Filter;TONE;Repeater Tone;TSQL Frequency;DTCS Code;DTCS Polarity;DV SQL;DV CSQL Code;Your Call Sign;RPT1 Call Sign;RPT2 Call Sign;Split;Frequency(2);Dup(2);Offset(2);Mode(2);DATA(2);Filter(2);TONE(2);Repeater Tone(2);TSQL Frequency(2);DTCS Code(2);DTCS Polarity(2);DV SQL(2);DV CSQL Code(2);Your Call Sign(2);RPT1 Call Sign(2);RPT2 Call Sign(2)
18;AutoLinkEstab;01;ALE Chanel 01;OFF;1,845000;OFF;0,500000;USB;OFF;1;;;;;;;;;;;OFF;14,100000;OFF;0,500000;LSB;OFF;2;;;;;;;;;;
18;AutoLinkEstab;02;ALE Chanel 02;OFF;1,996000;OFF;0,500000;USB;OFF;1;;;;;;;;;;;OFF;14,100000;OFF;0,500000;LSB;OFF;2;;;;;;;;;;
18;AutoLinkEstab;03;ALE Chanel 03;OFF;3,584500;OFF;0,500000;USB;ON;1;;;;;;;;;;;OFF;14,100000;OFF;0,500000;LSB;OFF;2;;;;;;;;;;
18;AutoLinkEstab;04;ALE Chanel 04;OFF;3,596000;OFF;0,500000;USB;ON;1;;;;;;;;;;;OFF;14,100000;OFF;0,500000;LSB;OFF;2;;;;;;;;;;
18;AutoLinkEstab;05;ALE Chanel 05;OFF;3,617000;OFF;0,500000;USB;ON;1;;;;;;;;;;;OFF;14,100000;OFF;0,500000;LSB;OFF;2;;;;;;;;;;
18;AutoLinkEstab;06;ALE Chanel 06;OFF;3,791000;OFF;0,500000;USB;OFF;1;;;;;;;;;;;OFF;14,100000;OFF;0,500000;LSB;OFF;2;;;;;;;;;;
18;AutoLinkEstab;07;ALE Chanel 07;OFF;3,845000;OFF;0,500000;USB;OFF;1;;;;;;;;;;;OFF;14,100000;OFF;0,500000;LSB;OFF;2;;;;;;;;;;
18;AutoLinkEstab;08;ALE Chanel 08;OFF;3,996000;OFF;0,500000;USB;OFF;1;;;;;;;;;;;OFF;14,100000;OFF;0,500000;LSB;OFF;2;;;;;;;;;;
18;AutoLinkEstab;09;ALE Chanel 09;OFF;5,371500;OFF;0,500000;USB;OFF;1;;;;;;;;;;;OFF;14,100000;OFF;0,500000;LSB;OFF;2;;;;;;;;;;
18;AutoLinkEstab;10;ALE Chanel 10;OFF;5,403500;OFF;0,500000;USB;OFF;1;;;;;;;;;;;OFF;14,100000;OFF;0,500000;LSB;OFF;2;;;;;;;;;;
18;AutoLinkEstab;11;ALE Chanel 11;OFF;7,049500;OFF;0,500000;USB;ON;1;;;;;;;;;;;OFF;14,100000;OFF;0,500000;LSB;OFF;2;;;;;;;;;;
18;AutoLinkEstab;12;ALE Chanel 12;OFF;7,099500;OFF;0,500000;USB;ON;1;;;;;;;;;;;OFF;14,100000;OFF;0,500000;LSB;OFF;2;;;;;;;;;;
18;AutoLinkEstab;13;ALE Chanel 13;OFF;7,102000;OFF;0,500000;USB;ON;1;;;;;;;;;;;OFF;14,100000;OFF;0,500000;LSB;OFF;2;;;;;;;;;;
18;AutoLinkEstab;14;ALE Chanel 14;OFF;7,185500;OFF;0,500000;USB;OFF;1;;;;;;;;;;;OFF;14,100000;OFF;0,500000;LSB;OFF;2;;;;;;;;;;
18;AutoLinkEstab;15;ALE Chanel 15;OFF;7,296000;OFF;0,500000;USB;OFF;1;;;;;;;;;;;OFF;14,100000;OFF;0,500000;LSB;OFF;2;;;;;;;;;;
18;AutoLinkEstab;16;ALE Chanel 16;OFF;10,136500;OFF;0,500000;USB;ON;1;;;;;;;;;;;OFF;14,100000;OFF;0,500000;LSB;OFF;2;;;;;;;;;;
18;AutoLinkEstab;17;ALE Chanel 17;OFF;10,145500;OFF;0,500000;USB;ON;1;;;;;;;;;;;OFF;14,100000;OFF;0,500000;LSB;OFF;2;;;;;;;;;;
18;AutoLinkEstab;18;ALE Chanel 18;OFF;14,100500;OFF;0,500000;USB;ON;1;;;;;;;;;;;OFF;14,100000;OFF;0,500000;LSB;OFF;2;;;;;;;;;;
18;AutoLinkEstab;19;ALE Chanel 19;OFF;14,109000;OFF;0,500000;USB;ON;1;;;;;;;;;;;OFF;14,100000;OFF;0,500000;LSB;OFF;2;;;;;;;;;;
18;AutoLinkEstab;20;ALE Chanel 20;OFF;14,346000;OFF;0,500000;USB;OFF;1;;;;;;;;;;;OFF;14,100000;OFF;0,500000;LSB;OFF;2;;;;;;;;;;
18;AutoLinkEstab;21;ALE Chanel 21;OFF;18,104500;OFF;0,500000;USB;ON;1;;;;;;;;;;;OFF;14,100000;OFF;0,500000;LSB;OFF;2;;;;;;;;;;
18;AutoLinkEstab;22;ALE Chanel 22;OFF;18,106000;OFF;0,500000;USB;ON;1;;;;;;;;;;;OFF;14,100000;OFF;0,500000;LSB;OFF;2;;;;;;;;;;
18;AutoLinkEstab;23;ALE Chanel 23;OFF;18,117500;OFF;0,500000;USB;OFF;1;;;;;;;;;;;OFF;14,100000;OFF;0,500000;LSB;OFF;2;;;;;;;;;;
18;AutoLinkEstab;24;ALE Chanel 24;OFF;21,096000;OFF;0,500000;USB;ON;1;;;;;;;;;;;OFF;14,100000;OFF;0,500000;LSB;OFF;2;;;;;;;;;;
18;AutoLinkEstab;25;ALE Chanel 25;OFF;21,116000;OFF;0,500000;USB;ON;1;;;;;;;;;;;OFF;14,100000;OFF;0,500000;LSB;OFF;2;;;;;;;;;;
18;AutoLinkEstab;26;ALE Chanel 26;OFF;21,432500;OFF;0,500000;USB;OFF;1;;;;;;;;;;;OFF;14,100000;OFF;0,500000;LSB;OFF;2;;;;;;;;;;
18;AutoLinkEstab;27;ALE Chanel 27;OFF;24,926000;OFF;0,500000;USB;ON;1;;;;;;;;;;;OFF;14,100000;OFF;0,500000;LSB;OFF;2;;;;;;;;;;
18;AutoLinkEstab;28;ALE Chanel 28;OFF;24,932000;OFF;0,500000;USB;OFF;1;;;;;;;;;;;OFF;14,100000;OFF;0,500000;LSB;OFF;2;;;;;;;;;;
18;AutoLinkEstab;29;ALE Chanel 29;OFF;28,146000;OFF;0,500000;USB;ON;1;;;;;;;;;;;OFF;14,100000;OFF;0,500000;LSB;OFF;2;;;;;;;;;;
18;AutoLinkEstab;30;ALE Chanel 30;OFF;28,312500;OFF;0,500000;USB;OFF;1;;;;;;;;;;;OFF;14,100000;OFF;0,500000;LSB;OFF;2;;;;;;;;;;
18;AutoLinkEstab;31;ALE Chanel 31;OFF;50,162500;OFF;0,500000;USB;OFF;1;;;;;;;;;;;OFF;14,100000;OFF;0,500000;LSB;OFF;2;;;;;;;;;;
18;AutoLinkEstab;32;ALE Chanel 32;OFF;144,162500;OFF;0,500000;USB;OFF;1;;;;;;;;;;;OFF;14,100000;OFF;0,500000;LSB;OFF;2;;;;;;;;;;