Group No;Group Name;CH No;Name;SEL;Frequency;Dup;Offset;Mode;DATA;Filter;TONE;Repeater Tone;TSQL Frequency;DTCS Code;DTCS Polarity;DV SQL;DV CSQL Code;Your Call Sign;RPT1 Call Sign;RPT2 Call Sign;Split;Frequency(2);Dup(2);Offset(2);Mode(2);DATA(2);Filter(2);TONE(2);Repeater Tone(2);TSQL Frequency(2);DTCS Code(2);DTCS Polarity(2);DV SQL(2);DV CSQL Code(2);Your Call Sign(2);RPT1 Call Sign(2);RPT2 Call Sign(2)
09;Emergency;00;Emergency DACH;OFF;1,873000;OFF;0,500000;LSB;OFF;1;;;;;;;;;;;OFF;14,100000;OFF;0,500000;LSB;OFF;2;;;;;;;;;;
09;Emergency;01;Emergency DACH;OFF;3,643000;OFF;0,500000;LSB;OFF;1;;;;;;;;;;;OFF;14,100000;OFF;0,500000;LSB;OFF;2;;;;;;;;;;
09;Emergency;02;Emergency REG 1;OFF;3,760000;OFF;0,500000;LSB;OFF;1;;;;;;;;;;;OFF;14,100000;OFF;0,500000;LSB;OFF;2;;;;;;;;;;
09;Emergency;03;Emergency DACH;OFF;7,085000;OFF;0,500000;LSB;OFF;1;;;;;;;;;;;OFF;14,100000;OFF;0,500000;LSB;OFF;2;;;;;;;;;;
09;Emergency;04;Emergency REG 1;OFF;7,110000;OFF;0,500000;LSB;OFF;1;;;;;;;;;;;OFF;14,100000;OFF;0,500000;LSB;OFF;2;;;;;;;;;;
09;Emergency;05;Emergency DACH;OFF;11,013800;OFF;0,500000;USB;ON;1;;;;;;;;;;;OFF;14,100000;OFF;0,500000;LSB;OFF;2;;;;;;;;;;
09;Emergency;06;Emergency DACH;OFF;14,180000;OFF;0,500000;USB;OFF;1;;;;;;;;;;;OFF;14,100000;OFF;0,500000;LSB;OFF;2;;;;;;;;;;
09;Emergency;07;Emergency WW;OFF;14,300000;OFF;0,500000;USB;OFF;1;;;;;;;;;;;OFF;14,100000;OFF;0,500000;LSB;OFF;2;;;;;;;;;;
09;Emergency;09;Emergency WW;OFF;18,160000;OFF;0,500000;USB;OFF;1;;;;;;;;;;;OFF;14,100000;OFF;0,500000;LSB;OFF;2;;;;;;;;;;
09;Emergency;09;Emergency WW;OFF;21,360000;OFF;0,500000;USB;OFF;1;;;;;;;;;;;OFF;14,100000;OFF;0,500000;LSB;OFF;2;;;;;;;;;;
09;Emergency;10;Emergency CB WW;OFF;27,065000;OFF;0,500000;USB;OFF;1;;;;;;;;;;;OFF;14,100000;OFF;0,500000;LSB;OFF;2;;;;;;;;;;
09;Emergency;11;Emergency DE;OFF;28,238000;OFF;0,500000;USB;OFF;1;;;;;;;;;;;OFF;14,100000;OFF;0,500000;LSB;OFF;2;;;;;;;;;;
09;Emergency;12;Emergency WW;OFF;144,260000;OFF;0,600000;USB;OFF;1;;;;;;;;;;;OFF;144,260000;OFF;0,600000;FM;OFF;1;OFF;88,5Hz;88,5Hz;023;BOTH N;;;;;
09;Emergency;13;Emergency WW;OFF;145,500000;OFF;0,600000;FM;OFF;1;OFF;88,5Hz;88,5Hz;023;BOTH N;;;;;;OFF;145,500000;OFF;0,600000;FM;OFF;1;OFF;88,5Hz;88,5Hz;023;BOTH N;;;;;
09;Emergency;14;Emergency WW;OFF;145,525000;OFF;0,600000;FM;OFF;1;OFF;88,5Hz;88,5Hz;023;BOTH N;;;;;;OFF;145,525000;OFF;0,600000;FM;OFF;1;OFF;88,5Hz;88,5Hz;023;BOTH N;;;;;
09;Emergency;15;Emergency WW;OFF;145,550000;OFF;0,600000;FM;OFF;1;OFF;88,5Hz;88,5Hz;023;BOTH N;;;;;;OFF;145,550000;OFF;0,600000;FM;OFF;1;OFF;88,5Hz;88,5Hz;023;BOTH N;;;;;
09;Emergency;16;Emergency WW;OFF;433,500000;OFF;7,600000;FM;OFF;1;OFF;88,5Hz;88,5Hz;023;BOTH N;;;;;;OFF;433,500000;OFF;7,600000;FM;OFF;1;OFF;88,5Hz;88,5Hz;023;BOTH N;;;;;
09;Emergency;17;Emergency DACH;OFF;434,000000;OFF;7,600000;FM;OFF;1;OFF;88,5Hz;88,5Hz;023;BOTH N;;;;;;OFF;434,000000;OFF;7,600000;FM;OFF;1;OFF;88,5Hz;88,5Hz;023;BOTH N;;;;;
09;Emergency;18;Maritime Mobile;OFF;2,182000;OFF;0,500000;USB;OFF;1;;;;;;;;;;;OFF;14,100000;OFF;0,500000;LSB;OFF;2;;;;;;;;;;
09;Emergency;19;Maritime Mobile;OFF;4,125000;OFF;0,500000;USB;OFF;1;;;;;;;;;;;OFF;14,100000;OFF;0,500000;LSB;OFF;2;;;;;;;;;;
09;Emergency;20;Maritime Mobile;OFF;6,215000;OFF;0,500000;USB;OFF;1;;;;;;;;;;;OFF;14,100000;OFF;0,500000;LSB;OFF;2;;;;;;;;;;
09;Emergency;21;Maritime Mobile;OFF;8,291000;OFF;0,500000;USB;OFF;1;;;;;;;;;;;OFF;14,100000;OFF;0,500000;LSB;OFF;2;;;;;;;;;;
09;Emergency;22;Maritime Mobile;OFF;12,290000;OFF;0,500000;USB;OFF;1;;;;;;;;;;;OFF;14,100000;OFF;0,500000;LSB;OFF;2;;;;;;;;;;
09;Emergency;23;Maritime Mobile;OFF;16,420000;OFF;0,500000;USB;OFF;1;;;;;;;;;;;OFF;14,100000;OFF;0,500000;LSB;OFF;2;;;;;;;;;;
09;Emergency;24;Maritime Mobile;OFF;156,800000;OFF;0,500000;FM;OFF;1;OFF;88,5Hz;88,5Hz;023;BOTH N;;;;;;OFF;14,100000;OFF;0,500000;LSB;OFF;2;;;;;;;;;;
09;Emergency;25;Aero;OFF;121,500000;OFF;0,500000;AM;OFF;1;;;;;;;;;;;OFF;14,100000;OFF;0,500000;LSB;OFF;2;;;;;;;;;;
