Group No;Group Name;CH No;Name;SEL;Frequency;Dup;Offset;Mode;DATA;Filter;TONE;Repeater Tone;TSQL Frequency;DTCS Code;DTCS Polarity;DV SQL;DV CSQL Code;Your Call Sign;RPT1 Call Sign;RPT2 Call Sign;Split;Frequency(2);Dup(2);Offset(2);Mode(2);DATA(2);Filter(2);TONE(2);Repeater Tone(2);TSQL Frequency(2);DTCS Code(2);DTCS Polarity(2);DV SQL(2);DV CSQL Code(2);Your Call Sign(2);RPT1 Call Sign(2);RPT2 Call Sign(2)
14;MARS;00;Military Aux 01;OFF;2,217000;OFF;0,500000;USB;OFF;1;;;;;;;;;;;OFF;14,100000;OFF;0,500000;LSB;OFF;2;;;;;;;;;;
14;MARS;01;Military Aux 02;OFF;2,379600;OFF;0,500000;USB;OFF;1;;;;;;;;;;;OFF;14,100000;OFF;0,500000;LSB;OFF;2;;;;;;;;;;
14;MARS;02;Military Aux 03;OFF;3,286000;OFF;0,500000;USB;OFF;1;;;;;;;;;;;OFF;14,100000;OFF;0,500000;LSB;OFF;2;;;;;;;;;;
14;MARS;03;Military Aux 04;OFF;3,355500;OFF;0,500000;USB;OFF;1;;;;;;;;;;;OFF;14,100000;OFF;0,500000;LSB;OFF;2;;;;;;;;;;
14;MARS;04;Military Aux 05;OFF;4,007000;OFF;0,500000;USB;OFF;1;;;;;;;;;;;OFF;14,100000;OFF;0,500000;LSB;OFF;2;;;;;;;;;;
14;MARS;05;Military Aux 06;OFF;4,490000;OFF;0,500000;USB;OFF;1;;;;;;;;;;;OFF;14,100000;OFF;0,500000;LSB;OFF;2;;;;;;;;;;
14;MARS;06;Military Aux 07;OFF;4,623500;OFF;0,500000;USB;OFF;1;;;;;;;;;;;OFF;14,100000;OFF;0,500000;LSB;OFF;2;;;;;;;;;;
14;MARS;07;Military Aux 08;OFF;4,802000;OFF;0,500000;USB;OFF;1;;;;;;;;;;;OFF;14,100000;OFF;0,500000;LSB;OFF;2;;;;;;;;;;
14;MARS;08;Military Aux 09;OFF;4,918500;OFF;0,500000;USB;OFF;1;;;;;;;;;;;OFF;14,100000;OFF;0,500000;LSB;OFF;2;;;;;;;;;;
14;MARS;09;Military Aux 10;OFF;5,063500;OFF;0,500000;USB;OFF;1;;;;;;;;;;;OFF;14,100000;OFF;0,500000;LSB;OFF;2;;;;;;;;;;
14;MARS;10;Military Aux 11;OFF;5,205000;OFF;0,500000;USB;OFF;1;;;;;;;;;;;OFF;14,100000;OFF;0,500000;LSB;OFF;2;;;;;;;;;;
14;MARS;11;Military Aux 12;OFF;5,330500;OFF;0,500000;USB;OFF;1;;;;;;;;;;;OFF;14,100000;OFF;0,500000;LSB;OFF;2;;;;;;;;;;
14;MARS;12;Military Aux 13;OFF;5,399500;OFF;0,500000;USB;OFF;1;;;;;;;;;;;OFF;14,100000;OFF;0,500000;LSB;OFF;2;;;;;;;;;;
14;MARS;13;Military Aux 14;OFF;5,760000;OFF;0,500000;USB;OFF;1;;;;;;;;;;;OFF;14,100000;OFF;0,500000;LSB;OFF;2;;;;;;;;;;
14;MARS;14;Military Aux 15;OFF;6,806100;OFF;0,500000;USB;OFF;1;;;;;;;;;;;OFF;14,100000;OFF;0,500000;LSB;OFF;2;;;;;;;;;;
14;MARS;15;Military Aux 16;OFF;6,833500;OFF;0,500000;USB;OFF;1;;;;;;;;;;;OFF;14,100000;OFF;0,500000;LSB;OFF;2;;;;;;;;;;
14;MARS;16;Military Aux 17;OFF;6,850500;OFF;0,500000;USB;OFF;1;;;;;;;;;;;OFF;14,100000;OFF;0,500000;LSB;OFF;2;;;;;;;;;;
14;MARS;17;Military Aux 18;OFF;6,907000;OFF;0,500000;USB;OFF;1;;;;;;;;;;;OFF;14,100000;OFF;0,500000;LSB;OFF;2;;;;;;;;;;
14;MARS;18;Military Aux 19;OFF;6,910000;OFF;0,500000;USB;OFF;1;;;;;;;;;;;OFF;14,100000;OFF;0,500000;LSB;OFF;2;;;;;;;;;;
14;MARS;19;Military Aux 20;OFF;6,921500;OFF;0,500000;USB;OFF;1;;;;;;;;;;;OFF;14,100000;OFF;0,500000;LSB;OFF;2;;;;;;;;;;
14;MARS;20;Military Aux 21;OFF;6,961000;OFF;0,500000;USB;OFF;1;;;;;;;;;;;OFF;14,100000;OFF;0,500000;LSB;OFF;2;;;;;;;;;;
14;MARS;21;Military Aux 22;OFF;7,368500;OFF;0,500000;USB;OFF;1;;;;;;;;;;;OFF;14,100000;OFF;0,500000;LSB;OFF;2;;;;;;;;;;
14;MARS;22;Military Aux 23;OFF;7,554500;OFF;0,500000;USB;OFF;1;;;;;;;;;;;OFF;14,100000;OFF;0,500000;LSB;OFF;2;;;;;;;;;;
14;MARS;23;Military Aux 24;OFF;7,639500;OFF;0,500000;USB;OFF;1;;;;;;;;;;;OFF;14,100000;OFF;0,500000;LSB;OFF;2;;;;;;;;;;
14;MARS;24;Military Aux 25;OFF;7,834500;OFF;0,500000;USB;OFF;1;;;;;;;;;;;OFF;14,100000;OFF;0,500000;LSB;OFF;2;;;;;;;;;;
14;MARS;25;Military Aux 26;OFF;7,953000;OFF;0,500000;USB;OFF;1;;;;;;;;;;;OFF;14,100000;OFF;0,500000;LSB;OFF;2;;;;;;;;;;
14;MARS;26;Military Aux 27;OFF;7,983000;OFF;0,500000;USB;OFF;1;;;;;;;;;;;OFF;14,100000;OFF;0,500000;LSB;OFF;2;;;;;;;;;;
14;MARS;27;Military Aux 28;OFF;7,991000;OFF;0,500000;USB;OFF;1;;;;;;;;;;;OFF;14,100000;OFF;0,500000;LSB;OFF;2;;;;;;;;;;
14;MARS;28;Military Aux 29;OFF;8,037000;OFF;0,500000;USB;OFF;1;;;;;;;;;;;OFF;14,100000;OFF;0,500000;LSB;OFF;2;;;;;;;;;;
14;MARS;29;Military Aux 30;OFF;8,148500;OFF;0,500000;USB;OFF;1;;;;;;;;;;;OFF;14,100000;OFF;0,500000;LSB;OFF;2;;;;;;;;;;
14;MARS;30;Military Aux 31;OFF;9,016000;OFF;0,500000;USB;OFF;1;;;;;;;;;;;OFF;14,100000;OFF;0,500000;LSB;OFF;2;;;;;;;;;;
14;MARS;31;Military Aux 32;OFF;9,106000;OFF;0,500000;USB;OFF;1;;;;;;;;;;;OFF;14,100000;OFF;0,500000;LSB;OFF;2;;;;;;;;;;
14;MARS;32;Military Aux 33;OFF;9,224000;OFF;0,500000;USB;OFF;1;;;;;;;;;;;OFF;14,100000;OFF;0,500000;LSB;OFF;2;;;;;;;;;;
14;MARS;33;Military Aux 34;OFF;9,290000;OFF;0,500000;USB;OFF;1;;;;;;;;;;;OFF;14,100000;OFF;0,500000;LSB;OFF;2;;;;;;;;;;
14;MARS;34;Military Aux 35;OFF;9,305500;OFF;0,500000;USB;OFF;1;;;;;;;;;;;OFF;14,100000;OFF;0,500000;LSB;OFF;2;;;;;;;;;;
14;MARS;35;Military Aux 36;OFF;9,309500;OFF;0,500000;USB;OFF;1;;;;;;;;;;;OFF;14,100000;OFF;0,500000;LSB;OFF;2;;;;;;;;;;
14;MARS;36;Military Aux 37;OFF;9,907000;OFF;0,500000;USB;OFF;1;;;;;;;;;;;OFF;14,100000;OFF;0,500000;LSB;OFF;2;;;;;;;;;;
14;MARS;37;Military Aux 38;OFF;10,163500;OFF;0,500000;USB;OFF;1;;;;;;;;;;;OFF;14,100000;OFF;0,500000;LSB;OFF;2;;;;;;;;;;
14;MARS;38;Military Aux 39;OFF;10,986000;OFF;0,500000;USB;OFF;1;;;;;;;;;;;OFF;14,100000;OFF;0,500000;LSB;OFF;2;;;;;;;;;;
14;MARS;39;Military Aux 40;OFF;11,105000;OFF;0,500000;USB;OFF;1;;;;;;;;;;;OFF;14,100000;OFF;0,500000;LSB;OFF;2;;;;;;;;;;
14;MARS;40;Military Aux 41;OFF;11,407000;OFF;0,500000;USB;OFF;1;;;;;;;;;;;OFF;14,100000;OFF;0,500000;LSB;OFF;2;;;;;;;;;;
14;MARS;41;Military Aux 42;OFF;11,425000;OFF;0,500000;USB;OFF;1;;;;;;;;;;;OFF;14,100000;OFF;0,500000;LSB;OFF;2;;;;;;;;;;
14;MARS;42;Military Aux 43;OFF;11,426600;OFF;0,500000;USB;OFF;1;;;;;;;;;;;OFF;14,100000;OFF;0,500000;LSB;OFF;2;;;;;;;;;;
14;MARS;43;Military Aux 44;OFF;11,454000;OFF;0,500000;USB;OFF;1;;;;;;;;;;;OFF;14,100000;OFF;0,500000;LSB;OFF;2;;;;;;;;;;
14;MARS;44;Military Aux 45;OFF;13,927000;OFF;0,500000;USB;OFF;1;;;;;;;;;;;OFF;14,100000;OFF;0,500000;LSB;OFF;2;;;;;;;;;;
14;MARS;45;Military Aux 46;OFF;13,963500;OFF;0,500000;USB;OFF;1;;;;;;;;;;;OFF;14,100000;OFF;0,500000;LSB;OFF;2;;;;;;;;;;
14;MARS;46;Military Aux 47;OFF;13,993000;OFF;0,500000;USB;OFF;1;;;;;;;;;;;OFF;14,100000;OFF;0,500000;LSB;OFF;2;;;;;;;;;;
14;MARS;47;Military Aux 48;OFF;14,396500;OFF;0,500000;USB;OFF;1;;;;;;;;;;;OFF;14,100000;OFF;0,500000;LSB;OFF;2;;;;;;;;;;
14;MARS;48;Military Aux 49;OFF;14,402000;OFF;0,500000;USB;OFF;1;;;;;;;;;;;OFF;14,100000;OFF;0,500000;LSB;OFF;2;;;;;;;;;;
14;MARS;49;Military Aux 50;OFF;14,441500;OFF;0,500000;USB;OFF;1;;;;;;;;;;;OFF;14,100000;OFF;0,500000;LSB;OFF;2;;;;;;;;;;
14;MARS;50;Military Aux 51;OFF;14,484000;OFF;0,500000;USB;OFF;1;;;;;;;;;;;OFF;14,100000;OFF;0,500000;LSB;OFF;2;;;;;;;;;;
14;MARS;51;Military Aux 52;OFF;14,487000;OFF;0,500000;USB;OFF;1;;;;;;;;;;;OFF;14,100000;OFF;0,500000;LSB;OFF;2;;;;;;;;;;
14;MARS;52;Military Aux 53;OFF;14,579000;OFF;0,500000;USB;OFF;1;;;;;;;;;;;OFF;14,100000;OFF;0,500000;LSB;OFF;2;;;;;;;;;;
14;MARS;53;Military Aux 54;OFF;14,760000;OFF;0,500000;USB;OFF;1;;;;;;;;;;;OFF;14,100000;OFF;0,500000;LSB;OFF;2;;;;;;;;;;
14;MARS;54;Military Aux 55;OFF;14,935000;OFF;0,500000;USB;OFF;1;;;;;;;;;;;OFF;14,100000;OFF;0,500000;LSB;OFF;2;;;;;;;;;;
14;MARS;55;Military Aux 56;OFF;16,148500;OFF;0,500000;USB;OFF;1;;;;;;;;;;;OFF;14,100000;OFF;0,500000;LSB;OFF;2;;;;;;;;;;
