﻿Group No;Group Name;CH No;Name;SEL;Frequency;Dup;Offset;Mode;DATA;Filter;TONE;Repeater Tone;TSQL Frequency;DTCS Code;DTCS Polarity;DV SQL;DV CSQL Code;Your Call Sign;RPT1 Call Sign;RPT2 Call Sign;Split;Frequency(2);Dup(2);Offset(2);Mode(2);DATA(2);Filter(2);TONE(2);Repeater Tone(2);TSQL Frequency(2);DTCS Code(2);DTCS Polarity(2);DV SQL(2);DV CSQL Code(2);Your Call Sign(2);RPT1 Call Sign(2);RPT2 Call Sign(2)
21;Marine VHC S;00;Marine Ship 01;OFF;156,050000;OFF;0,100000;FM;OFF;1;OFF;88,5Hz;88,5Hz;023;BOTH N;;;;;;OFF;156,050000;OFF;0,100000;FM;OFF;1;;;;;;;;;;
21;Marine VHC S;01;Marine Ship 02;OFF;156,100000;OFF;0,100000;FM;OFF;1;OFF;88,5Hz;88,5Hz;023;BOTH N;;;;;;OFF;156,100000;OFF;0,100000;FM;OFF;1;;;;;;;;;;
21;Marine VHC S;02;Marine Ship 03;OFF;156,150000;OFF;0,100000;FM;OFF;1;OFF;88,5Hz;88,5Hz;023;BOTH N;;;;;;OFF;156,150000;OFF;0,100000;FM;OFF;1;;;;;;;;;;
21;Marine VHC S;03;Marine Ship 04;OFF;156,200000;OFF;0,100000;FM;OFF;1;OFF;88,5Hz;88,5Hz;023;BOTH N;;;;;;OFF;156,200000;OFF;0,100000;FM;OFF;1;;;;;;;;;;
21;Marine VHC S;04;Marine Ship 05;OFF;156,250000;OFF;0,100000;FM;OFF;1;OFF;88,5Hz;88,5Hz;023;BOTH N;;;;;;OFF;156,250000;OFF;0,100000;FM;OFF;1;;;;;;;;;;
21;Marine VHC S;05;Marine Ship 06;OFF;156,300000;OFF;0,100000;FM;OFF;1;OFF;88,5Hz;88,5Hz;023;BOTH N;;;;;;OFF;156,300000;OFF;0,100000;FM;OFF;1;;;;;;;;;;
21;Marine VHC S;06;Marine Ship 07;OFF;156,350000;OFF;0,100000;FM;OFF;1;OFF;88,5Hz;88,5Hz;023;BOTH N;;;;;;OFF;156,350000;OFF;0,100000;FM;OFF;1;;;;;;;;;;
21;Marine VHC S;07;Marine Ship 08;OFF;156,400000;OFF;0,100000;FM;OFF;1;OFF;88,5Hz;88,5Hz;023;BOTH N;;;;;;OFF;156,400000;OFF;0,100000;FM;OFF;1;;;;;;;;;;
21;Marine VHC S;08;Marine Ship 09;OFF;156,450000;OFF;0,100000;FM;OFF;1;OFF;88,5Hz;88,5Hz;023;BOTH N;;;;;;OFF;156,450000;OFF;0,100000;FM;OFF;1;;;;;;;;;;
21;Marine VHC S;09;Marine Ship 10;OFF;156,500000;OFF;0,100000;FM;OFF;1;OFF;88,5Hz;88,5Hz;023;BOTH N;;;;;;OFF;156,500000;OFF;0,100000;FM;OFF;1;;;;;;;;;;
21;Marine VHC S;10;Marine Ship 11;OFF;156,550000;OFF;0,100000;FM;OFF;1;OFF;88,5Hz;88,5Hz;023;BOTH N;;;;;;OFF;156,550000;OFF;0,100000;FM;OFF;1;;;;;;;;;;
21;Marine VHC S;11;Marine Ship 12;OFF;156,600000;OFF;0,100000;FM;OFF;1;OFF;88,5Hz;88,5Hz;023;BOTH N;;;;;;OFF;156,600000;OFF;0,100000;FM;OFF;1;;;;;;;;;;
21;Marine VHC S;12;Marine Ship 13;OFF;156,650000;OFF;0,100000;FM;OFF;1;OFF;88,5Hz;88,5Hz;023;BOTH N;;;;;;OFF;156,650000;OFF;0,100000;FM;OFF;1;;;;;;;;;;
21;Marine VHC S;13;Marine Ship 14;OFF;156,700000;OFF;0,100000;FM;OFF;1;OFF;88,5Hz;88,5Hz;023;BOTH N;;;;;;OFF;156,700000;OFF;0,100000;FM;OFF;1;;;;;;;;;;
21;Marine VHC S;14;Marine Ship 15;OFF;156,750000;OFF;0,100000;FM;OFF;1;OFF;88,5Hz;88,5Hz;023;BOTH N;;;;;;OFF;156,750000;OFF;0,100000;FM;OFF;1;;;;;;;;;;
21;Marine VHC S;15;Marine Ship 16;OFF;156,800000;OFF;0,100000;FM;OFF;1;OFF;88,5Hz;88,5Hz;023;BOTH N;;;;;;OFF;156,800000;OFF;0,100000;FM;OFF;1;;;;;;;;;;
21;Marine VHC S;16;Marine Ship 17;OFF;156,850000;OFF;0,100000;FM;OFF;1;OFF;88,5Hz;88,5Hz;023;BOTH N;;;;;;OFF;156,850000;OFF;0,100000;FM;OFF;1;;;;;;;;;;
21;Marine VHC S;17;Marine Ship 18;OFF;156,900000;OFF;0,100000;FM;OFF;1;OFF;88,5Hz;88,5Hz;023;BOTH N;;;;;;OFF;156,900000;OFF;0,100000;FM;OFF;1;;;;;;;;;;
21;Marine VHC S;18;Marine Ship 19;OFF;156,950000;OFF;0,100000;FM;OFF;1;OFF;88,5Hz;88,5Hz;023;BOTH N;;;;;;OFF;156,950000;OFF;0,100000;FM;OFF;1;;;;;;;;;;
21;Marine VHC S;19;Marine Ship 20;OFF;157,000000;OFF;0,100000;FM;OFF;1;OFF;88,5Hz;88,5Hz;023;BOTH N;;;;;;OFF;157,000000;OFF;0,100000;FM;OFF;1;;;;;;;;;;
21;Marine VHC S;20;Marine Ship 21;OFF;157,050000;OFF;0,100000;FM;OFF;1;OFF;88,5Hz;88,5Hz;023;BOTH N;;;;;;OFF;157,050000;OFF;0,100000;FM;OFF;1;;;;;;;;;;
21;Marine VHC S;21;Marine Ship 22;OFF;157,100000;OFF;0,100000;FM;OFF;1;OFF;88,5Hz;88,5Hz;023;BOTH N;;;;;;OFF;157,100000;OFF;0,100000;FM;OFF;1;;;;;;;;;;
21;Marine VHC S;22;Marine Ship 23;OFF;157,150000;OFF;0,100000;FM;OFF;1;OFF;88,5Hz;88,5Hz;023;BOTH N;;;;;;OFF;157,150000;OFF;0,100000;FM;OFF;1;;;;;;;;;;
21;Marine VHC S;23;Marine Ship 24;OFF;157,200000;OFF;0,100000;FM;OFF;1;OFF;88,5Hz;88,5Hz;023;BOTH N;;;;;;OFF;157,200000;OFF;0,100000;FM;OFF;1;;;;;;;;;;
21;Marine VHC S;24;Marine Ship 25;OFF;157,250000;OFF;0,100000;FM;OFF;1;OFF;88,5Hz;88,5Hz;023;BOTH N;;;;;;OFF;157,250000;OFF;0,100000;FM;OFF;1;;;;;;;;;;
21;Marine VHC S;25;Marine Ship 26;OFF;157,300000;OFF;0,100000;FM;OFF;1;OFF;88,5Hz;88,5Hz;023;BOTH N;;;;;;OFF;157,300000;OFF;0,100000;FM;OFF;1;;;;;;;;;;
21;Marine VHC S;26;Marine Ship 27;OFF;157,350000;OFF;0,100000;FM;OFF;1;OFF;88,5Hz;88,5Hz;023;BOTH N;;;;;;OFF;157,350000;OFF;0,100000;FM;OFF;1;;;;;;;;;;
21;Marine VHC S;27;Marine Ship 28;OFF;157,400000;OFF;0,100000;FM;OFF;1;OFF;88,5Hz;88,5Hz;023;BOTH N;;;;;;OFF;157,400000;OFF;0,100000;FM;OFF;1;;;;;;;;;;
21;Marine VHC S;28;Marine Ship 60;OFF;156,025000;OFF;0,100000;FM;OFF;1;OFF;88,5Hz;88,5Hz;023;BOTH N;;;;;;OFF;156,025000;OFF;0,100000;FM;OFF;1;;;;;;;;;;
21;Marine VHC S;29;Marine Ship 61;OFF;156,075000;OFF;0,100000;FM;OFF;1;OFF;88,5Hz;88,5Hz;023;BOTH N;;;;;;OFF;156,075000;OFF;0,100000;FM;OFF;1;;;;;;;;;;
21;Marine VHC S;30;Marine Ship 62;OFF;156,125000;OFF;0,100000;FM;OFF;1;OFF;88,5Hz;88,5Hz;023;BOTH N;;;;;;OFF;156,125000;OFF;0,100000;FM;OFF;1;;;;;;;;;;
21;Marine VHC S;31;Marine Ship 63;OFF;156,175000;OFF;0,100000;FM;OFF;1;OFF;88,5Hz;88,5Hz;023;BOTH N;;;;;;OFF;156,175000;OFF;0,100000;FM;OFF;1;;;;;;;;;;
21;Marine VHC S;32;Marine Ship 64;OFF;156,225000;OFF;0,100000;FM;OFF;1;OFF;88,5Hz;88,5Hz;023;BOTH N;;;;;;OFF;156,225000;OFF;0,100000;FM;OFF;1;;;;;;;;;;
21;Marine VHC S;33;Marine Ship 65;OFF;156,275000;OFF;0,100000;FM;OFF;1;OFF;88,5Hz;88,5Hz;023;BOTH N;;;;;;OFF;156,275000;OFF;0,100000;FM;OFF;1;;;;;;;;;;
21;Marine VHC S;34;Marine Ship 66;OFF;156,325000;OFF;0,100000;FM;OFF;1;OFF;88,5Hz;88,5Hz;023;BOTH N;;;;;;OFF;156,325000;OFF;0,100000;FM;OFF;1;;;;;;;;;;
21;Marine VHC S;35;Marine Ship 67;OFF;156,375000;OFF;0,100000;FM;OFF;1;OFF;88,5Hz;88,5Hz;023;BOTH N;;;;;;OFF;156,375000;OFF;0,100000;FM;OFF;1;;;;;;;;;;
21;Marine VHC S;36;Marine Ship 68;OFF;156,425000;OFF;0,100000;FM;OFF;1;OFF;88,5Hz;88,5Hz;023;BOTH N;;;;;;OFF;156,425000;OFF;0,100000;FM;OFF;1;;;;;;;;;;
21;Marine VHC S;37;Marine Ship 69;OFF;156,475000;OFF;0,100000;FM;OFF;1;OFF;88,5Hz;88,5Hz;023;BOTH N;;;;;;OFF;156,475000;OFF;0,100000;FM;OFF;1;;;;;;;;;;
21;Marine VHC S;38;Marine Ship 70;OFF;156,525000;OFF;0,100000;FM;OFF;1;OFF;88,5Hz;88,5Hz;023;BOTH N;;;;;;OFF;156,525000;OFF;0,100000;FM;OFF;1;;;;;;;;;;
21;Marine VHC S;39;Marine Ship 71;OFF;156,575000;OFF;0,100000;FM;OFF;1;OFF;88,5Hz;88,5Hz;023;BOTH N;;;;;;OFF;156,575000;OFF;0,100000;FM;OFF;1;;;;;;;;;;
21;Marine VHC S;40;Marine Ship 72;OFF;156,625000;OFF;0,100000;FM;OFF;1;OFF;88,5Hz;88,5Hz;023;BOTH N;;;;;;OFF;156,625000;OFF;0,100000;FM;OFF;1;;;;;;;;;;
21;Marine VHC S;41;Marine Ship 73;OFF;156,675000;OFF;0,100000;FM;OFF;1;OFF;88,5Hz;88,5Hz;023;BOTH N;;;;;;OFF;156,675000;OFF;0,100000;FM;OFF;1;;;;;;;;;;
21;Marine VHC S;42;Marine Ship 74;OFF;156,725000;OFF;0,100000;FM;OFF;1;OFF;88,5Hz;88,5Hz;023;BOTH N;;;;;;OFF;156,725000;OFF;0,100000;FM;OFF;1;;;;;;;;;;
21;Marine VHC S;43;Marine Ship 75;OFF;156,775000;OFF;0,100000;FM;OFF;1;OFF;88,5Hz;88,5Hz;023;BOTH N;;;;;;OFF;156,775000;OFF;0,100000;FM;OFF;1;;;;;;;;;;
21;Marine VHC S;44;Marine Ship 76;OFF;156,825000;OFF;0,100000;FM;OFF;1;OFF;88,5Hz;88,5Hz;023;BOTH N;;;;;;OFF;156,825000;OFF;0,100000;FM;OFF;1;;;;;;;;;;
21;Marine VHC S;45;Marine Ship 77;OFF;156,875000;OFF;0,100000;FM;OFF;1;OFF;88,5Hz;88,5Hz;023;BOTH N;;;;;;OFF;156,875000;OFF;0,100000;FM;OFF;1;;;;;;;;;;
21;Marine VHC S;46;Marine Ship 78;OFF;156,925000;OFF;0,100000;FM;OFF;1;OFF;88,5Hz;88,5Hz;023;BOTH N;;;;;;OFF;156,925000;OFF;0,100000;FM;OFF;1;;;;;;;;;;
21;Marine VHC S;47;Marine Ship 79;OFF;156,975000;OFF;0,100000;FM;OFF;1;OFF;88,5Hz;88,5Hz;023;BOTH N;;;;;;OFF;156,975000;OFF;0,100000;FM;OFF;1;;;;;;;;;;
21;Marine VHC S;48;Marine Ship 80;OFF;157,025000;OFF;0,100000;FM;OFF;1;OFF;88,5Hz;88,5Hz;023;BOTH N;;;;;;OFF;157,025000;OFF;0,100000;FM;OFF;1;;;;;;;;;;
21;Marine VHC S;49;Marine Ship 81;OFF;157,075000;OFF;0,100000;FM;OFF;1;OFF;88,5Hz;88,5Hz;023;BOTH N;;;;;;OFF;157,075000;OFF;0,100000;FM;OFF;1;;;;;;;;;;
21;Marine VHC S;50;Marine Ship 82;OFF;157,125000;OFF;0,100000;FM;OFF;1;OFF;88,5Hz;88,5Hz;023;BOTH N;;;;;;OFF;157,125000;OFF;0,100000;FM;OFF;1;;;;;;;;;;
21;Marine VHC S;51;Marine Ship 83;OFF;157,175000;OFF;0,100000;FM;OFF;1;OFF;88,5Hz;88,5Hz;023;BOTH N;;;;;;OFF;157,175000;OFF;0,100000;FM;OFF;1;;;;;;;;;;
21;Marine VHC S;52;Marine Ship 84;OFF;157,225000;OFF;0,100000;FM;OFF;1;OFF;88,5Hz;88,5Hz;023;BOTH N;;;;;;OFF;157,225000;OFF;0,100000;FM;OFF;1;;;;;;;;;;
21;Marine VHC S;53;Marine Ship 85;OFF;157,275000;OFF;0,100000;FM;OFF;1;OFF;88,5Hz;88,5Hz;023;BOTH N;;;;;;OFF;157,275000;OFF;0,100000;FM;OFF;1;;;;;;;;;;
21;Marine VHC S;54;Marine Ship 86;OFF;157,325000;OFF;0,100000;FM;OFF;1;OFF;88,5Hz;88,5Hz;023;BOTH N;;;;;;OFF;157,325000;OFF;0,100000;FM;OFF;1;;;;;;;;;;
21;Marine VHC S;55;Marine Ship 87;OFF;157,375000;OFF;0,100000;FM;OFF;1;OFF;88,5Hz;88,5Hz;023;BOTH N;;;;;;OFF;157,375000;OFF;0,100000;FM;OFF;1;;;;;;;;;;
21;Marine VHC S;56;Marine Ship 88;OFF;157,425000;OFF;0,100000;FM;OFF;1;OFF;88,5Hz;88,5Hz;023;BOTH N;;;;;;OFF;157,425000;OFF;0,100000;FM;OFF;1;;;;;;;;;;