﻿Group No;Group Name;CH No;Name;SEL;Frequency;Dup;Offset;Mode;DATA;Filter;TONE;Repeater Tone;TSQL Frequency;DTCS Code;DTCS Polarity;DV SQL;DV CSQL Code;Your Call Sign;RPT1 Call Sign;RPT2 Call Sign;Split;Frequency(2);Dup(2);Offset(2);Mode(2);DATA(2);Filter(2);TONE(2);Repeater Tone(2);TSQL Frequency(2);DTCS Code(2);DTCS Polarity(2);DV SQL(2);DV CSQL Code(2);Your Call Sign(2);RPT1 Call Sign(2);RPT2 Call Sign(2)
22;Marine VHC C;00;Marine Coast 01;OFF;160,650000;OFF;0,100000;FM;OFF;1;OFF;88,5Hz;88,5Hz;023;BOTH N;;;;;;OFF;160,650000;OFF;0,100000;FM;OFF;1;;;;;;;;;;
22;Marine VHC C;01;Marine Coast 02;OFF;160,700000;OFF;0,100000;FM;OFF;1;OFF;88,5Hz;88,5Hz;023;BOTH N;;;;;;OFF;160,700000;OFF;0,100000;FM;OFF;1;;;;;;;;;;
22;Marine VHC C;02;Marine Coast 03;OFF;160,750000;OFF;0,100000;FM;OFF;1;OFF;88,5Hz;88,5Hz;023;BOTH N;;;;;;OFF;160,750000;OFF;0,100000;FM;OFF;1;;;;;;;;;;
22;Marine VHC C;03;Marine Coast 04;OFF;160,800000;OFF;0,100000;FM;OFF;1;OFF;88,5Hz;88,5Hz;023;BOTH N;;;;;;OFF;160,800000;OFF;0,100000;FM;OFF;1;;;;;;;;;;
22;Marine VHC C;04;Marine Coast 05;OFF;156,850000;OFF;0,100000;FM;OFF;1;OFF;88,5Hz;88,5Hz;023;BOTH N;;;;;;OFF;156,850000;OFF;0,100000;FM;OFF;1;;;;;;;;;;
22;Marine VHC C;05;Marine Coast 06;OFF;156,300000;OFF;0,100000;FM;OFF;1;OFF;88,5Hz;88,5Hz;023;BOTH N;;;;;;OFF;156,300000;OFF;0,100000;FM;OFF;1;;;;;;;;;;
22;Marine VHC C;06;Marine Coast 07;OFF;160,950000;OFF;0,100000;FM;OFF;1;OFF;88,5Hz;88,5Hz;023;BOTH N;;;;;;OFF;160,950000;OFF;0,100000;FM;OFF;1;;;;;;;;;;
22;Marine VHC C;07;Marine Coast 08;OFF;156,400000;OFF;0,100000;FM;OFF;1;OFF;88,5Hz;88,5Hz;023;BOTH N;;;;;;OFF;156,400000;OFF;0,100000;FM;OFF;1;;;;;;;;;;
22;Marine VHC C;08;Marine Coast 09;OFF;156,450000;OFF;0,100000;FM;OFF;1;OFF;88,5Hz;88,5Hz;023;BOTH N;;;;;;OFF;156,450000;OFF;0,100000;FM;OFF;1;;;;;;;;;;
22;Marine VHC C;09;Marine Coast 10;OFF;156,500000;OFF;0,100000;FM;OFF;1;OFF;88,5Hz;88,5Hz;023;BOTH N;;;;;;OFF;156,500000;OFF;0,100000;FM;OFF;1;;;;;;;;;;
22;Marine VHC C;10;Marine Coast 11;OFF;156,550000;OFF;0,100000;FM;OFF;1;OFF;88,5Hz;88,5Hz;023;BOTH N;;;;;;OFF;156,550000;OFF;0,100000;FM;OFF;1;;;;;;;;;;
22;Marine VHC C;11;Marine Coast 12;OFF;156,600000;OFF;0,100000;FM;OFF;1;OFF;88,5Hz;88,5Hz;023;BOTH N;;;;;;OFF;156,600000;OFF;0,100000;FM;OFF;1;;;;;;;;;;
22;Marine VHC C;12;Marine Coast 13;OFF;156,650000;OFF;0,100000;FM;OFF;1;OFF;88,5Hz;88,5Hz;023;BOTH N;;;;;;OFF;156,650000;OFF;0,100000;FM;OFF;1;;;;;;;;;;
22;Marine VHC C;13;Marine Coast 14;OFF;156,700000;OFF;0,100000;FM;OFF;1;OFF;88,5Hz;88,5Hz;023;BOTH N;;;;;;OFF;156,700000;OFF;0,100000;FM;OFF;1;;;;;;;;;;
22;Marine VHC C;14;Marine Coast 15;OFF;156,750000;OFF;0,100000;FM;OFF;1;OFF;88,5Hz;88,5Hz;023;BOTH N;;;;;;OFF;156,750000;OFF;0,100000;FM;OFF;1;;;;;;;;;;
22;Marine VHC C;15;Marine Coast 16;OFF;156,800000;OFF;0,100000;FM;OFF;1;OFF;88,5Hz;88,5Hz;023;BOTH N;;;;;;OFF;156,800000;OFF;0,100000;FM;OFF;1;;;;;;;;;;
22;Marine VHC C;16;Marine Coast 17;OFF;156,850000;OFF;0,100000;FM;OFF;1;OFF;88,5Hz;88,5Hz;023;BOTH N;;;;;;OFF;156,850000;OFF;0,100000;FM;OFF;1;;;;;;;;;;
22;Marine VHC C;17;Marine Coast 18;OFF;161,500000;OFF;0,100000;FM;OFF;1;OFF;88,5Hz;88,5Hz;023;BOTH N;;;;;;OFF;161,500000;OFF;0,100000;FM;OFF;1;;;;;;;;;;
22;Marine VHC C;18;Marine Coast 19;OFF;161,550000;OFF;0,100000;FM;OFF;1;OFF;88,5Hz;88,5Hz;023;BOTH N;;;;;;OFF;161,550000;OFF;0,100000;FM;OFF;1;;;;;;;;;;
22;Marine VHC C;19;Marine Coast 20;OFF;161,600000;OFF;0,100000;FM;OFF;1;OFF;88,5Hz;88,5Hz;023;BOTH N;;;;;;OFF;161,600000;OFF;0,100000;FM;OFF;1;;;;;;;;;;
22;Marine VHC C;20;Marine Coast 21;OFF;161,650000;OFF;0,100000;FM;OFF;1;OFF;88,5Hz;88,5Hz;023;BOTH N;;;;;;OFF;161,650000;OFF;0,100000;FM;OFF;1;;;;;;;;;;
22;Marine VHC C;21;Marine Coast 22;OFF;161,700000;OFF;0,100000;FM;OFF;1;OFF;88,5Hz;88,5Hz;023;BOTH N;;;;;;OFF;161,700000;OFF;0,100000;FM;OFF;1;;;;;;;;;;
22;Marine VHC C;22;Marine Coast 23;OFF;161,750000;OFF;0,100000;FM;OFF;1;OFF;88,5Hz;88,5Hz;023;BOTH N;;;;;;OFF;161,750000;OFF;0,100000;FM;OFF;1;;;;;;;;;;
22;Marine VHC C;23;Marine Coast 24;OFF;161,800000;OFF;0,100000;FM;OFF;1;OFF;88,5Hz;88,5Hz;023;BOTH N;;;;;;OFF;161,800000;OFF;0,100000;FM;OFF;1;;;;;;;;;;
22;Marine VHC C;24;Marine Coast 25;OFF;161,850000;OFF;0,100000;FM;OFF;1;OFF;88,5Hz;88,5Hz;023;BOTH N;;;;;;OFF;161,850000;OFF;0,100000;FM;OFF;1;;;;;;;;;;
22;Marine VHC C;25;Marine Coast 26;OFF;161,900000;OFF;0,100000;FM;OFF;1;OFF;88,5Hz;88,5Hz;023;BOTH N;;;;;;OFF;161,900000;OFF;0,100000;FM;OFF;1;;;;;;;;;;
22;Marine VHC C;26;Marine Coast 27;OFF;161,950000;OFF;0,100000;FM;OFF;1;OFF;88,5Hz;88,5Hz;023;BOTH N;;;;;;OFF;161,950000;OFF;0,100000;FM;OFF;1;;;;;;;;;;
22;Marine VHC C;27;Marine Coast 28;OFF;162,000000;OFF;0,100000;FM;OFF;1;OFF;88,5Hz;88,5Hz;023;BOTH N;;;;;;OFF;162,000000;OFF;0,100000;FM;OFF;1;;;;;;;;;;
22;Marine VHC C;28;Marine Coast 60;OFF;160,625000;OFF;0,100000;FM;OFF;1;OFF;88,5Hz;88,5Hz;023;BOTH N;;;;;;OFF;160,625000;OFF;0,100000;FM;OFF;1;;;;;;;;;;
22;Marine VHC C;29;Marine Coast 61;OFF;160,675000;OFF;0,100000;FM;OFF;1;OFF;88,5Hz;88,5Hz;023;BOTH N;;;;;;OFF;160,675000;OFF;0,100000;FM;OFF;1;;;;;;;;;;
22;Marine VHC C;30;Marine Coast 62;OFF;160,725000;OFF;0,100000;FM;OFF;1;OFF;88,5Hz;88,5Hz;023;BOTH N;;;;;;OFF;160,725000;OFF;0,100000;FM;OFF;1;;;;;;;;;;
22;Marine VHC C;31;Marine Coast 63;OFF;160,775000;OFF;0,100000;FM;OFF;1;OFF;88,5Hz;88,5Hz;023;BOTH N;;;;;;OFF;160,775000;OFF;0,100000;FM;OFF;1;;;;;;;;;;
22;Marine VHC C;32;Marine Coast 64;OFF;160,825000;OFF;0,100000;FM;OFF;1;OFF;88,5Hz;88,5Hz;023;BOTH N;;;;;;OFF;160,825000;OFF;0,100000;FM;OFF;1;;;;;;;;;;
22;Marine VHC C;33;Marine Coast 65;OFF;160,875000;OFF;0,100000;FM;OFF;1;OFF;88,5Hz;88,5Hz;023;BOTH N;;;;;;OFF;160,875000;OFF;0,100000;FM;OFF;1;;;;;;;;;;
22;Marine VHC C;34;Marine Coast 66;OFF;160,925000;OFF;0,100000;FM;OFF;1;OFF;88,5Hz;88,5Hz;023;BOTH N;;;;;;OFF;160,925000;OFF;0,100000;FM;OFF;1;;;;;;;;;;
22;Marine VHC C;35;Marine Coast 67;OFF;156,375000;OFF;0,100000;FM;OFF;1;OFF;88,5Hz;88,5Hz;023;BOTH N;;;;;;OFF;156,375000;OFF;0,100000;FM;OFF;1;;;;;;;;;;
22;Marine VHC C;36;Marine Coast 68;OFF;156,425000;OFF;0,100000;FM;OFF;1;OFF;88,5Hz;88,5Hz;023;BOTH N;;;;;;OFF;156,425000;OFF;0,100000;FM;OFF;1;;;;;;;;;;
22;Marine VHC C;37;Marine Coast 69;OFF;156,475000;OFF;0,100000;FM;OFF;1;OFF;88,5Hz;88,5Hz;023;BOTH N;;;;;;OFF;156,475000;OFF;0,100000;FM;OFF;1;;;;;;;;;;
22;Marine VHC C;38;Marine Coast 70;OFF;156,525000;OFF;0,100000;FM;OFF;1;OFF;88,5Hz;88,5Hz;023;BOTH N;;;;;;OFF;156,525000;OFF;0,100000;FM;OFF;1;;;;;;;;;;
22;Marine VHC C;39;Marine Coast 71;OFF;156,575000;OFF;0,100000;FM;OFF;1;OFF;88,5Hz;88,5Hz;023;BOTH N;;;;;;OFF;156,575000;OFF;0,100000;FM;OFF;1;;;;;;;;;;
22;Marine VHC C;40;Marine Coast 72;OFF;156,625000;OFF;0,100000;FM;OFF;1;OFF;88,5Hz;88,5Hz;023;BOTH N;;;;;;OFF;156,625000;OFF;0,100000;FM;OFF;1;;;;;;;;;;
22;Marine VHC C;41;Marine Coast 73;OFF;156,675000;OFF;0,100000;FM;OFF;1;OFF;88,5Hz;88,5Hz;023;BOTH N;;;;;;OFF;156,675000;OFF;0,100000;FM;OFF;1;;;;;;;;;;
22;Marine VHC C;42;Marine Coast 74;OFF;156,725000;OFF;0,100000;FM;OFF;1;OFF;88,5Hz;88,5Hz;023;BOTH N;;;;;;OFF;156,725000;OFF;0,100000;FM;OFF;1;;;;;;;;;;
22;Marine VHC C;43;Marine Coast 75;OFF;156,775000;OFF;0,100000;FM;OFF;1;OFF;88,5Hz;88,5Hz;023;BOTH N;;;;;;OFF;156,775000;OFF;0,100000;FM;OFF;1;;;;;;;;;;
22;Marine VHC C;44;Marine Coast 76;OFF;156,825000;OFF;0,100000;FM;OFF;1;OFF;88,5Hz;88,5Hz;023;BOTH N;;;;;;OFF;156,825000;OFF;0,100000;FM;OFF;1;;;;;;;;;;
22;Marine VHC C;45;Marine Coast 77;OFF;156,875000;OFF;0,100000;FM;OFF;1;OFF;88,5Hz;88,5Hz;023;BOTH N;;;;;;OFF;156,875000;OFF;0,100000;FM;OFF;1;;;;;;;;;;
22;Marine VHC C;46;Marine Coast 78;OFF;161,525000;OFF;0,100000;FM;OFF;1;OFF;88,5Hz;88,5Hz;023;BOTH N;;;;;;OFF;161,525000;OFF;0,100000;FM;OFF;1;;;;;;;;;;
22;Marine VHC C;47;Marine Coast 79;OFF;161,575000;OFF;0,100000;FM;OFF;1;OFF;88,5Hz;88,5Hz;023;BOTH N;;;;;;OFF;161,575000;OFF;0,100000;FM;OFF;1;;;;;;;;;;
22;Marine VHC C;48;Marine Coast 80;OFF;161,625000;OFF;0,100000;FM;OFF;1;OFF;88,5Hz;88,5Hz;023;BOTH N;;;;;;OFF;161,625000;OFF;0,100000;FM;OFF;1;;;;;;;;;;
22;Marine VHC C;49;Marine Coast 81;OFF;161,675000;OFF;0,100000;FM;OFF;1;OFF;88,5Hz;88,5Hz;023;BOTH N;;;;;;OFF;161,675000;OFF;0,100000;FM;OFF;1;;;;;;;;;;
22;Marine VHC C;50;Marine Coast 82;OFF;161,725000;OFF;0,100000;FM;OFF;1;OFF;88,5Hz;88,5Hz;023;BOTH N;;;;;;OFF;161,725000;OFF;0,100000;FM;OFF;1;;;;;;;;;;
22;Marine VHC C;51;Marine Coast 83;OFF;161,775000;OFF;0,100000;FM;OFF;1;OFF;88,5Hz;88,5Hz;023;BOTH N;;;;;;OFF;161,775000;OFF;0,100000;FM;OFF;1;;;;;;;;;;
22;Marine VHC C;52;Marine Coast 84;OFF;161,825000;OFF;0,100000;FM;OFF;1;OFF;88,5Hz;88,5Hz;023;BOTH N;;;;;;OFF;161,825000;OFF;0,100000;FM;OFF;1;;;;;;;;;;
22;Marine VHC C;53;Marine Coast 85;OFF;161,875000;OFF;0,100000;FM;OFF;1;OFF;88,5Hz;88,5Hz;023;BOTH N;;;;;;OFF;161,875000;OFF;0,100000;FM;OFF;1;;;;;;;;;;
22;Marine VHC C;54;Marine Coast 86;OFF;161,925000;OFF;0,100000;FM;OFF;1;OFF;88,5Hz;88,5Hz;023;BOTH N;;;;;;OFF;161,925000;OFF;0,100000;FM;OFF;1;;;;;;;;;;
22;Marine VHC C;55;Marine Coast 87;OFF;157,375000;OFF;0,100000;FM;OFF;1;OFF;88,5Hz;88,5Hz;023;BOTH N;;;;;;OFF;157,375000;OFF;0,100000;FM;OFF;1;;;;;;;;;;
22;Marine VHC C;56;Marine Coast 88;OFF;157,425000;OFF;0,100000;FM;OFF;1;OFF;88,5Hz;88,5Hz;023;BOTH N;;;;;;OFF;157,425000;OFF;0,100000;FM;OFF;1;;;;;;;;;;