﻿Group No;Group Name;CH No;Name;SEL;Frequency;Dup;Offset;Mode;DATA;Filter;TONE;Repeater Tone;TSQL Frequency;DTCS Code;DTCS Polarity;DV SQL;DV CSQL Code;Your Call Sign;RPT1 Call Sign;RPT2 Call Sign;Split;Frequency(2);Dup(2);Offset(2);Mode(2);DATA(2);Filter(2);TONE(2);Repeater Tone(2);TSQL Frequency(2);DTCS Code(2);DTCS Polarity(2);DV SQL(2);DV CSQL Code(2);Your Call Sign(2);RPT1 Call Sign(2);RPT2 Call Sign(2)
23;NOAA Wx Radio;00;NOAA WX1;OFF;162,550000;OFF;0,100000;FM;OFF;1;OFF;88,5Hz;88,5Hz;023;BOTH N;;;;;;OFF;162,550000;OFF;0,100000;FM;OFF;1;;;;;;;;;;
23;NOAA Wx Radio;01;NOAA WX2;OFF;162,400000;OFF;0,100000;FM;OFF;1;OFF;88,5Hz;88,5Hz;023;BOTH N;;;;;;OFF;162,400000;OFF;0,100000;FM;OFF;1;;;;;;;;;;
23;NOAA Wx Radio;02;NOAA WX3;OFF;162,475000;OFF;0,100000;FM;OFF;1;OFF;88,5Hz;88,5Hz;023;BOTH N;;;;;;OFF;162,475000;OFF;0,100000;FM;OFF;1;;;;;;;;;;
23;NOAA Wx Radio;03;NOAA WX4;OFF;162,425000;OFF;0,100000;FM;OFF;1;OFF;88,5Hz;88,5Hz;023;BOTH N;;;;;;OFF;162,425000;OFF;0,100000;FM;OFF;1;;;;;;;;;;
23;NOAA Wx Radio;04;NOAA WX5;OFF;162,450000;OFF;0,100000;FM;OFF;1;OFF;88,5Hz;88,5Hz;023;BOTH N;;;;;;OFF;162,450000;OFF;0,100000;FM;OFF;1;;;;;;;;;;
23;NOAA Wx Radio;05;NOAA WX6;OFF;162,500000;OFF;0,100000;FM;OFF;1;OFF;88,5Hz;88,5Hz;023;BOTH N;;;;;;OFF;162,500000;OFF;0,100000;FM;OFF;1;;;;;;;;;;
23;NOAA Wx Radio;06;NOAA WX7;OFF;162,525000;OFF;0,100000;FM;OFF;1;OFF;88,5Hz;88,5Hz;023;BOTH N;;;;;;OFF;162,525000;OFF;0,100000;FM;OFF;1;;;;;;;;;;
23;NOAA Wx Radio;07;NOAA WX#;OFF;161,650000;OFF;0,100000;FM;OFF;1;OFF;88,5Hz;88,5Hz;023;BOTH N;;;;;;OFF;161,650000;OFF;0,100000;FM;OFF;1;;;;;;;;;;
23;NOAA Wx Radio;08;NOAA WX#;OFF;161,750000;OFF;0,100000;FM;OFF;1;OFF;88,5Hz;88,5Hz;023;BOTH N;;;;;;OFF;161,750000;OFF;0,100000;FM;OFF;1;;;;;;;;;;
23;NOAA Wx Radio;09;NOAA WX#;OFF;161,775000;OFF;0,100000;FM;OFF;1;OFF;88,5Hz;88,5Hz;023;BOTH N;;;;;;OFF;161,775000;OFF;0,100000;FM;OFF;1;;;;;;;;;;
23;NOAA Wx Radio;10;NOAA WX#;OFF;162,000000;OFF;0,100000;FM;OFF;1;OFF;88,5Hz;88,5Hz;023;BOTH N;;;;;;OFF;162,000000;OFF;0,100000;FM;OFF;1;;;;;;;;;;
23;NOAA Wx Radio;11;NOAA WX#;OFF;163,275000;OFF;0,100000;FM;OFF;1;OFF;88,5Hz;88,5Hz;023;BOTH N;;;;;;OFF;163,275000;OFF;0,100000;FM;OFF;1;;;;;;;;;;