Group No;Group Name;CH No;Name;SEL;Frequency;Dup;Offset;Mode;DATA;Filter;TONE;Repeater Tone;TSQL Frequency;DTCS Code;DTCS Polarity;DV SQL;DV CSQL Code;Your Call Sign;RPT1 Call Sign;RPT2 Call Sign;Split;Frequency(2);Dup(2);Offset(2);Mode(2);DATA(2);Filter(2);TONE(2);Repeater Tone(2);TSQL Frequency(2);DTCS Code(2);DTCS Polarity(2);DV SQL(2);DV CSQL Code(2);Your Call Sign(2);RPT1 Call Sign(2);RPT2 Call Sign(2)
13;Numberstation;00;S06;OFF;4,820000;OFF;0,500000;USB;OFF;1;;;;;;;;;;;OFF;14,100000;OFF;0,500000;LSB;OFF;2;;;;;;;;;;
13;Numberstation;01;M01;OFF;4,903000;OFF;0,500000;CW;OFF;1;;;;;;;;;;;OFF;14,100000;OFF;0,500000;LSB;OFF;2;;;;;;;;;;
13;Numberstation;02;E11;OFF;4,909000;OFF;0,500000;USB;OFF;1;;;;;;;;;;;OFF;14,100000;OFF;0,500000;LSB;OFF;2;;;;;;;;;;
13;Numberstation;03;S06;OFF;5,035000;OFF;0,500000;USB;OFF;1;;;;;;;;;;;OFF;14,100000;OFF;0,500000;LSB;OFF;2;;;;;;;;;;
13;Numberstation;04;E11;OFF;5,149000;OFF;0,500000;USB;OFF;1;;;;;;;;;;;OFF;14,100000;OFF;0,500000;LSB;OFF;2;;;;;;;;;;
13;Numberstation;05;M01;OFF;5,280000;OFF;0,500000;CW;OFF;1;;;;;;;;;;;OFF;14,100000;OFF;0,500000;LSB;OFF;2;;;;;;;;;;
13;Numberstation;06;S06;OFF;5,744000;OFF;0,500000;USB;OFF;1;;;;;;;;;;;OFF;14,100000;OFF;0,500000;LSB;OFF;2;;;;;;;;;;
13;Numberstation;07;S06;OFF;5,765000;OFF;0,500000;USB;OFF;1;;;;;;;;;;;OFF;14,100000;OFF;0,500000;LSB;OFF;2;;;;;;;;;;
13;Numberstation;08;E11;OFF;5,779000;OFF;0,500000;USB;OFF;1;;;;;;;;;;;OFF;14,100000;OFF;0,500000;LSB;OFF;2;;;;;;;;;;
13;Numberstation;09;E07;OFF;5,811000;OFF;0,500000;USB;OFF;1;;;;;;;;;;;OFF;14,100000;OFF;0,500000;LSB;OFF;2;;;;;;;;;;
13;Numberstation;10;E07;OFF;5,887000;OFF;0,500000;USB;OFF;1;;;;;;;;;;;OFF;14,100000;OFF;0,500000;LSB;OFF;2;;;;;;;;;;
13;Numberstation;11;E11;OFF;5,941000;OFF;0,500000;USB;OFF;1;;;;;;;;;;;OFF;14,100000;OFF;0,500000;LSB;OFF;2;;;;;;;;;;
13;Numberstation;12;S06;OFF;5,975000;OFF;0,500000;USB;OFF;1;;;;;;;;;;;OFF;14,100000;OFF;0,500000;LSB;OFF;2;;;;;;;;;;
13;Numberstation;13;S06;OFF;6,190000;OFF;0,500000;USB;OFF;1;;;;;;;;;;;OFF;14,100000;OFF;0,500000;LSB;OFF;2;;;;;;;;;;
13;Numberstation;14;S11;OFF;6,252000;OFF;0,500000;USB;OFF;1;;;;;;;;;;;OFF;14,100000;OFF;0,500000;LSB;OFF;2;;;;;;;;;;
13;Numberstation;15;S11;OFF;6,480000;OFF;0,500000;USB;OFF;1;;;;;;;;;;;OFF;14,100000;OFF;0,500000;LSB;OFF;2;;;;;;;;;;
13;Numberstation;16;E11;OFF;6,923000;OFF;0,500000;USB;OFF;1;;;;;;;;;;;OFF;14,100000;OFF;0,500000;LSB;OFF;2;;;;;;;;;;
13;Numberstation;17;E11;OFF;6,940000;OFF;0,500000;USB;OFF;1;;;;;;;;;;;OFF;14,100000;OFF;0,500000;LSB;OFF;2;;;;;;;;;;
13;Numberstation;18;E11;OFF;7,317000;OFF;0,500000;USB;OFF;1;;;;;;;;;;;OFF;14,100000;OFF;0,500000;LSB;OFF;2;;;;;;;;;;
13;Numberstation;19;S06;OFF;7,340000;OFF;0,500000;USB;OFF;1;;;;;;;;;;;OFF;14,100000;OFF;0,500000;LSB;OFF;2;;;;;;;;;;
13;Numberstation;20;V26;OFF;7,345000;OFF;0,500000;USB;OFF;1;;;;;;;;;;;OFF;14,100000;OFF;0,500000;LSB;OFF;2;;;;;;;;;;
13;Numberstation;21;F01;OFF;7,363000;OFF;0,500000;RTTY;OFF;1;;;;;;;;;;;OFF;14,100000;OFF;0,500000;LSB;OFF;2;;;;;;;;;;
13;Numberstation;22;S06;OFF;7,365000;OFF;0,500000;USB;OFF;1;;;;;;;;;;;OFF;14,100000;OFF;0,500000;LSB;OFF;2;;;;;;;;;;
13;Numberstation;23;E11;OFF;7,377000;OFF;0,500000;USB;OFF;1;;;;;;;;;;;OFF;14,100000;OFF;0,500000;LSB;OFF;2;;;;;;;;;;
13;Numberstation;24;S06;OFF;7,410000;OFF;0,500000;USB;OFF;1;;;;;;;;;;;OFF;14,100000;OFF;0,500000;LSB;OFF;2;;;;;;;;;;
13;Numberstation;25;S06;OFF;7,425000;OFF;0,500000;USB;OFF;1;;;;;;;;;;;OFF;14,100000;OFF;0,500000;LSB;OFF;2;;;;;;;;;;
13;Numberstation;26;E11;OFF;7,449000;OFF;0,500000;USB;OFF;1;;;;;;;;;;;OFF;14,100000;OFF;0,500000;LSB;OFF;2;;;;;;;;;;
13;Numberstation;27;E11;OFF;7,469000;OFF;0,500000;USB;OFF;1;;;;;;;;;;;OFF;14,100000;OFF;0,500000;LSB;OFF;2;;;;;;;;;;
13;Numberstation;28;E07;OFF;7,488000;OFF;0,500000;USB;OFF;1;;;;;;;;;;;OFF;14,100000;OFF;0,500000;LSB;OFF;2;;;;;;;;;;
13;Numberstation;29;S06;OFF;7,560000;OFF;0,500000;USB;OFF;1;;;;;;;;;;;OFF;14,100000;OFF;0,500000;LSB;OFF;2;;;;;;;;;;
13;Numberstation;30;E11;OFF;7,850000;OFF;0,500000;USB;OFF;1;;;;;;;;;;;OFF;14,100000;OFF;0,500000;LSB;OFF;2;;;;;;;;;;
13;Numberstation;31;E11;OFF;7,984000;OFF;0,500000;USB;OFF;1;;;;;;;;;;;OFF;14,100000;OFF;0,500000;LSB;OFF;2;;;;;;;;;;
13;Numberstation;32;E11;OFF;8,565000;OFF;0,500000;USB;OFF;1;;;;;;;;;;;OFF;14,100000;OFF;0,500000;LSB;OFF;2;;;;;;;;;;
13;Numberstation;33;HM01;OFF;9,065000;OFF;0,500000;AM;OFF;1;;;;;;;;;;;OFF;14,100000;OFF;0,500000;LSB;OFF;2;;;;;;;;;;
13;Numberstation;34;E07;OFF;9,133000;OFF;0,500000;USB;OFF;1;;;;;;;;;;;OFF;14,100000;OFF;0,500000;LSB;OFF;2;;;;;;;;;;
13;Numberstation;35;HM01;OFF;9,155000;OFF;0,500000;AM;OFF;1;;;;;;;;;;;OFF;14,100000;OFF;0,500000;LSB;OFF;2;;;;;;;;;;
13;Numberstation;36;F01;OFF;9,192000;OFF;0,500000;RTTY;OFF;1;;;;;;;;;;;OFF;14,100000;OFF;0,500000;LSB;OFF;2;;;;;;;;;;
13;Numberstation;37;HM01;OFF;9,240000;OFF;0,500000;AM;OFF;1;;;;;;;;;;;OFF;14,100000;OFF;0,500000;LSB;OFF;2;;;;;;;;;;
13;Numberstation;38;S06;OFF;9,255000;OFF;0,500000;USB;OFF;1;;;;;;;;;;;OFF;14,100000;OFF;0,500000;LSB;OFF;2;;;;;;;;;;
13;Numberstation;39;E07;OFF;9,261000;OFF;0,500000;USB;OFF;1;;;;;;;;;;;OFF;14,100000;OFF;0,500000;LSB;OFF;2;;;;;;;;;;
13;Numberstation;40;M12;OFF;9,317000;OFF;0,500000;CW;OFF;1;;;;;;;;;;;OFF;14,100000;OFF;0,500000;LSB;OFF;2;;;;;;;;;;
13;Numberstation;41;HM01;OFF;9,330000;OFF;0,500000;AM;OFF;1;;;;;;;;;;;OFF;14,100000;OFF;0,500000;LSB;OFF;2;;;;;;;;;;
13;Numberstation;42;S11;OFF;9,339000;OFF;0,500000;USB;OFF;1;;;;;;;;;;;OFF;14,100000;OFF;0,500000;LSB;OFF;2;;;;;;;;;;
13;Numberstation;43;S06;OFF;9,353000;OFF;0,500000;USB;OFF;1;;;;;;;;;;;OFF;14,100000;OFF;0,500000;LSB;OFF;2;;;;;;;;;;
13;Numberstation;44;S06;OFF;9,379000;OFF;0,500000;USB;OFF;1;;;;;;;;;;;OFF;14,100000;OFF;0,500000;LSB;OFF;2;;;;;;;;;;
13;Numberstation;45;S06;OFF;9,921000;OFF;0,500000;USB;OFF;1;;;;;;;;;;;OFF;14,100000;OFF;0,500000;LSB;OFF;2;;;;;;;;;;
13;Numberstation;46;E11;OFF;9,951000;OFF;0,500000;USB;OFF;1;;;;;;;;;;;OFF;14,100000;OFF;0,500000;LSB;OFF;2;;;;;;;;;;
13;Numberstation;47;S06;OFF;9,952000;OFF;0,500000;USB;OFF;1;;;;;;;;;;;OFF;14,100000;OFF;0,500000;LSB;OFF;2;;;;;;;;;;
13;Numberstation;48;E11;OFF;9,963000;OFF;0,500000;USB;OFF;1;;;;;;;;;;;OFF;14,100000;OFF;0,500000;LSB;OFF;2;;;;;;;;;;
13;Numberstation;49;E11;OFF;9,968000;OFF;0,500000;USB;OFF;1;;;;;;;;;;;OFF;14,100000;OFF;0,500000;LSB;OFF;2;;;;;;;;;;
13;Numberstation;50;F01;OFF;10,334000;OFF;0,500000;RTTY;OFF;1;;;;;;;;;;;OFF;14,100000;OFF;0,500000;LSB;OFF;2;;;;;;;;;;
13;Numberstation;51;HM01;OFF;10,345000;OFF;0,500000;AM;OFF;1;;;;;;;;;;;OFF;14,100000;OFF;0,500000;LSB;OFF;2;;;;;;;;;;
13;Numberstation;52;HM01;OFF;10,715000;OFF;0,500000;AM;OFF;1;;;;;;;;;;;OFF;14,100000;OFF;0,500000;LSB;OFF;2;;;;;;;;;;
13;Numberstation;53;M12;OFF;10,817000;OFF;0,500000;CW;OFF;1;;;;;;;;;;;OFF;14,100000;OFF;0,500000;LSB;OFF;2;;;;;;;;;;
13;Numberstation;54;HM01;OFF;10,860000;OFF;0,500000;AM;OFF;1;;;;;;;;;;;OFF;14,100000;OFF;0,500000;LSB;OFF;2;;;;;;;;;;
13;Numberstation;55;F01;OFF;11,141000;OFF;0,500000;RTTY;OFF;1;;;;;;;;;;;OFF;14,100000;OFF;0,500000;LSB;OFF;2;;;;;;;;;;
13;Numberstation;56;HM01;OFF;11,435000;OFF;0,500000;AM;OFF;1;;;;;;;;;;;OFF;14,100000;OFF;0,500000;LSB;OFF;2;;;;;;;;;;
13;Numberstation;57;HM01;OFF;11,462000;OFF;0,500000;AM;OFF;1;;;;;;;;;;;OFF;14,100000;OFF;0,500000;LSB;OFF;2;;;;;;;;;;
13;Numberstation;58;HM01;OFF;11,530000;OFF;0,500000;AM;OFF;1;;;;;;;;;;;OFF;14,100000;OFF;0,500000;LSB;OFF;2;;;;;;;;;;
13;Numberstation;59;E07;OFF;11,553000;OFF;0,500000;USB;OFF;1;;;;;;;;;;;OFF;14,100000;OFF;0,500000;LSB;OFF;2;;;;;;;;;;
13;Numberstation;60;S06;OFF;11,560000;OFF;0,500000;USB;OFF;1;;;;;;;;;;;OFF;14,100000;OFF;0,500000;LSB;OFF;2;;;;;;;;;;
13;Numberstation;61;S06;OFF;11,565000;OFF;0,500000;USB;OFF;1;;;;;;;;;;;OFF;14,100000;OFF;0,500000;LSB;OFF;2;;;;;;;;;;
13;Numberstation;62;E07;OFF;11,576000;OFF;0,500000;USB;OFF;1;;;;;;;;;;;OFF;14,100000;OFF;0,500000;LSB;OFF;2;;;;;;;;;;
13;Numberstation;63;E11;OFF;12,067000;OFF;0,500000;USB;OFF;1;;;;;;;;;;;OFF;14,100000;OFF;0,500000;LSB;OFF;2;;;;;;;;;;
13;Numberstation;64;E11;OFF;12,089000;OFF;0,500000;USB;OFF;1;;;;;;;;;;;OFF;14,100000;OFF;0,500000;LSB;OFF;2;;;;;;;;;;
13;Numberstation;65;E07;OFF;12,133000;OFF;0,500000;USB;OFF;1;;;;;;;;;;;OFF;14,100000;OFF;0,500000;LSB;OFF;2;;;;;;;;;;
13;Numberstation;66;S06;OFF;12,140000;OFF;0,500000;USB;OFF;1;;;;;;;;;;;OFF;14,100000;OFF;0,500000;LSB;OFF;2;;;;;;;;;;
13;Numberstation;67;E11;OFF;12,153000;OFF;0,500000;USB;OFF;1;;;;;;;;;;;OFF;14,100000;OFF;0,500000;LSB;OFF;2;;;;;;;;;;
13;Numberstation;68;S06;OFF;12,165000;OFF;0,500000;USB;OFF;1;;;;;;;;;;;OFF;14,100000;OFF;0,500000;LSB;OFF;2;;;;;;;;;;
13;Numberstation;69;E07;OFF;12,176000;OFF;0,500000;USB;OFF;1;;;;;;;;;;;OFF;14,100000;OFF;0,500000;LSB;OFF;2;;;;;;;;;;
13;Numberstation;70;E07;OFF;12,177000;OFF;0,500000;USB;OFF;1;;;;;;;;;;;OFF;14,100000;OFF;0,500000;LSB;OFF;2;;;;;;;;;;
13;Numberstation;71;HM01;OFF;12,180000;OFF;0,500000;AM;OFF;1;;;;;;;;;;;OFF;14,100000;OFF;0,500000;LSB;OFF;2;;;;;;;;;;
13;Numberstation;72;F01;OFF;12,185000;OFF;0,500000;RTTY;OFF;1;;;;;;;;;;;OFF;14,100000;OFF;0,500000;LSB;OFF;2;;;;;;;;;;
13;Numberstation;73;M12;OFF;12,217000;OFF;0,500000;CW;OFF;1;;;;;;;;;;;OFF;14,100000;OFF;0,500000;LSB;OFF;2;;;;;;;;;;
13;Numberstation;74;S06;OFF;12,365000;OFF;0,500000;USB;OFF;1;;;;;;;;;;;OFF;14,100000;OFF;0,500000;LSB;OFF;2;;;;;;;;;;
13;Numberstation;75;XPA;OFF;13,368000;OFF;0,500000;USB;OFF;1;;;;;;;;;;;OFF;14,100000;OFF;0,500000;LSB;OFF;2;;;;;;;;;;
13;Numberstation;76;HM01;OFF;13,435000;OFF;0,500000;AM;OFF;1;;;;;;;;;;;OFF;14,100000;OFF;0,500000;LSB;OFF;2;;;;;;;;;;
13;Numberstation;77;S06;OFF;13,515000;OFF;0,500000;USB;OFF;1;;;;;;;;;;;OFF;14,100000;OFF;0,500000;LSB;OFF;2;;;;;;;;;;
13;Numberstation;78;S11;OFF;13,537000;OFF;0,500000;USB;OFF;1;;;;;;;;;;;OFF;14,100000;OFF;0,500000;LSB;OFF;2;;;;;;;;;;
13;Numberstation;79;XPA;OFF;13,891000;OFF;0,500000;USB;OFF;1;;;;;;;;;;;OFF;14,100000;OFF;0,500000;LSB;OFF;2;;;;;;;;;;
13;Numberstation;80;HM01;OFF;14,375000;OFF;0,500000;AM;OFF;1;;;;;;;;;;;OFF;14,100000;OFF;0,500000;LSB;OFF;2;;;;;;;;;;
13;Numberstation;81;F01;OFF;14,428000;OFF;0,500000;RTTY;OFF;1;;;;;;;;;;;OFF;14,100000;OFF;0,500000;LSB;OFF;2;;;;;;;;;;
13;Numberstation;82;S06;OFF;14,535000;OFF;0,500000;USB;OFF;1;;;;;;;;;;;OFF;14,100000;OFF;0,500000;LSB;OFF;2;;;;;;;;;;
13;Numberstation;83;E06;OFF;14,565000;OFF;0,500000;USB;OFF;1;;;;;;;;;;;OFF;14,100000;OFF;0,500000;LSB;OFF;2;;;;;;;;;;
13;Numberstation;84;XPA;OFF;14,891000;OFF;0,500000;USB;OFF;1;;;;;;;;;;;OFF;14,100000;OFF;0,500000;LSB;OFF;2;;;;;;;;;;
13;Numberstation;85;E11;OFF;15,632000;OFF;0,500000;USB;OFF;1;;;;;;;;;;;OFF;14,100000;OFF;0,500000;LSB;OFF;2;;;;;;;;;;
13;Numberstation;86;S11;OFF;15,690000;OFF;0,500000;USB;OFF;1;;;;;;;;;;;OFF;14,100000;OFF;0,500000;LSB;OFF;2;;;;;;;;;;
13;Numberstation;87;E11;OFF;15,720000;OFF;0,500000;USB;OFF;1;;;;;;;;;;;OFF;14,100000;OFF;0,500000;LSB;OFF;2;;;;;;;;;;
13;Numberstation;88;E11;OFF;15,800000;OFF;0,500000;USB;OFF;1;;;;;;;;;;;OFF;14,100000;OFF;0,500000;LSB;OFF;2;;;;;;;;;;
13;Numberstation;89;E07;OFF;15,823000;OFF;0,500000;USB;OFF;1;;;;;;;;;;;OFF;14,100000;OFF;0,500000;LSB;OFF;2;;;;;;;;;;
13;Numberstation;90;S06;OFF;15,855000;OFF;0,500000;USB;OFF;1;;;;;;;;;;;OFF;14,100000;OFF;0,500000;LSB;OFF;2;;;;;;;;;;
13;Numberstation;91;S06;OFF;15,945000;OFF;0,500000;USB;OFF;1;;;;;;;;;;;OFF;14,100000;OFF;0,500000;LSB;OFF;2;;;;;;;;;;
13;Numberstation;92;HM01;OFF;16,180000;OFF;0,500000;AM;OFF;1;;;;;;;;;;;OFF;14,100000;OFF;0,500000;LSB;OFF;2;;;;;;;;;;
13;Numberstation;93;E11;OFF;17,378000;OFF;0,500000;USB;OFF;1;;;;;;;;;;;OFF;14,100000;OFF;0,500000;LSB;OFF;2;;;;;;;;;;
13;Numberstation;94;E11;OFF;17,410000;OFF;0,500000;USB;OFF;1;;;;;;;;;;;OFF;14,100000;OFF;0,500000;LSB;OFF;2;;;;;;;;;;
13;Numberstation;95;E07;OFF;17,453000;OFF;0,500000;USB;OFF;1;;;;;;;;;;;OFF;14,100000;OFF;0,500000;LSB;OFF;2;;;;;;;;;;
13;Numberstation;96;E07;OFF;17,462000;OFF;0,500000;USB;OFF;1;;;;;;;;;;;OFF;14,100000;OFF;0,500000;LSB;OFF;2;;;;;;;;;;
13;Numberstation;97;F01;OFF;17,471000;OFF;0,500000;RTTY;OFF;1;;;;;;;;;;;OFF;14,100000;OFF;0,500000;LSB;OFF;2;;;;;;;;;;
