Group No;Group Name;CH No;Name;SEL;Frequency;Dup;Offset;Mode;DATA;Filter;TONE;Repeater Tone;TSQL Frequency;DTCS Code;DTCS Polarity;DV SQL;DV CSQL Code;Your Call Sign;RPT1 Call Sign;RPT2 Call Sign;Split;Frequency(2);Dup(2);Offset(2);Mode(2);DATA(2);Filter(2);TONE(2);Repeater Tone(2);TSQL Frequency(2);DTCS Code(2);DTCS Polarity(2);DV SQL(2);DV CSQL Code(2);Your Call Sign(2);RPT1 Call Sign(2);RPT2 Call Sign(2)
10;Time Signal;00;RWM;OFF;4,996000;OFF;0,500000;CW;OFF;2;;;;;;;;;;;OFF;14,100000;OFF;0,500000;LSB;OFF;2;;;;;;;;;;
10;Time Signal;01;RWM;OFF;9,996000;OFF;0,500000;CW;OFF;2;;;;;;;;;;;OFF;14,100000;OFF;0,500000;LSB;OFF;2;;;;;;;;;;
10;Time Signal;02;RWM;OFF;14,996000;OFF;0,500000;CW;OFF;2;;;;;;;;;;;OFF;14,100000;OFF;0,500000;LSB;OFF;2;;;;;;;;;;
10;Time Signal;03;WWV;OFF;2,500000;OFF;0,500000;AM;OFF;1;;;;;;;;;;;OFF;2,500000;OFF;0,500000;LSB;OFF;2;;;;;;;;;;
10;Time Signal;04;WWV;OFF;5,000000;OFF;0,500000;AM;OFF;1;;;;;;;;;;;OFF;14,100000;OFF;0,500000;LSB;OFF;2;;;;;;;;;;
10;Time Signal;05;WWV;OFF;10,000000;OFF;0,500000;AM;OFF;1;;;;;;;;;;;OFF;14,100000;OFF;0,500000;LSB;OFF;2;;;;;;;;;;
10;Time Signal;06;WWV;OFF;15,000000;OFF;0,500000;AM;OFF;1;;;;;;;;;;;OFF;14,100000;OFF;0,500000;LSB;OFF;2;;;;;;;;;;
10;Time Signal;07;WWV;OFF;20,000000;OFF;0,500000;AM;OFF;1;;;;;;;;;;;OFF;14,100000;OFF;0,500000;LSB;OFF;2;;;;;;;;;;
10;Time Signal;08;CHU;OFF;3,333000;OFF;0,500000;USB;OFF;1;;;;;;;;;;;OFF;14,100000;OFF;0,500000;LSB;OFF;2;;;;;;;;;;
10;Time Signal;09;CHU;OFF;7,850000;OFF;0,500000;USB;OFF;1;;;;;;;;;;;OFF;14,100000;OFF;0,500000;LSB;OFF;2;;;;;;;;;;
10;Time Signal;10;CHU;OFF;14,670000;OFF;0,500000;USB;OFF;1;;;;;;;;;;;OFF;14,100000;OFF;0,500000;LSB;OFF;2;;;;;;;;;;
10;Time Signal;11;PLC;OFF;11,440000;OFF;0,500000;CW;OFF;2;;;;;;;;;;;OFF;11,440000;OFF;0,500000;USB;OFF;2;;;;;;;;;;
10;Time Signal;12;MIKES;OFF;25,000000;OFF;0,500000;CW;OFF;2;;;;;;;;;;;OFF;14,100000;OFF;0,500000;LSB;OFF;2;;;;;;;;;;
