Group No;Group Name;CH No;Name;SEL;Frequency;Dup;Offset;Mode;DATA;Filter;TONE;Repeater Tone;TSQL Frequency;DTCS Code;DTCS Polarity;DV SQL;DV CSQL Code;Your Call Sign;RPT1 Call Sign;RPT2 Call Sign;Split;Frequency(2);Dup(2);Offset(2);Mode(2);DATA(2);Filter(2);TONE(2);Repeater Tone(2);TSQL Frequency(2);DTCS Code(2);DTCS Polarity(2);DV SQL(2);DV CSQL Code(2);Your Call Sign(2);RPT1 Call Sign(2);RPT2 Call Sign(2)
05;Utility;00;187m PirateRadio;OFF;1,615000;OFF;0,500000;AM;OFF;1;;;;;;;;;;;OFF;14,100000;OFF;0,500000;LSB;OFF;2;;;;;;;;;;
05;Utility;01;58m Pirate Radio;OFF;5,100000;OFF;0,500000;AM;OFF;1;;;;;;;;;;;OFF;14,100000;OFF;0,500000;LSB;OFF;2;;;;;;;;;;
05;Utility;02;48m Pirate Radio;OFF;6,200000;OFF;0,500000;AM;OFF;1;;;;;;;;;;;OFF;14,100000;OFF;0,500000;LSB;OFF;2;;;;;;;;;;
05;Utility;03;43m Pirate Radio;OFF;6,900000;OFF;0,500000;AM;OFF;1;;;;;;;;;;;OFF;14,100000;OFF;0,500000;LSB;OFF;2;;;;;;;;;;
05;Utility;04;24m Pirate Radio;OFF;12,100000;OFF;0,500000;AM;OFF;1;;;;;;;;;;;OFF;14,100000;OFF;0,500000;LSB;OFF;2;;;;;;;;;;
05;Utility;05;Alice Radio;OFF;6,305000;OFF;0,500000;AM;OFF;1;;;;;;;;;;;OFF;14,100000;OFF;0,500000;LSB;OFF;2;;;;;;;;;;
05;Utility;06;Bogusman Radio;OFF;6,320000;OFF;0,500000;AM;OFF;1;;;;;;;;;;;OFF;14,100000;OFF;0,500000;LSB;OFF;2;;;;;;;;;;
05;Utility;07;Monolith Buzzer;OFF;4,625000;OFF;0,500000;USB;OFF;1;;;;;;;;;;;OFF;14,100000;OFF;0,500000;LSB;OFF;2;;;;;;;;;;
05;Utility;08;Monolith SqWheel;OFF;3,828000;OFF;0,500000;USB;OFF;1;;;;;;;;;;;OFF;14,100000;OFF;0,500000;LSB;OFF;2;;;;;;;;;;
05;Utility;09;Monolith SqWheel;OFF;5,473000;OFF;0,500000;USB;OFF;1;;;;;;;;;;;OFF;14,100000;OFF;0,500000;LSB;OFF;2;;;;;;;;;;
05;Utility;10;Monolith The Pip;OFF;3,756000;OFF;0,500000;USB;OFF;1;;;;;;;;;;;OFF;14,100000;OFF;0,500000;LSB;OFF;2;;;;;;;;;;
05;Utility;11;Monolith The Pip;OFF;5,448000;OFF;0,500000;USB;OFF;1;;;;;;;;;;;OFF;14,100000;OFF;0,500000;LSB;OFF;2;;;;;;;;;;
05;Utility;12;Monolith Goose;OFF;3,243000;OFF;0,500000;USB;OFF;1;;;;;;;;;;;OFF;14,100000;OFF;0,500000;LSB;OFF;2;;;;;;;;;;
05;Utility;13;Monolith Goose;OFF;4,310000;OFF;0,500000;USB;OFF;1;;;;;;;;;;;OFF;14,100000;OFF;0,500000;LSB;OFF;2;;;;;;;;;;
05;Utility;14;Monolith Alarm;OFF;4,770000;OFF;0,500000;USB;OFF;1;;;;;;;;;;;OFF;14,100000;OFF;0,500000;LSB;OFF;2;;;;;;;;;;
05;Utility;15;Monolith AirHorn;OFF;3,510000;OFF;0,500000;USB;OFF;1;;;;;;;;;;;OFF;14,100000;OFF;0,500000;LSB;OFF;2;;;;;;;;;;
05;Utility;16;Monolith TMarker;OFF;4,182000;OFF;0,500000;USB;OFF;1;;;;;;;;;;;OFF;14,100000;OFF;0,500000;LSB;OFF;2;;;;;;;;;;
05;Utility;17;Monolith Katok65;OFF;3,218500;OFF;0,500000;USB;OFF;1;;;;;;;;;;;OFF;14,100000;OFF;0,500000;LSB;OFF;2;;;;;;;;;;
05;Utility;18;Monolith Katok65;OFF;4,224000;OFF;0,500000;USB;OFF;1;;;;;;;;;;;OFF;14,100000;OFF;0,500000;LSB;OFF;2;;;;;;;;;;
05;Utility;19;Monolith Baron78;OFF;3,850000;OFF;0,500000;USB;OFF;1;;;;;;;;;;;OFF;14,100000;OFF;0,500000;LSB;OFF;2;;;;;;;;;;
05;Utility;20;Monolith Baron78;OFF;4,940000;OFF;0,500000;USB;OFF;1;;;;;;;;;;;OFF;14,100000;OFF;0,500000;LSB;OFF;2;;;;;;;;;;
05;Utility;21;Monolith Vega;OFF;5,372000;OFF;0,500000;USB;OFF;1;;;;;;;;;;;OFF;14,100000;OFF;0,500000;LSB;OFF;2;;;;;;;;;;
05;Utility;22;Numberstations;OFF;5,750000;OFF;0,500000;USB;OFF;1;;;;;;;;;;;OFF;14,100000;OFF;0,500000;LSB;OFF;2;;;;;;;;;;
05;Utility;23;Numberstations;OFF;7,475000;OFF;0,500000;USB;OFF;1;;;;;;;;;;;OFF;14,100000;OFF;0,500000;LSB;OFF;2;;;;;;;;;;
05;Utility;24;Numberstations;OFF;9,100000;OFF;0,500000;USB;OFF;1;;;;;;;;;;;OFF;14,100000;OFF;0,500000;LSB;OFF;2;;;;;;;;;;
05;Utility;25;Numberstations;OFF;11,400000;OFF;0,500000;USB;OFF;1;;;;;;;;;;;OFF;14,100000;OFF;0,500000;LSB;OFF;2;;;;;;;;;;
05;Utility;26;Numberstations;OFF;14,400000;OFF;0,500000;USB;OFF;1;;;;;;;;;;;OFF;14,100000;OFF;0,500000;LSB;OFF;2;;;;;;;;;;
05;Utility;27;Atlantic Route C;OFF;8,879000;OFF;0,500000;USB;OFF;1;;;;;;;;;;;OFF;0,030000;OFF;0,500000;LSB;OFF;2;;;;;;;;;;
05;Utility;28;Atlantic Route C;OFF;13,306000;OFF;0,500000;USB;OFF;1;;;;;;;;;;;OFF;0,030000;OFF;0,500000;LSB;OFF;2;;;;;;;;;;
05;Utility;29;NDB MW Berlin;OFF;0,309000;OFF;0,500000;AM;OFF;3;;;;;;;;;;;OFF;14,100000;OFF;0,500000;LSB;OFF;2;;;;;;;;;;
05;Utility;30;NDB LMA Kempen;OFF;0,311000;OFF;0,500000;AM;OFF;3;;;;;;;;;;;OFF;0,311000;OFF;0,500000;LSB;OFF;2;;;;;;;;;;
05;Utility;31;NDB LV Koeln;OFF;0,327000;OFF;0,500000;AM;OFF;3;;;;;;;;;;;OFF;14,100000;OFF;0,500000;LSB;OFF;2;;;;;;;;;;
05;Utility;32;NDB HOS Hamburg;OFF;0,339000;OFF;0,500000;AM;OFF;3;;;;;;;;;;;OFF;14,100000;OFF;0,500000;LSB;OFF;2;;;;;;;;;;
05;Utility;33;NDB HW Hannover;OFF;0,358000;OFF;0,500000;AM;OFF;3;;;;;;;;;;;OFF;0,311000;OFF;0,500000;LSB;OFF;2;;;;;;;;;;
05;Utility;34;NDB LJ Koeln;OFF;0,365000;OFF;0,500000;AM;OFF;3;;;;;;;;;;;OFF;14,100000;OFF;0,500000;LSB;OFF;2;;;;;;;;;;
05;Utility;35;NDB MNE Muenchen;OFF;0,369000;OFF;0,500000;AM;OFF;3;;;;;;;;;;;OFF;14,100000;OFF;0,500000;LSB;OFF;2;;;;;;;;;;
05;Utility;36;NDB FW Frankfurt;OFF;0,382000;OFF;0,500000;AM;OFF;3;;;;;;;;;;;OFF;0,311000;OFF;0,500000;LSB;OFF;2;;;;;;;;;;
05;Utility;37;NDB S Leipzig;OFF;0,425000;OFF;0,500000;AM;OFF;3;;;;;;;;;;;OFF;14,100000;OFF;0,500000;LSB;OFF;2;;;;;;;;;;
05;Utility;38;85m Schwarzfunk;OFF;3,430000;OFF;0,500000;LSB;OFF;1;;;;;;;;;;;OFF;0,030000;OFF;0,500000;LSB;OFF;2;;;;;;;;;;
05;Utility;39;45m Echo Charlie;OFF;6,530000;OFF;0,500000;LSB;OFF;1;;;;;;;;;;;OFF;0,030000;OFF;0,500000;LSB;OFF;2;;;;;;;;;;
05;Utility;40;21m Schwarzfunk;OFF;13,900000;OFF;0,500000;USB;OFF;1;;;;;;;;;;;OFF;0,030000;OFF;0,500000;LSB;OFF;2;;;;;;;;;;
05;Utility;41;16m Schwarzfunk;OFF;18,010000;OFF;0,500000;USB;OFF;1;;;;;;;;;;;OFF;0,030000;OFF;0,500000;LSB;OFF;2;;;;;;;;;;
05;Utility;42;14m Schwarzfunk;OFF;20,900000;OFF;0,500000;USB;OFF;1;;;;;;;;;;;OFF;0,030000;OFF;0,500000;LSB;OFF;2;;;;;;;;;;
05;Utility;43;7m Schwarzfunk;OFF;53,525000;OFF;0,500000;USB;OFF;1;;;;;;;;;;;OFF;0,030000;OFF;0,500000;LSB;OFF;2;;;;;;;;;;
05;Utility;44;CB Pirate 555;OFF;27,555000;OFF;0,500000;USB;OFF;1;;;;;;;;;;;OFF;27,555000;OFF;0,500000;FM;OFF;1;OFF;88,5Hz;88,5Hz;023;BOTH N;;;;;
05;Utility;45;CB Pirate 580;OFF;27,580000;OFF;0,500000;USB;OFF;1;;;;;;;;;;;OFF;27,555000;OFF;0,500000;FM;OFF;1;OFF;88,5Hz;88,5Hz;023;BOTH N;;;;;
05;Utility;46;CB Pirate 595;OFF;27,595000;OFF;0,500000;USB;OFF;1;;;;;;;;;;;OFF;27,555000;OFF;0,500000;FM;OFF;1;OFF;88,5Hz;88,5Hz;023;BOTH N;;;;;
05;Utility;47;CB Pirate DW;OFF;27,765000;OFF;0,500000;FM;OFF;1;OFF;88,5Hz;88,5Hz;023;BOTH N;;;;;;OFF;27,765000;OFF;0,500000;FM;OFF;1;OFF;88,5Hz;88,5Hz;023;BOTH N;;;;;
