Group No;Group Name;CH No;Name;SEL;Frequency;Dup;Offset;Mode;DATA;Filter;TONE;Repeater Tone;TSQL Frequency;DTCS Code;DTCS Polarity;DV SQL;DV CSQL Code;Your Call Sign;RPT1 Call Sign;RPT2 Call Sign;Split;Frequency(2);Dup(2);Offset(2);Mode(2);DATA(2);Filter(2);TONE(2);Repeater Tone(2);TSQL Frequency(2);DTCS Code(2);DTCS Polarity(2);DV SQL(2);DV CSQL Code(2);Your Call Sign(2);RPT1 Call Sign(2);RPT2 Call Sign(2)
08;Weather;00;DWD Voice;OFF;5,905000;OFF;0,500000;AM;OFF;1;;;;;;;;;;;OFF;14,100000;OFF;0,500000;LSB;OFF;2;;;;;;;;;;
08;Weather;01;DWD Voice;OFF;6,180000;OFF;0,500000;AM;OFF;1;;;;;;;;;;;OFF;14,100000;OFF;0,500000;LSB;OFF;2;;;;;;;;;;
08;Weather;02;VOLMET Shannon;OFF;3,413000;OFF;0,500000;USB;OFF;1;;;;;;;;;;;OFF;14,100000;OFF;0,500000;LSB;OFF;2;;;;;;;;;;
08;Weather;03;VOLMET Shannon;OFF;5,505000;OFF;0,500000;USB;OFF;1;;;;;;;;;;;OFF;14,100000;OFF;0,500000;LSB;OFF;2;;;;;;;;;;
08;Weather;04;VOLMET Shannon;OFF;8,957000;OFF;0,500000;USB;OFF;1;;;;;;;;;;;OFF;14,100000;OFF;0,500000;LSB;OFF;2;;;;;;;;;;
08;Weather;05;VOLMET Shannon;OFF;13,264000;OFF;0,500000;USB;OFF;1;;;;;;;;;;;OFF;14,100000;OFF;0,500000;LSB;OFF;2;;;;;;;;;;
08;Weather;06;VOLMET Military;OFF;5,450000;OFF;0,500000;USB;OFF;1;;;;;;;;;;;OFF;14,100000;OFF;0,500000;LSB;OFF;2;;;;;;;;;;
08;Weather;07;VOLMET Military;OFF;11,253000;OFF;0,500000;USB;OFF;1;;;;;;;;;;;OFF;14,100000;OFF;0,500000;LSB;OFF;2;;;;;;;;;;
08;Weather;08;VOLMET Gander;OFF;3,485000;OFF;0,500000;USB;OFF;1;;;;;;;;;;;OFF;0,030000;OFF;0,500000;LSB;OFF;2;;;;;;;;;;
08;Weather;09;VOLMET Gander;OFF;6,604000;OFF;0,500000;USB;OFF;1;;;;;;;;;;;OFF;0,030000;OFF;0,500000;LSB;OFF;2;;;;;;;;;;
08;Weather;10;VOLMET Gander;OFF;10,051000;OFF;0,500000;USB;OFF;1;;;;;;;;;;;OFF;0,030000;OFF;0,500000;LSB;OFF;2;;;;;;;;;;
08;Weather;11;VOLMET Gander;OFF;13,270000;OFF;0,500000;USB;OFF;1;;;;;;;;;;;OFF;13,270000;OFF;0,500000;USB;OFF;2;;;;;;;;;;
08;Weather;12;VOLMET Rostov;OFF;2,941000;OFF;0,500000;USB;OFF;1;;;;;;;;;;;OFF;14,100000;OFF;0,500000;LSB;OFF;2;;;;;;;;;;
08;Weather;13;VOLMET Rostov;OFF;6,617000;OFF;0,500000;USB;OFF;1;;;;;;;;;;;OFF;14,100000;OFF;0,500000;LSB;OFF;2;;;;;;;;;;
08;Weather;14;VOLMET Rostov;OFF;8,939000;OFF;0,500000;USB;OFF;1;;;;;;;;;;;OFF;14,100000;OFF;0,500000;LSB;OFF;2;;;;;;;;;;
08;Weather;15;VOLMET Rostov;OFF;11,297000;OFF;0,500000;USB;OFF;1;;;;;;;;;;;OFF;14,100000;OFF;0,500000;LSB;OFF;2;;;;;;;;;;
08;Weather;16;VOLMET Khanty;OFF;3,450000;OFF;0,500000;USB;OFF;1;;;;;;;;;;;OFF;14,100000;OFF;0,500000;LSB;OFF;2;;;;;;;;;;
08;Weather;17;VOLMET Khanty;OFF;5,650000;OFF;0,500000;USB;OFF;1;;;;;;;;;;;OFF;14,100000;OFF;0,500000;LSB;OFF;2;;;;;;;;;;
08;Weather;18;VOLMET Khanty;OFF;3,450000;OFF;0,500000;USB;OFF;1;;;;;;;;;;;OFF;14,100000;OFF;0,500000;LSB;OFF;2;;;;;;;;;;
08;Weather;19;FAX DWD;OFF;3,853000;OFF;0,500000;USB;OFF;1;;;;;;;;;;;OFF;14,100000;OFF;0,500000;LSB;OFF;2;;;;;;;;;;
08;Weather;20;FAX DWD;OFF;7,878000;OFF;0,500000;USB;OFF;1;;;;;;;;;;;OFF;14,100000;OFF;0,500000;LSB;OFF;2;;;;;;;;;;
08;Weather;21;FAX DWD;OFF;13,880500;OFF;0,500000;USB;OFF;1;;;;;;;;;;;OFF;14,100000;OFF;0,500000;LSB;OFF;2;;;;;;;;;;
08;Weather;22;FAX JOMOC;OFF;2,616500;OFF;0,500000;USB;OFF;1;;;;;;;;;;;OFF;14,100000;OFF;0,500000;LSB;OFF;2;;;;;;;;;;
08;Weather;23;FAX JOMOC;OFF;4,608000;OFF;0,500000;USB;OFF;1;;;;;;;;;;;OFF;14,100000;OFF;0,500000;LSB;OFF;2;;;;;;;;;;
08;Weather;24;FAX JOMOC;OFF;8,038000;OFF;0,500000;USB;OFF;1;;;;;;;;;;;OFF;14,100000;OFF;0,500000;LSB;OFF;2;;;;;;;;;;
08;Weather;25;FAX JOMOC;OFF;11,084500;OFF;0,500000;USB;OFF;1;;;;;;;;;;;OFF;14,100000;OFF;0,500000;LSB;OFF;2;;;;;;;;;;
08;Weather;26;RTTY DWD;OFF;4,583000;OFF;0,500000;RTTY;OFF;1;;;;;;;;;;;OFF;14,100000;OFF;0,500000;LSB;OFF;2;;;;;;;;;;
08;Weather;27;RTTY DWD;OFF;7,646000;OFF;0,500000;RTTY;OFF;1;;;;;;;;;;;OFF;14,100000;OFF;0,500000;LSB;OFF;2;;;;;;;;;;
08;Weather;28;RTTY DWD;OFF;10,100800;OFF;0,500000;RTTY;OFF;1;;;;;;;;;;;OFF;14,100000;OFF;0,500000;LSB;OFF;2;;;;;;;;;;
08;Weather;29;RTTY DWD;OFF;11,039000;OFF;0,500000;RTTY;OFF;1;;;;;;;;;;;OFF;14,100000;OFF;0,500000;LSB;OFF;2;;;;;;;;;;
08;Weather;30;RTTY DWD;OFF;14,467300;OFF;0,500000;RTTY;OFF;1;;;;;;;;;;;OFF;14,467300;OFF;0,500000;USB;OFF;2;;;;;;;;;;
08;Weather;31;Navtex Int;OFF;0,518000;OFF;0,500000;USB;OFF;1;;;;;;;;;;;OFF;14,100000;OFF;0,500000;LSB;OFF;2;;;;;;;;;;
08;Weather;32;Navtex Nat;OFF;0,490000;OFF;0,500000;USB;OFF;1;;;;;;;;;;;OFF;14,100000;OFF;0,500000;LSB;OFF;2;;;;;;;;;;
08;Weather;33;TAH Istanbul;OFF;13,128000;OFF;0,500000;USB;OFF;2;;;;;;;;;;;OFF;13,128000;OFF;0,500000;USB;OFF;2;;;;;;;;;;
08;Weather;34;TAH Istanbul;OFF;8,812000;OFF;0,500000;USB;OFF;2;;;;;;;;;;;OFF;13,128000;OFF;0,500000;USB;OFF;2;;;;;;;;;;
08;Weather;35;TAH Istanbul;OFF;4,405000;OFF;0,500000;USB;OFF;2;;;;;;;;;;;OFF;13,128000;OFF;0,500000;USB;OFF;2;;;;;;;;;;
